num_atoms,num_edges,dtype,cueq_enabled,num_interactions,max_ell,hidden_irreps,edge_irreps,correlation,interaction_cls,interaction_cls_first,max_memory_allocated,max_memory_reserved,device_name,median,Steps per day,ns/day (1 fs/step)
2744,433552,float32,True,1,2,32x0e+32x1o,64x0e+32x1o,3,RealAgnosticResidualInteractionBlock,RealAgnosticResidualInteractionBlock,1814402560,1849688064,NVIDIA GH200 120GB,0.010279794514644891,8385904.309865534,8.404837263713013
2744,433552,float64,True,1,2,32x0e+32x1o,64x0e+32x1o,3,RealAgnosticResidualInteractionBlock,RealAgnosticResidualInteractionBlock,3553224192,3573547008,NVIDIA GH200 120GB,0.012268949503777549,7036155.1876120465,7.04216770746329
2744,433552,float32,True,2,2,32x0e+32x1o,64x0e+32x1o,3,RealAgnosticResidualInteractionBlock,RealAgnosticResidualInteractionBlock,6889630208,7941914624,NVIDIA GH200 120GB,0.048878105997573584,1767205.0500592443,1.767662601416861
2744,433552,float64,True,2,2,32x0e+32x1o,64x0e+32x1o,3,RealAgnosticResidualInteractionBlock,RealAgnosticResidualInteractionBlock,13699511296,16879976448,NVIDIA GH200 120GB,0.07462305450462736,1157648.8179958726,1.1578191294038005
2744,433552,float32,True,1,2,32x0e+32x1o,64x0e+32x1o,3,RealAgnosticResidualNonLinearInteractionBlock,RealAgnosticResidualInteractionBlock,1814429184,1858076672,NVIDIA GH200 120GB,0.010390526964329183,8255917.959451262,8.315266424562715
2744,433552,float64,True,1,2,32x0e+32x1o,64x0e+32x1o,3,RealAgnosticResidualNonLinearInteractionBlock,RealAgnosticResidualInteractionBlock,3553253888,3573547008,NVIDIA GH200 120GB,0.012352289981208742,6976517.691936512,6.994654443138751
2744,433552,float32,True,2,2,32x0e+32x1o,64x0e+32x1o,3,RealAgnosticResidualNonLinearInteractionBlock,RealAgnosticResidualInteractionBlock,7706674688,9279897600,NVIDIA GH200 120GB,0.056750406976789236,1519853.3037222067,1.5224560422154747
2744,433552,float64,True,2,2,32x0e+32x1o,64x0e+32x1o,3,RealAgnosticResidualNonLinearInteractionBlock,RealAgnosticResidualInteractionBlock,15331715072,18440257536,NVIDIA GH200 120GB,0.09139359201071784,943813.8114998316,0.9453616834522465
2744,433552,float32,True,1,2,32x0e+32x1o,64x0e+32x1o,3,RealAgnosticResidualInteractionBlock,RealAgnosticResidualNonLinearInteractionBlock,2625133568,2680160256,NVIDIA GH200 120GB,0.017566977010574192,4913746.5653502215,4.918319181951041
2744,433552,float64,True,1,2,32x0e+32x1o,64x0e+32x1o,3,RealAgnosticResidualInteractionBlock,RealAgnosticResidualNonLinearInteractionBlock,5172965376,5265948672,NVIDIA GH200 120GB,0.02860391599824652,3017195.8610230014,3.0205654360506617
2744,433552,float32,True,2,2,32x0e+32x1o,64x0e+32x1o,3,RealAgnosticResidualInteractionBlock,RealAgnosticResidualNonLinearInteractionBlock,7712567296,8738832384,NVIDIA GH200 120GB,0.05527064501075074,1563097.809580247,1.5632167850256544
2744,433552,float64,True,2,2,32x0e+32x1o,64x0e+32x1o,3,RealAgnosticResidualInteractionBlock,RealAgnosticResidualNonLinearInteractionBlock,15342986752,17379098624,NVIDIA GH200 120GB,0.08969135751249269,961783.5742432465,0.9633035154804716
2744,433552,float32,True,1,2,32x0e+32x1o,64x0e+32x1o,3,RealAgnosticResidualNonLinearInteractionBlock,RealAgnosticResidualNonLinearInteractionBlock,2625115136,2680160256,NVIDIA GH200 120GB,0.017634032003115863,4885689.706356284,4.89961683095128
2744,433552,float64,True,1,2,32x0e+32x1o,64x0e+32x1o,3,RealAgnosticResidualNonLinearInteractionBlock,RealAgnosticResidualNonLinearInteractionBlock,5172946944,5265948672,NVIDIA GH200 120GB,0.028472352511016652,3033617.695078209,3.0345226994000485
2744,433552,float32,True,2,2,32x0e+32x1o,64x0e+32x1o,3,RealAgnosticResidualNonLinearInteractionBlock,RealAgnosticResidualNonLinearInteractionBlock,8528860672,10076815360,NVIDIA GH200 120GB,0.06288149749161676,1373499.2630993498,1.3740130793087217
2744,433552,float64,True,2,2,32x0e+32x1o,64x0e+32x1o,3,RealAgnosticResidualNonLinearInteractionBlock,RealAgnosticResidualNonLinearInteractionBlock,16974902272,20052967424,NVIDIA GH200 120GB,0.10653934898437001,809569.2797810091,0.8109679740269056
2744,433552,float32,True,1,2,32x0e+32x1o,64x0e+16x1o,3,RealAgnosticResidualInteractionBlock,RealAgnosticResidualInteractionBlock,1814402560,1849688064,NVIDIA GH200 120GB,0.012388016999466345,6907442.268789811,6.974481872580735
2744,433552,float64,True,1,2,32x0e+32x1o,64x0e+16x1o,3,RealAgnosticResidualInteractionBlock,RealAgnosticResidualInteractionBlock,3553224192,3573547008,NVIDIA GH200 120GB,0.01332176401047036,6468198.989307153,6.485627573952905
2744,433552,float32,True,2,2,32x0e+32x1o,64x0e+16x1o,3,RealAgnosticResidualInteractionBlock,RealAgnosticResidualInteractionBlock,5956169216,6522142720,NVIDIA GH200 120GB,0.047170607023872435,1827294.880265941,1.831649102083297
2744,433552,float64,True,2,2,32x0e+32x1o,64x0e+16x1o,3,RealAgnosticResidualInteractionBlock,RealAgnosticResidualInteractionBlock,11827328512,12935233536,NVIDIA GH200 120GB,0.06729180901311338,1281067.4055754535,1.2839601322526928
2744,433552,float32,True,1,2,32x0e+32x1o,64x0e+16x1o,3,RealAgnosticResidualNonLinearInteractionBlock,RealAgnosticResidualInteractionBlock,1814429184,1858076672,NVIDIA GH200 120GB,0.012303299969062209,6944071.2661568755,7.022506174543483
2744,433552,float64,True,1,2,32x0e+32x1o,64x0e+16x1o,3,RealAgnosticResidualNonLinearInteractionBlock,RealAgnosticResidualInteractionBlock,3553253888,3573547008,NVIDIA GH200 120GB,0.013698328984901309,6302764.863944343,6.3073386611777655
2744,433552,float32,True,2,2,32x0e+32x1o,64x0e+16x1o,3,RealAgnosticResidualNonLinearInteractionBlock,RealAgnosticResidualInteractionBlock,6771664384,7306477568,NVIDIA GH200 120GB,0.05667357798665762,1521367.9251005284,1.5245199450851812
2744,433552,float64,True,2,2,32x0e+32x1o,64x0e+16x1o,3,RealAgnosticResidualNonLinearInteractionBlock,RealAgnosticResidualInteractionBlock,13457584640,14497611776,NVIDIA GH200 120GB,0.08512732249801047,1014685.4819694125,1.0149502822906156
2744,433552,float32,True,1,2,32x0e+32x1o,64x0e+16x1o,3,RealAgnosticResidualInteractionBlock,RealAgnosticResidualNonLinearInteractionBlock,2625133568,2680160256,NVIDIA GH200 120GB,0.020264877995941788,4222179.0509280795,4.2635341805315745
2744,433552,float64,True,1,2,32x0e+32x1o,64x0e+16x1o,3,RealAgnosticResidualInteractionBlock,RealAgnosticResidualNonLinearInteractionBlock,5172965376,5265948672,NVIDIA GH200 120GB,0.0312874334922526,2758522.085957611,2.7614920866358177
2744,433552,float32,True,2,2,32x0e+32x1o,64x0e+16x1o,3,RealAgnosticResidualInteractionBlock,RealAgnosticResidualNonLinearInteractionBlock,6779106816,7321157632,NVIDIA GH200 120GB,0.054136600519996136,1620364.1110144947,1.5959627898705409
2744,433552,float64,True,2,2,32x0e+32x1o,64x0e+16x1o,3,RealAgnosticResidualInteractionBlock,RealAgnosticResidualNonLinearInteractionBlock,13470484992,14547943424,NVIDIA GH200 120GB,0.08313559251837432,1040432.8499962527,1.0392660638210307
2744,433552,float32,True,1,2,32x0e+32x1o,64x0e+16x1o,3,RealAgnosticResidualNonLinearInteractionBlock,RealAgnosticResidualNonLinearInteractionBlock,2625183744,2680160256,NVIDIA GH200 120GB,0.019697727519087493,4371823.577188389,4.386292780031436
2744,433552,float64,True,1,2,32x0e+32x1o,64x0e+16x1o,3,RealAgnosticResidualNonLinearInteractionBlock,RealAgnosticResidualNonLinearInteractionBlock,5172939776,5265948672,NVIDIA GH200 120GB,0.03102579398546368,2779125.3714102143,2.784779659159745
2744,433552,float32,True,2,2,32x0e+32x1o,64x0e+16x1o,3,RealAgnosticResidualNonLinearInteractionBlock,RealAgnosticResidualNonLinearInteractionBlock,7594098688,8103395328,NVIDIA GH200 120GB,0.05841686751227826,1461074.3553231787,1.479024872085792
2744,433552,float64,True,2,2,32x0e+32x1o,64x0e+16x1o,3,RealAgnosticResidualNonLinearInteractionBlock,RealAgnosticResidualNonLinearInteractionBlock,15099954176,16108224512,NVIDIA GH200 120GB,0.09664386202348396,893673.9411173512,0.8940040080248992
2744,433552,float32,True,1,2,32x0e+32x1o,128x0e+16x1o,3,RealAgnosticResidualInteractionBlock,RealAgnosticResidualInteractionBlock,1814402560,1849688064,NVIDIA GH200 120GB,0.011668266502965707,7348672.340374196,7.404698888051609
2744,433552,float64,True,1,2,32x0e+32x1o,128x0e+16x1o,3,RealAgnosticResidualInteractionBlock,RealAgnosticResidualInteractionBlock,3553224192,3573547008,NVIDIA GH200 120GB,0.01345397499972023,6394097.997413984,6.42189390137834
2744,433552,float32,True,2,2,32x0e+32x1o,128x0e+16x1o,3,RealAgnosticResidualInteractionBlock,RealAgnosticResidualInteractionBlock,9395087360,10745806848,NVIDIA GH200 120GB,0.05716109400236746,1508830.440320005,1.5115176066508025
2744,433552,float64,True,2,2,32x0e+32x1o,128x0e+16x1o,3,RealAgnosticResidualInteractionBlock,RealAgnosticResidualInteractionBlock,18709516800,21369978880,NVIDIA GH200 120GB,0.08544421799888369,1011654.5383662765,1.0111860348599457
2744,433552,float32,True,1,2,32x0e+32x1o,128x0e+16x1o,3,RealAgnosticResidualNonLinearInteractionBlock,RealAgnosticResidualInteractionBlock,1814429184,1858076672,NVIDIA GH200 120GB,0.01218669899753877,7030724.296265751,7.089696727345886
2744,433552,float64,True,1,2,32x0e+32x1o,128x0e+16x1o,3,RealAgnosticResidualNonLinearInteractionBlock,RealAgnosticResidualInteractionBlock,3553253888,3573547008,NVIDIA GH200 120GB,0.013790092001727317,6242677.69964061,6.265367916992703
2744,433552,float32,True,2,2,32x0e+32x1o,128x0e+16x1o,3,RealAgnosticResidualNonLinearInteractionBlock,RealAgnosticResidualInteractionBlock,10211479040,11414798336,NVIDIA GH200 120GB,0.06572793100349372,1312123.0292556183,1.3145096564108716
2744,433552,float64,True,2,2,32x0e+32x1o,128x0e+16x1o,3,RealAgnosticResidualNonLinearInteractionBlock,RealAgnosticResidualInteractionBlock,20340699136,24930942976,NVIDIA GH200 120GB,0.10254618099861545,843410.0390493416,0.842547222710971
2744,433552,float32,True,1,2,32x0e+32x1o,128x0e+16x1o,3,RealAgnosticResidualInteractionBlock,RealAgnosticResidualNonLinearInteractionBlock,2625133568,2680160256,NVIDIA GH200 120GB,0.019515908003086224,4430896.401375595,4.427157577620104
2744,433552,float64,True,1,2,32x0e+32x1o,128x0e+16x1o,3,RealAgnosticResidualInteractionBlock,RealAgnosticResidualNonLinearInteractionBlock,5172965376,5268045824,NVIDIA GH200 120GB,0.030760298996028723,2802867.495215148,2.808815350304449
2744,433552,float32,True,2,2,32x0e+32x1o,128x0e+16x1o,3,RealAgnosticResidualInteractionBlock,RealAgnosticResidualNonLinearInteractionBlock,10217207808,11542724608,NVIDIA GH200 120GB,0.06318096550239716,1366516.8692172759,1.3675004696900666
2744,433552,float64,True,2,2,32x0e+32x1o,128x0e+16x1o,3,RealAgnosticResidualInteractionBlock,RealAgnosticResidualNonLinearInteractionBlock,20352716800,22982688768,NVIDIA GH200 120GB,0.1014408854971407,850640.3605551028,0.8517275808129193
2744,433552,float32,True,1,2,32x0e+32x1o,128x0e+16x1o,3,RealAgnosticResidualNonLinearInteractionBlock,RealAgnosticResidualNonLinearInteractionBlock,2625183744,2680160256,NVIDIA GH200 120GB,0.01931892200082075,4450555.459550968,4.472299230584883
2744,433552,float64,True,1,2,32x0e+32x1o,128x0e+16x1o,3,RealAgnosticResidualNonLinearInteractionBlock,RealAgnosticResidualNonLinearInteractionBlock,5172939776,5265948672,NVIDIA GH200 120GB,0.03074981999816373,2797607.2121413653,2.8097725451778093
2744,433552,float32,True,2,2,32x0e+32x1o,128x0e+16x1o,3,RealAgnosticResidualNonLinearInteractionBlock,RealAgnosticResidualNonLinearInteractionBlock,11032687104,12211716096,NVIDIA GH200 120GB,0.07121215499500977,1214225.0227813409,1.2132760201689519
2744,433552,float64,True,2,2,32x0e+32x1o,128x0e+16x1o,3,RealAgnosticResidualNonLinearInteractionBlock,RealAgnosticResidualNonLinearInteractionBlock,21983568384,26541555712,NVIDIA GH200 120GB,0.11910966400319012,725046.4616586746,0.7253819471582588
2744,433552,float32,True,1,2,32x0e+32x1o,128x0e+32x1o,3,RealAgnosticResidualInteractionBlock,RealAgnosticResidualInteractionBlock,1814402560,1849688064,NVIDIA GH200 120GB,0.011039596996852197,7809841.389783303,7.826372649711388
2744,433552,float64,True,1,2,32x0e+32x1o,128x0e+32x1o,3,RealAgnosticResidualInteractionBlock,RealAgnosticResidualInteractionBlock,3553224192,3573547008,NVIDIA GH200 120GB,0.01273017150015221,6750727.070393807,6.7870256106892946
2744,433552,float32,True,2,2,32x0e+32x1o,128x0e+32x1o,3,RealAgnosticResidualInteractionBlock,RealAgnosticResidualInteractionBlock,10114780160,11270094848,NVIDIA GH200 120GB,0.061430841000401415,1407622.6450503825,1.4064596641194516
2744,433552,float64,True,2,2,32x0e+32x1o,128x0e+32x1o,3,RealAgnosticResidualInteractionBlock,RealAgnosticResidualInteractionBlock,20153004032,22426943488,NVIDIA GH200 120GB,0.09461754900257802,911536.4091094732,0.913149842822983
2744,433552,float32,True,1,2,32x0e+32x1o,128x0e+32x1o,3,RealAgnosticResidualNonLinearInteractionBlock,RealAgnosticResidualInteractionBlock,1814429184,1858076672,NVIDIA GH200 120GB,0.011333795999235008,7549063.495056797,7.623218205606639
2744,433552,float64,True,1,2,32x0e+32x1o,128x0e+32x1o,3,RealAgnosticResidualNonLinearInteractionBlock,RealAgnosticResidualInteractionBlock,3553253888,3573547008,NVIDIA GH200 120GB,0.012974100001883926,6636837.802556706,6.65942146179343
2744,433552,float32,True,2,2,32x0e+32x1o,128x0e+32x1o,3,RealAgnosticResidualNonLinearInteractionBlock,RealAgnosticResidualInteractionBlock,10932654592,13052674048,NVIDIA GH200 120GB,0.06975677399896085,1239722.1568848244,1.2385893877673742
2744,433552,float64,True,2,2,32x0e+32x1o,128x0e+32x1o,3,RealAgnosticResidualNonLinearInteractionBlock,RealAgnosticResidualInteractionBlock,21786256384,24098373632,NVIDIA GH200 120GB,0.11114733700378565,776717.1568736047,0.777346559342733
2744,433552,float32,True,1,2,32x0e+32x1o,128x0e+32x1o,3,RealAgnosticResidualInteractionBlock,RealAgnosticResidualNonLinearInteractionBlock,2625133568,2680160256,NVIDIA GH200 120GB,0.018442372500430793,4677579.955904915,4.6848636203385325
2744,433552,float64,True,1,2,32x0e+32x1o,128x0e+32x1o,3,RealAgnosticResidualInteractionBlock,RealAgnosticResidualNonLinearInteractionBlock,5172965376,5268045824,NVIDIA GH200 120GB,0.029635516501002712,2912978.7491808273,2.9154207586385974
2744,433552,float32,True,2,2,32x0e+32x1o,128x0e+32x1o,3,RealAgnosticResidualInteractionBlock,RealAgnosticResidualNonLinearInteractionBlock,10938660864,12069109760,NVIDIA GH200 120GB,0.06750695100345183,1279197.4132021293,1.2798682019512644
2744,433552,float64,True,2,2,32x0e+32x1o,128x0e+32x1o,3,RealAgnosticResidualInteractionBlock,RealAgnosticResidualNonLinearInteractionBlock,21795214336,24037556224,NVIDIA GH200 120GB,0.10994223650050117,785397.3506700369,0.7858672221899556
2744,433552,float32,True,1,2,32x0e+32x1o,128x0e+32x1o,3,RealAgnosticResidualNonLinearInteractionBlock,RealAgnosticResidualNonLinearInteractionBlock,2625115136,2680160256,NVIDIA GH200 120GB,0.018587200000183657,4646579.001616886,4.6483601617858685
2744,433552,float64,True,1,2,32x0e+32x1o,128x0e+32x1o,3,RealAgnosticResidualNonLinearInteractionBlock,RealAgnosticResidualNonLinearInteractionBlock,5172946944,5265948672,NVIDIA GH200 120GB,0.029502096003852785,2924480.1008329787,2.928605479038395
2744,433552,float32,True,2,2,32x0e+32x1o,128x0e+32x1o,3,RealAgnosticResidualNonLinearInteractionBlock,RealAgnosticResidualNonLinearInteractionBlock,11755929088,12905873408,NVIDIA GH200 120GB,0.07527712299634004,1142596.4551331457,1.1477590609327717
2744,433552,float64,True,2,2,32x0e+32x1o,128x0e+32x1o,3,RealAgnosticResidualNonLinearInteractionBlock,RealAgnosticResidualNonLinearInteractionBlock,23428871680,25711083520,NVIDIA GH200 120GB,0.12690402750013163,680258.1376434239,0.6808294559438658
2744,433552,float32,True,1,2,32x0e+32x1o,64x0e+64x1o,3,RealAgnosticResidualInteractionBlock,RealAgnosticResidualInteractionBlock,1814402560,1849688064,NVIDIA GH200 120GB,0.011541640007635579,7411008.892612288,7.4859378686946165
2744,433552,float64,True,1,2,32x0e+32x1o,64x0e+64x1o,3,RealAgnosticResidualInteractionBlock,RealAgnosticResidualInteractionBlock,3553224192,3573547008,NVIDIA GH200 120GB,0.012896753498353064,6648847.3120910395,6.699360425166955
2744,433552,float32,True,2,2,32x0e+32x1o,64x0e+64x1o,3,RealAgnosticResidualInteractionBlock,RealAgnosticResidualInteractionBlock,6548026880,6767509504,NVIDIA GH200 120GB,0.027370053547201678,3152924.3870483735,3.156734781354988
2744,433552,float64,True,2,2,32x0e+32x1o,64x0e+64x1o,3,RealAgnosticResidualInteractionBlock,RealAgnosticResidualInteractionBlock,13016342528,13425967104,NVIDIA GH200 120GB,0.03321387100731954,2580666.0498131276,2.601322802179834
2744,433552,float32,True,1,2,32x0e+32x1o,64x0e+64x1o,3,RealAgnosticResidualNonLinearInteractionBlock,RealAgnosticResidualInteractionBlock,1814422016,1858076672,NVIDIA GH200 120GB,0.011846623005112633,7267691.560487724,7.293217650524749
2744,433552,float64,True,1,2,32x0e+32x1o,64x0e+64x1o,3,RealAgnosticResidualNonLinearInteractionBlock,RealAgnosticResidualInteractionBlock,3553246720,3573547008,NVIDIA GH200 120GB,0.012932721001561731,6629709.8103050925,6.680728671836847
2744,433552,float32,True,2,2,32x0e+32x1o,64x0e+64x1o,3,RealAgnosticResidualNonLinearInteractionBlock,RealAgnosticResidualInteractionBlock,7365916672,7885291520,NVIDIA GH200 120GB,0.03597582646762021,2385728.3974542627,2.4016126516999887
2744,433552,float64,True,2,2,32x0e+32x1o,64x0e+64x1o,3,RealAgnosticResidualNonLinearInteractionBlock,RealAgnosticResidualInteractionBlock,14650318848,15655239680,NVIDIA GH200 120GB,0.05130569500033744,1681732.6375324414,1.6840235767088187
2744,433552,float32,True,1,2,32x0e+32x1o,64x0e+64x1o,3,RealAgnosticResidualInteractionBlock,RealAgnosticResidualNonLinearInteractionBlock,2625115136,2680160256,NVIDIA GH200 120GB,0.01916246401378885,4494355.857175257,4.508814729558194
2744,433552,float64,True,1,2,32x0e+32x1o,64x0e+64x1o,3,RealAgnosticResidualInteractionBlock,RealAgnosticResidualNonLinearInteractionBlock,5172946944,5265948672,NVIDIA GH200 120GB,0.03029686800437048,2851023.9431183836,2.8517799261473615
2744,433552,float32,True,2,2,32x0e+32x1o,64x0e+64x1o,3,RealAgnosticResidualInteractionBlock,RealAgnosticResidualNonLinearInteractionBlock,7370946048,7566524416,NVIDIA GH200 120GB,0.034172630024841055,2521469.268284848,2.528339198276322
2744,433552,float64,True,2,2,32x0e+32x1o,64x0e+64x1o,3,RealAgnosticResidualInteractionBlock,RealAgnosticResidualNonLinearInteractionBlock,14659480576,15038676992,NVIDIA GH200 120GB,0.04937130201142281,1744241.1458583663,1.750004486007074
2744,433552,float32,True,1,2,32x0e+32x1o,64x0e+64x1o,3,RealAgnosticResidualNonLinearInteractionBlock,RealAgnosticResidualNonLinearInteractionBlock,2625158144,2680160256,NVIDIA GH200 120GB,0.01867092598695308,4607046.482977989,4.627515531922457
2744,433552,float64,True,1,2,32x0e+32x1o,64x0e+64x1o,3,RealAgnosticResidualNonLinearInteractionBlock,RealAgnosticResidualNonLinearInteractionBlock,5172989952,5265948672,NVIDIA GH200 120GB,0.03012832795502618,2860730.1427822094,2.8677329896625166
2744,433552,float32,True,2,2,32x0e+32x1o,64x0e+64x1o,3,RealAgnosticResidualNonLinearInteractionBlock,RealAgnosticResidualNonLinearInteractionBlock,8187787264,8682209280,NVIDIA GH200 120GB,0.04186617146478966,2056214.2114156666,2.0637186773255407
2744,433552,float64,True,2,2,32x0e+32x1o,64x0e+64x1o,3,RealAgnosticResidualNonLinearInteractionBlock,RealAgnosticResidualNonLinearInteractionBlock,16292113408,18616418304,NVIDIA GH200 120GB,0.06746704498073086,1279861.4766381027,1.2806252300612329
2744,433552,float32,True,1,2,32x0e+32x1o,64x0e+128x1o,3,RealAgnosticResidualInteractionBlock,RealAgnosticResidualInteractionBlock,1814402560,1849688064,NVIDIA GH200 120GB,0.011131971958093345,7734410.432930713,7.761428103237727
2744,433552,float64,True,1,2,32x0e+32x1o,64x0e+128x1o,3,RealAgnosticResidualInteractionBlock,RealAgnosticResidualInteractionBlock,3553224192,3573547008,NVIDIA GH200 120GB,0.013058988028205931,6604165.675180811,6.616132874414603
2744,433552,float32,True,2,2,32x0e+32x1o,64x0e+128x1o,3,RealAgnosticResidualInteractionBlock,RealAgnosticResidualInteractionBlock,13722590720,17658019840,NVIDIA GH200 120GB,0.0884519969986286,977114.8211227019,0.976801009945989
2744,433552,float64,True,2,2,32x0e+32x1o,64x0e+128x1o,3,RealAgnosticResidualInteractionBlock,RealAgnosticResidualInteractionBlock,27354119168,35198599168,NVIDIA GH200 120GB,0.15067168403766118,572987.5964364795,0.5734322314895204
2744,433552,float32,True,1,2,32x0e+32x1o,64x0e+128x1o,3,RealAgnosticResidualNonLinearInteractionBlock,RealAgnosticResidualInteractionBlock,1814429184,1858076672,NVIDIA GH200 120GB,0.01156635902589187,7438028.579704424,7.469939313364673
2744,433552,float64,True,1,2,32x0e+32x1o,64x0e+128x1o,3,RealAgnosticResidualNonLinearInteractionBlock,RealAgnosticResidualInteractionBlock,3553253888,3573547008,NVIDIA GH200 120GB,0.013181320973671973,6519774.9502566075,6.554729998045955
2744,433552,float32,True,2,2,32x0e+32x1o,64x0e+128x1o,3,RealAgnosticResidualNonLinearInteractionBlock,RealAgnosticResidualInteractionBlock,14541039104,18442354688,NVIDIA GH200 120GB,0.09689967700978741,891042.7655776183,0.8916438389291341
2744,433552,float64,True,2,2,32x0e+32x1o,64x0e+128x1o,3,RealAgnosticResidualNonLinearInteractionBlock,RealAgnosticResidualInteractionBlock,28992457216,36760977408,NVIDIA GH200 120GB,0.1683764840126969,512610.06785681006,0.5131357891609423
2744,433552,float32,True,1,2,32x0e+32x1o,64x0e+128x1o,3,RealAgnosticResidualInteractionBlock,RealAgnosticResidualNonLinearInteractionBlock,2625133568,2680160256,NVIDIA GH200 120GB,0.019065730972215533,4509040.9438267695,4.531690923674032
2744,433552,float64,True,1,2,32x0e+32x1o,64x0e+128x1o,3,RealAgnosticResidualInteractionBlock,RealAgnosticResidualNonLinearInteractionBlock,5172965376,5265948672,NVIDIA GH200 120GB,0.02957579999929294,2911592.838329325,2.921307285079881
2744,433552,float32,True,2,2,32x0e+32x1o,64x0e+128x1o,3,RealAgnosticResidualInteractionBlock,RealAgnosticResidualNonLinearInteractionBlock,14544810496,18457034752,NVIDIA GH200 120GB,0.0942330050165765,916063.4889597127,0.9168762047310431
2744,433552,float64,True,2,2,32x0e+32x1o,64x0e+128x1o,3,RealAgnosticResidualInteractionBlock,RealAgnosticResidualNonLinearInteractionBlock,28997275648,36811309056,NVIDIA GH200 120GB,0.16618403402389959,520126.3242147757,0.5199055403094528
2744,433552,float32,True,1,2,32x0e+32x1o,64x0e+128x1o,3,RealAgnosticResidualNonLinearInteractionBlock,RealAgnosticResidualNonLinearInteractionBlock,2625183744,2680160256,NVIDIA GH200 120GB,0.019130689033772796,4507154.928115238,4.516303612874152
2744,433552,float64,True,1,2,32x0e+32x1o,64x0e+128x1o,3,RealAgnosticResidualNonLinearInteractionBlock,RealAgnosticResidualNonLinearInteractionBlock,5172939776,5265948672,NVIDIA GH200 120GB,0.03021843801252544,2855733.147522773,2.8591815355971577
2744,433552,float32,True,2,2,32x0e+32x1o,64x0e+128x1o,3,RealAgnosticResidualNonLinearInteractionBlock,RealAgnosticResidualNonLinearInteractionBlock,15363868672,19239272448,NVIDIA GH200 120GB,0.10127000452484936,852342.2314078652,0.8531647688314205
2744,433552,float64,True,2,2,32x0e+32x1o,64x0e+128x1o,3,RealAgnosticResidualNonLinearInteractionBlock,RealAgnosticResidualNonLinearInteractionBlock,30635452416,38371590144,NVIDIA GH200 120GB,0.183131489000516,471930.753930225,0.47179215585232614
2744,433552,float32,True,1,2,64x0e+64x1o,64x0e+32x1o,3,RealAgnosticResidualInteractionBlock,RealAgnosticResidualInteractionBlock,2760330752,3315597312,NVIDIA GH200 120GB,0.011675980997097213,7385441.548640713,7.399806493474087
2744,433552,float64,True,1,2,64x0e+64x1o,64x0e+32x1o,3,RealAgnosticResidualInteractionBlock,RealAgnosticResidualInteractionBlock,5443924480,5523898368,NVIDIA GH200 120GB,0.014404412999283522,5986602.945398122,5.998161813625973
2744,433552,float32,True,2,2,64x0e+64x1o,64x0e+32x1o,3,RealAgnosticResidualInteractionBlock,RealAgnosticResidualInteractionBlock,7123898880,8191475712,NVIDIA GH200 120GB,0.050908107001305325,1697086.8135481025,1.6971756580496038
2744,433552,float64,True,2,2,64x0e+64x1o,64x0e+32x1o,3,RealAgnosticResidualInteractionBlock,RealAgnosticResidualInteractionBlock,14164651520,17400070144,NVIDIA GH200 120GB,0.0769148879990098,1122999.478345077,1.1233195841241075
2744,433552,float32,True,1,2,64x0e+64x1o,64x0e+32x1o,3,RealAgnosticResidualNonLinearInteractionBlock,RealAgnosticResidualInteractionBlock,2758754816,2852126720,NVIDIA GH200 120GB,0.011805225003627129,7315468.082939997,7.318793159253957
2744,433552,float64,True,1,2,64x0e+64x1o,64x0e+32x1o,3,RealAgnosticResidualNonLinearInteractionBlock,RealAgnosticResidualInteractionBlock,5442576384,5620367360,NVIDIA GH200 120GB,0.014523193996865302,5941266.665608504,5.94910458530325
2744,433552,float32,True,2,2,64x0e+64x1o,64x0e+32x1o,3,RealAgnosticResidualNonLinearInteractionBlock,RealAgnosticResidualInteractionBlock,8057195008,10089398272,NVIDIA GH200 120GB,0.0594546590000391,1452312.0164321826,1.453208233856714
2744,433552,float64,True,2,2,64x0e+64x1o,64x0e+32x1o,3,RealAgnosticResidualNonLinearInteractionBlock,RealAgnosticResidualInteractionBlock,16029812736,18958254080,NVIDIA GH200 120GB,0.09492060499906074,908755.0702638065,0.9102344006430948
2744,433552,float32,True,1,2,64x0e+64x1o,64x0e+32x1o,3,RealAgnosticResidualInteractionBlock,RealAgnosticResidualNonLinearInteractionBlock,3679735808,3860856832,NVIDIA GH200 120GB,0.02001994750025915,4311193.133474015,4.315695633012104
2744,433552,float64,True,1,2,64x0e+64x1o,64x0e+32x1o,3,RealAgnosticResidualInteractionBlock,RealAgnosticResidualNonLinearInteractionBlock,7284601344,7428112384,NVIDIA GH200 120GB,0.031952065000950824,2702473.616005773,2.7040505831916946
2744,433552,float32,True,2,2,64x0e+64x1o,64x0e+32x1o,3,RealAgnosticResidualInteractionBlock,RealAgnosticResidualNonLinearInteractionBlock,8069915136,9642704896,NVIDIA GH200 120GB,0.05812093750137137,1485727.5832358666,1.4865555119093077
2744,433552,float64,True,2,2,64x0e+64x1o,64x0e+32x1o,3,RealAgnosticResidualInteractionBlock,RealAgnosticResidualNonLinearInteractionBlock,16053786112,19207815168,NVIDIA GH200 120GB,0.09352787799434736,922157.9357397548,0.9237887339347296
2744,433552,float32,True,1,2,64x0e+64x1o,64x0e+32x1o,3,RealAgnosticResidualNonLinearInteractionBlock,RealAgnosticResidualNonLinearInteractionBlock,3679785984,3860856832,NVIDIA GH200 120GB,0.01994303700121236,4327918.40283114,4.332339151491704
2744,433552,float64,True,1,2,64x0e+64x1o,64x0e+32x1o,3,RealAgnosticResidualNonLinearInteractionBlock,RealAgnosticResidualNonLinearInteractionBlock,7284575744,7428112384,NVIDIA GH200 120GB,0.032015518998377956,2698070.9056721213,2.698691219229568
2744,433552,float32,True,2,2,64x0e+64x1o,64x0e+32x1o,3,RealAgnosticResidualNonLinearInteractionBlock,RealAgnosticResidualNonLinearInteractionBlock,9000133632,10594811904,NVIDIA GH200 120GB,0.06663256599858869,1295390.1914354684,1.2966632562496543
2744,433552,float64,True,2,2,64x0e+64x1o,64x0e+32x1o,3,RealAgnosticResidualNonLinearInteractionBlock,RealAgnosticResidualNonLinearInteractionBlock,17920126976,21097349120,NVIDIA GH200 120GB,0.11171833200205583,772741.7110466566,0.7733735229631792
2744,433552,float32,True,1,2,32x0e+32x1o,128x0e+64x1o,3,RealAgnosticResidualInteractionBlock,RealAgnosticResidualInteractionBlock,1814402560,1849688064,NVIDIA GH200 120GB,0.010537013502471382,8162984.191307277,8.199666820179694
2744,433552,float64,True,1,2,32x0e+32x1o,128x0e+64x1o,3,RealAgnosticResidualInteractionBlock,RealAgnosticResidualInteractionBlock,3553224192,3573547008,NVIDIA GH200 120GB,0.012508134001109283,6906019.896750332,6.907505147637339
2744,433552,float32,True,2,2,32x0e+32x1o,128x0e+64x1o,3,RealAgnosticResidualInteractionBlock,RealAgnosticResidualInteractionBlock,11942931456,13767802880,NVIDIA GH200 120GB,0.07128144099988276,1211165.6282585815,1.212096708316294
2744,433552,float64,True,2,2,32x0e+32x1o,128x0e+64x1o,3,RealAgnosticResidualInteractionBlock,RealAgnosticResidualInteractionBlock,23800650752,29645340672,NVIDIA GH200 120GB,0.11729465000098571,735789.6403161279,0.736606486308403
2744,433552,float32,True,1,2,32x0e+32x1o,128x0e+64x1o,3,RealAgnosticResidualNonLinearInteractionBlock,RealAgnosticResidualInteractionBlock,1814429184,1858076672,NVIDIA GH200 120GB,0.010790016000100877,7954926.637130762,8.007402398587013
2744,433552,float64,True,1,2,32x0e+32x1o,128x0e+64x1o,3,RealAgnosticResidualNonLinearInteractionBlock,RealAgnosticResidualInteractionBlock,3553253888,3573547008,NVIDIA GH200 120GB,0.012673363002249971,6804582.617998331,6.817448532379364
2744,433552,float32,True,2,2,32x0e+32x1o,128x0e+64x1o,3,RealAgnosticResidualNonLinearInteractionBlock,RealAgnosticResidualInteractionBlock,12759191040,15883829248,NVIDIA GH200 120GB,0.07947983800113434,1086573.3750523312,1.0870681442351064
2744,433552,float64,True,2,2,32x0e+32x1o,128x0e+64x1o,3,RealAgnosticResidualNonLinearInteractionBlock,RealAgnosticResidualInteractionBlock,25433554944,31652315136,NVIDIA GH200 120GB,0.1348055629969167,640369.8195048166,0.6409231049461672
2744,433552,float32,True,1,2,32x0e+32x1o,128x0e+64x1o,3,RealAgnosticResidualInteractionBlock,RealAgnosticResidualNonLinearInteractionBlock,2625133568,2680160256,NVIDIA GH200 120GB,0.018158704500820022,4754019.926131502,4.758048681066334
2744,433552,float64,True,1,2,32x0e+32x1o,128x0e+64x1o,3,RealAgnosticResidualInteractionBlock,RealAgnosticResidualNonLinearInteractionBlock,5172965376,5265948672,NVIDIA GH200 120GB,0.028963664000912104,2981476.379988289,2.983048001015312
2744,433552,float32,True,2,2,32x0e+32x1o,128x0e+64x1o,3,RealAgnosticResidualInteractionBlock,RealAgnosticResidualNonLinearInteractionBlock,12765567488,15678308352,NVIDIA GH200 120GB,0.07753412400052184,1114446.9287579206,1.1143480514388542
2744,433552,float64,True,2,2,32x0e+32x1o,128x0e+64x1o,3,RealAgnosticResidualInteractionBlock,RealAgnosticResidualNonLinearInteractionBlock,25443850240,31258050560,NVIDIA GH200 120GB,0.13221591250112397,652410.9863431895,0.6534765624316629
2744,433552,float32,True,1,2,32x0e+32x1o,128x0e+64x1o,3,RealAgnosticResidualNonLinearInteractionBlock,RealAgnosticResidualNonLinearInteractionBlock,2625115136,2680160256,NVIDIA GH200 120GB,0.018029586997727165,4786225.803492513,4.792123081404566
2744,433552,float64,True,1,2,32x0e+32x1o,128x0e+64x1o,3,RealAgnosticResidualNonLinearInteractionBlock,RealAgnosticResidualNonLinearInteractionBlock,5172946944,5265948672,NVIDIA GH200 120GB,0.02902038199681556,2974889.0773961972,2.9772178743023017
2744,433552,float32,True,2,2,32x0e+32x1o,128x0e+64x1o,3,RealAgnosticResidualNonLinearInteractionBlock,RealAgnosticResidualNonLinearInteractionBlock,13581353984,16682844160,NVIDIA GH200 120GB,0.08509224899898982,1014511.755010982,1.0153686265951876
2744,433552,float64,True,2,2,32x0e+32x1o,128x0e+64x1o,3,RealAgnosticResidualNonLinearInteractionBlock,RealAgnosticResidualNonLinearInteractionBlock,27075534336,33262927872,NVIDIA GH200 120GB,0.1494272634954541,578180.6845804974,0.5782077378578808
2744,433552,float32,True,1,2,64x0e+64x1o,64x0e+16x1o,3,RealAgnosticResidualInteractionBlock,RealAgnosticResidualInteractionBlock,2760330752,3315597312,NVIDIA GH200 120GB,0.011754186998587102,7347715.885056392,7.3505721842255545
2744,433552,float64,True,1,2,64x0e+64x1o,64x0e+16x1o,3,RealAgnosticResidualInteractionBlock,RealAgnosticResidualInteractionBlock,5443924480,5523898368,NVIDIA GH200 120GB,0.014415965000807773,5990666.811206902,5.993355283198782
2744,433552,float32,True,2,2,64x0e+64x1o,64x0e+16x1o,3,RealAgnosticResidualInteractionBlock,RealAgnosticResidualInteractionBlock,6191131136,7858028544,NVIDIA GH200 120GB,0.044682959000056144,1933898.5364307286,1.9336230619796564
2744,433552,float64,True,2,2,64x0e+64x1o,64x0e+16x1o,3,RealAgnosticResidualInteractionBlock,RealAgnosticResidualInteractionBlock,12300240896,14512291840,NVIDIA GH200 120GB,0.06637820149990148,1303235.5126684895,1.3016321329544946
2744,433552,float32,True,1,2,64x0e+64x1o,64x0e+16x1o,3,RealAgnosticResidualNonLinearInteractionBlock,RealAgnosticResidualInteractionBlock,2758754816,2852126720,NVIDIA GH200 120GB,0.011993780502962181,7180363.813980852,7.203733633332813
2744,433552,float64,True,1,2,64x0e+64x1o,64x0e+16x1o,3,RealAgnosticResidualNonLinearInteractionBlock,RealAgnosticResidualInteractionBlock,5442576384,5620367360,NVIDIA GH200 120GB,0.014521067005262012,5938353.52873732,5.94997598790028
2744,433552,float32,True,2,2,64x0e+64x1o,64x0e+16x1o,3,RealAgnosticResidualNonLinearInteractionBlock,RealAgnosticResidualInteractionBlock,7121513472,9059696640,NVIDIA GH200 120GB,0.05279094800062012,1636165.7764066185,1.6366442216378665
2744,433552,float64,True,2,2,64x0e+64x1o,64x0e+16x1o,3,RealAgnosticResidualNonLinearInteractionBlock,RealAgnosticResidualInteractionBlock,14161084416,16458448896,NVIDIA GH200 120GB,0.08356968650332419,1032468.6422379237,1.0338677050866194
2744,433552,float32,True,1,2,64x0e+64x1o,64x0e+16x1o,3,RealAgnosticResidualInteractionBlock,RealAgnosticResidualNonLinearInteractionBlock,3679735808,3860856832,NVIDIA GH200 120GB,0.02015474299696507,4261373.3903427925,4.286832137378791
2744,433552,float64,True,1,2,64x0e+64x1o,64x0e+16x1o,3,RealAgnosticResidualInteractionBlock,RealAgnosticResidualNonLinearInteractionBlock,7284601344,7428112384,NVIDIA GH200 120GB,0.03202675050124526,2697781.7779572345,2.697744811689235
2744,433552,float32,True,2,2,64x0e+64x1o,64x0e+16x1o,3,RealAgnosticResidualInteractionBlock,RealAgnosticResidualNonLinearInteractionBlock,7136968192,8753512448,NVIDIA GH200 120GB,0.051243456997326575,1681935.7230363039,1.6860689161644107
2744,433552,float64,True,2,2,64x0e+64x1o,64x0e+16x1o,3,RealAgnosticResidualInteractionBlock,RealAgnosticResidualNonLinearInteractionBlock,14189163008,16317939712,NVIDIA GH200 120GB,0.08236663400020916,1048374.8747386803,1.0489684451568169
2744,433552,float32,True,1,2,64x0e+64x1o,64x0e+16x1o,3,RealAgnosticResidualNonLinearInteractionBlock,RealAgnosticResidualNonLinearInteractionBlock,3679785984,3860856832,NVIDIA GH200 120GB,0.020010314998216927,4314315.729473351,4.317773108904028
2744,433552,float64,True,1,2,64x0e+64x1o,64x0e+16x1o,3,RealAgnosticResidualNonLinearInteractionBlock,RealAgnosticResidualNonLinearInteractionBlock,7284575744,7428112384,NVIDIA GH200 120GB,0.03207094100071117,2691293.1024685185,2.6940275933308
2744,433552,float32,True,2,2,64x0e+64x1o,64x0e+16x1o,3,RealAgnosticResidualNonLinearInteractionBlock,RealAgnosticResidualNonLinearInteractionBlock,8067403776,9955180544,NVIDIA GH200 120GB,0.05974710200098343,1444757.7572920967,1.4460952432233092
2744,433552,float64,True,2,2,64x0e+64x1o,64x0e+16x1o,3,RealAgnosticResidualNonLinearInteractionBlock,RealAgnosticResidualNonLinearInteractionBlock,16049944576,18266193920,NVIDIA GH200 120GB,0.10071745099776308,858603.4583174982,0.8578453797636214
2744,433552,float32,True,1,2,64x0e+64x1o,128x0e+16x1o,3,RealAgnosticResidualInteractionBlock,RealAgnosticResidualInteractionBlock,2760330752,3315597312,NVIDIA GH200 120GB,0.011816440848633647,7300341.915666612,7.311846359387528
2744,433552,float64,True,1,2,64x0e+64x1o,128x0e+16x1o,3,RealAgnosticResidualInteractionBlock,RealAgnosticResidualInteractionBlock,5443924480,5523898368,NVIDIA GH200 120GB,0.01451526302844286,5946060.401735159,5.952355105842588
2744,433552,float32,True,2,2,64x0e+64x1o,128x0e+16x1o,3,RealAgnosticResidualInteractionBlock,RealAgnosticResidualInteractionBlock,9630312448,10854858752,NVIDIA GH200 120GB,0.055025039007887244,1570427.2322609585,1.5701942526131694
2744,433552,float64,True,2,2,64x0e+64x1o,128x0e+16x1o,3,RealAgnosticResidualInteractionBlock,RealAgnosticResidualInteractionBlock,19181118464,21502099456,NVIDIA GH200 120GB,0.08512035058811307,1013308.7406409591,1.015033413314743
2744,433552,float32,True,1,2,64x0e+64x1o,128x0e+16x1o,3,RealAgnosticResidualNonLinearInteractionBlock,RealAgnosticResidualInteractionBlock,2758754816,2852126720,NVIDIA GH200 120GB,0.011841111816465855,7292144.954917134,7.2966121204813765
2744,433552,float64,True,1,2,64x0e+64x1o,128x0e+16x1o,3,RealAgnosticResidualNonLinearInteractionBlock,RealAgnosticResidualInteractionBlock,5442576384,5620367360,NVIDIA GH200 120GB,0.014538749936036766,5934768.784943056,5.94273925750954
2744,433552,float32,True,2,2,64x0e+64x1o,128x0e+16x1o,3,RealAgnosticResidualNonLinearInteractionBlock,RealAgnosticResidualInteractionBlock,10561894912,11834228736,NVIDIA GH200 120GB,0.06343698245473206,1361212.018963766,1.3619815548706797
2744,433552,float64,True,2,2,64x0e+64x1o,128x0e+16x1o,3,RealAgnosticResidualNonLinearInteractionBlock,RealAgnosticResidualInteractionBlock,21043929088,23561502720,NVIDIA GH200 120GB,0.10309759806841612,837298.0524073325,0.8380408624327456
2744,433552,float32,True,1,2,64x0e+64x1o,128x0e+16x1o,3,RealAgnosticResidualInteractionBlock,RealAgnosticResidualNonLinearInteractionBlock,3679735808,3860856832,NVIDIA GH200 120GB,0.01993576856330037,4332901.392334044,4.3339186912037695
2744,433552,float64,True,1,2,64x0e+64x1o,128x0e+16x1o,3,RealAgnosticResidualInteractionBlock,RealAgnosticResidualNonLinearInteractionBlock,7284601344,7428112384,NVIDIA GH200 120GB,0.032018778496421874,2696479.4749437706,2.698416493610313
2744,433552,float32,True,2,2,64x0e+64x1o,128x0e+16x1o,3,RealAgnosticResidualInteractionBlock,RealAgnosticResidualNonLinearInteractionBlock,10575224320,11750342656,NVIDIA GH200 120GB,0.06206231703981757,1391002.3386854487,1.3921491191598279
2744,433552,float64,True,2,2,64x0e+64x1o,128x0e+16x1o,3,RealAgnosticResidualInteractionBlock,RealAgnosticResidualNonLinearInteractionBlock,21070831616,23420993536,NVIDIA GH200 120GB,0.10158272692933679,849098.7341655473,0.8505383012616089
2744,433552,float32,True,1,2,64x0e+64x1o,128x0e+16x1o,3,RealAgnosticResidualNonLinearInteractionBlock,RealAgnosticResidualNonLinearInteractionBlock,3679785984,3860856832,NVIDIA GH200 120GB,0.019913852913305163,4334630.202599507,4.338688267717044
2744,433552,float64,True,1,2,64x0e+64x1o,128x0e+16x1o,3,RealAgnosticResidualNonLinearInteractionBlock,RealAgnosticResidualNonLinearInteractionBlock,7284575744,7428112384,NVIDIA GH200 120GB,0.03201991994865239,2696832.383771349,2.6983202999430453
2744,433552,float32,True,2,2,64x0e+64x1o,128x0e+16x1o,3,RealAgnosticResidualNonLinearInteractionBlock,RealAgnosticResidualNonLinearInteractionBlock,11506630144,12729712640,NVIDIA GH200 120GB,0.07028481992892921,1229472.5418281425,1.229283934815031
2744,433552,float64,True,2,2,64x0e+64x1o,128x0e+16x1o,3,RealAgnosticResidualNonLinearInteractionBlock,RealAgnosticResidualNonLinearInteractionBlock,22932399104,25367150592,NVIDIA GH200 120GB,0.11970621207728982,721665.3212468667,0.7217670536948806
2744,433552,float32,True,1,2,64x0e+64x1o,128x0e+32x1o,3,RealAgnosticResidualInteractionBlock,RealAgnosticResidualInteractionBlock,2760330752,3315597312,NVIDIA GH200 120GB,0.011799049912951887,7302884.985910731,7.322623485570496
2744,433552,float64,True,1,2,64x0e+64x1o,128x0e+32x1o,3,RealAgnosticResidualInteractionBlock,RealAgnosticResidualInteractionBlock,5443924480,5523898368,NVIDIA GH200 120GB,0.01433589099906385,6013638.558519176,6.026831538105446
2744,433552,float32,True,2,2,64x0e+64x1o,128x0e+32x1o,3,RealAgnosticResidualInteractionBlock,RealAgnosticResidualInteractionBlock,10351955968,11467227136,NVIDIA GH200 120GB,0.06124048284254968,1410991.3133851222,1.4108314629415295
2744,433552,float64,True,2,2,64x0e+64x1o,128x0e+32x1o,3,RealAgnosticResidualInteractionBlock,RealAgnosticResidualInteractionBlock,20623987712,22726836224,NVIDIA GH200 120GB,0.09514095401391387,907222.533970157,0.9081262732278725
2744,433552,float32,True,1,2,64x0e+64x1o,128x0e+32x1o,3,RealAgnosticResidualNonLinearInteractionBlock,RealAgnosticResidualInteractionBlock,2758754816,2852126720,NVIDIA GH200 120GB,0.011887863045558333,7263961.557999157,7.2679168382816846
2744,433552,float64,True,1,2,64x0e+64x1o,128x0e+32x1o,3,RealAgnosticResidualNonLinearInteractionBlock,RealAgnosticResidualInteractionBlock,5442576384,5620367360,NVIDIA GH200 120GB,0.014493391499854624,5953485.466005492,5.961337620726428
2744,433552,float32,True,2,2,64x0e+64x1o,128x0e+32x1o,3,RealAgnosticResidualNonLinearInteractionBlock,RealAgnosticResidualInteractionBlock,11284209152,12362711040,NVIDIA GH200 120GB,0.0695375339128077,1241629.907742543,1.2424944506708557
2744,433552,float64,True,2,2,64x0e+64x1o,128x0e+32x1o,3,RealAgnosticResidualNonLinearInteractionBlock,RealAgnosticResidualInteractionBlock,22487814144,24616370176,NVIDIA GH200 120GB,0.1132117509841919,762397.8359454777,0.7631716606173179
2744,433552,float32,True,1,2,64x0e+64x1o,128x0e+32x1o,3,RealAgnosticResidualInteractionBlock,RealAgnosticResidualNonLinearInteractionBlock,3679735808,3860856832,NVIDIA GH200 120GB,0.01996619999408722,4319960.860370094,4.327313160520602
2744,433552,float64,True,1,2,64x0e+64x1o,128x0e+32x1o,3,RealAgnosticResidualInteractionBlock,RealAgnosticResidualNonLinearInteractionBlock,7284601344,7428112384,NVIDIA GH200 120GB,0.03187131090089679,2707226.3388251592,2.710901985445754
2744,433552,float32,True,2,2,64x0e+64x1o,128x0e+32x1o,3,RealAgnosticResidualInteractionBlock,RealAgnosticResidualNonLinearInteractionBlock,11297091072,12362711040,NVIDIA GH200 120GB,0.06859704805538058,1259379.5346538725,1.2595294178001148
2744,433552,float64,True,2,2,64x0e+64x1o,128x0e+32x1o,3,RealAgnosticResidualInteractionBlock,RealAgnosticResidualNonLinearInteractionBlock,22513255424,24643633152,NVIDIA GH200 120GB,0.11193487490527332,770491.7373074661,0.7718773981131206
2744,433552,float32,True,1,2,64x0e+64x1o,128x0e+32x1o,3,RealAgnosticResidualNonLinearInteractionBlock,RealAgnosticResidualNonLinearInteractionBlock,3679785984,3860856832,NVIDIA GH200 120GB,0.01991930848453194,4335484.989463765,4.3374999723054
2744,433552,float64,True,1,2,64x0e+64x1o,128x0e+32x1o,3,RealAgnosticResidualNonLinearInteractionBlock,RealAgnosticResidualNonLinearInteractionBlock,7284575744,7428112384,NVIDIA GH200 120GB,0.031815093476325274,2714765.534516064,2.7156921624100607
2744,433552,float32,True,2,2,64x0e+64x1o,128x0e+32x1o,3,RealAgnosticResidualNonLinearInteractionBlock,RealAgnosticResidualNonLinearInteractionBlock,12227172352,14367588352,NVIDIA GH200 120GB,0.07646852196194232,1129180.0870525215,1.1298766836764609
2744,433552,float64,True,2,2,64x0e+64x1o,128x0e+32x1o,3,RealAgnosticResidualNonLinearInteractionBlock,RealAgnosticResidualNonLinearInteractionBlock,24375986176,26422018048,NVIDIA GH200 120GB,0.13011527003254741,664192.4505682152,0.6640265971733191
2744,433552,float32,True,1,2,64x0e+64x1o,64x0e+64x1o,3,RealAgnosticResidualInteractionBlock,RealAgnosticResidualInteractionBlock,2760330752,3315597312,NVIDIA GH200 120GB,0.01174852300027851,7344954.219959187,7.3541159172052355
2744,433552,float64,True,1,2,64x0e+64x1o,64x0e+64x1o,3,RealAgnosticResidualInteractionBlock,RealAgnosticResidualInteractionBlock,5443924480,5523898368,NVIDIA GH200 120GB,0.014395485995919444,5990301.589385722,6.001881424808515
2744,433552,float32,True,2,2,64x0e+64x1o,64x0e+64x1o,3,RealAgnosticResidualInteractionBlock,RealAgnosticResidualInteractionBlock,6784967168,7189037056,NVIDIA GH200 120GB,0.026889810993452556,3213709.1622542157,3.2131129527477036
2744,433552,float64,True,2,2,64x0e+64x1o,64x0e+64x1o,3,RealAgnosticResidualInteractionBlock,RealAgnosticResidualInteractionBlock,13488594944,15170797568,NVIDIA GH200 120GB,0.034000533501966856,2539750.594863986,2.541136597018454
2744,433552,float32,True,1,2,64x0e+64x1o,64x0e+64x1o,3,RealAgnosticResidualNonLinearInteractionBlock,RealAgnosticResidualInteractionBlock,2758747648,2852126720,NVIDIA GH200 120GB,0.011883368002600037,7256644.536472239,7.270666025077739
2744,433552,float64,True,1,2,64x0e+64x1o,64x0e+64x1o,3,RealAgnosticResidualNonLinearInteractionBlock,RealAgnosticResidualInteractionBlock,5442569216,5620367360,NVIDIA GH200 120GB,0.014573897497029975,5919758.281220188,5.928407278671167
2744,433552,float32,True,2,2,64x0e+64x1o,64x0e+64x1o,3,RealAgnosticResidualNonLinearInteractionBlock,RealAgnosticResidualInteractionBlock,7716779008,8306819072,NVIDIA GH200 120GB,0.034824556998501066,2477959.526032029,2.481007870501235
2744,433552,float64,True,2,2,64x0e+64x1o,64x0e+64x1o,3,RealAgnosticResidualNonLinearInteractionBlock,RealAgnosticResidualInteractionBlock,15352893952,17393778688,NVIDIA GH200 120GB,0.05202052200183971,1659758.9525544131,1.6608829876206253
2744,433552,float32,True,1,2,64x0e+64x1o,64x0e+64x1o,3,RealAgnosticResidualInteractionBlock,RealAgnosticResidualNonLinearInteractionBlock,3679717376,3858759680,NVIDIA GH200 120GB,0.019957147997047286,4326674.097896103,4.329275907197918
2744,433552,float64,True,1,2,64x0e+64x1o,64x0e+64x1o,3,RealAgnosticResidualInteractionBlock,RealAgnosticResidualNonLinearInteractionBlock,7284582912,7428112384,NVIDIA GH200 120GB,0.03200497500074562,2696560.8605588865,2.6995802995624008
2744,433552,float32,True,2,2,64x0e+64x1o,64x0e+64x1o,3,RealAgnosticResidualInteractionBlock,RealAgnosticResidualNonLinearInteractionBlock,7729710592,8084520960,NVIDIA GH200 120GB,0.033723436998116085,2560881.965230021,2.56201643992653
2744,433552,float64,True,2,2,64x0e+64x1o,64x0e+64x1o,3,RealAgnosticResidualInteractionBlock,RealAgnosticResidualNonLinearInteractionBlock,15377474048,16976445440,NVIDIA GH200 120GB,0.05068724949887837,1703661.245013393,1.7045706929098983
2744,433552,float32,True,1,2,64x0e+64x1o,64x0e+64x1o,3,RealAgnosticResidualNonLinearInteractionBlock,RealAgnosticResidualNonLinearInteractionBlock,3679760384,3858759680,NVIDIA GH200 120GB,0.020056858000316424,4313379.785938713,4.307753487542113
2744,433552,float64,True,1,2,64x0e+64x1o,64x0e+64x1o,3,RealAgnosticResidualNonLinearInteractionBlock,RealAgnosticResidualNonLinearInteractionBlock,7284625920,7428112384,NVIDIA GH200 120GB,0.03199100899655605,2699121.5800987226,2.7007588291229356
2744,433552,float32,True,2,2,64x0e+64x1o,64x0e+64x1o,3,RealAgnosticResidualNonLinearInteractionBlock,RealAgnosticResidualNonLinearInteractionBlock,8661956608,9202302976,NVIDIA GH200 120GB,0.04220468100174912,2049367.2831812692,2.0471662846218233
2744,433552,float64,True,2,2,64x0e+64x1o,64x0e+64x1o,3,RealAgnosticResidualNonLinearInteractionBlock,RealAgnosticResidualNonLinearInteractionBlock,17240899584,19201523712,NVIDIA GH200 120GB,0.06845571400481276,1260675.6845211354,1.262129849290969
2744,433552,float32,True,1,2,32x0e+32x1o,258x0e+32x1o,3,RealAgnosticResidualInteractionBlock,RealAgnosticResidualInteractionBlock,1814402560,1849688064,NVIDIA GH200 120GB,0.010443416002090089,8217823.908175915,8.273155065613432
2744,433552,float64,True,1,2,32x0e+32x1o,258x0e+32x1o,3,RealAgnosticResidualInteractionBlock,RealAgnosticResidualInteractionBlock,3553224192,3573547008,NVIDIA GH200 120GB,0.012455871001293417,6933998.38536608,6.936488021674938
2744,433552,float32,True,2,2,32x0e+32x1o,258x0e+32x1o,3,RealAgnosticResidualInteractionBlock,RealAgnosticResidualInteractionBlock,17106332672,19610468352,NVIDIA GH200 120GB,0.08562366000114707,1008740.5039267378,1.0090668864054928
2744,433552,float64,True,2,2,32x0e+32x1o,258x0e+32x1o,3,RealAgnosticResidualInteractionBlock,RealAgnosticResidualInteractionBlock,34130233344,39109787648,NVIDIA GH200 120GB,0.13781620800000383,627340.5517109059,0.6269219074725783
2744,433552,float32,True,1,2,32x0e+32x1o,258x0e+32x1o,3,RealAgnosticResidualNonLinearInteractionBlock,RealAgnosticResidualInteractionBlock,1814429184,1858076672,NVIDIA GH200 120GB,0.01064133000181755,8095669.336759874,8.119285839762773
2744,433552,float64,True,1,2,32x0e+32x1o,258x0e+32x1o,3,RealAgnosticResidualNonLinearInteractionBlock,RealAgnosticResidualInteractionBlock,3553253888,3573547008,NVIDIA GH200 120GB,0.012643193003896158,6829302.847342321,6.8337167654859625
2744,433552,float32,True,2,2,32x0e+32x1o,258x0e+32x1o,3,RealAgnosticResidualNonLinearInteractionBlock,RealAgnosticResidualInteractionBlock,17925346304,22519218176,NVIDIA GH200 120GB,0.09337312000570819,924634.4921441952,0.9253198350308751
2744,433552,float64,True,2,2,32x0e+32x1o,258x0e+32x1o,3,RealAgnosticResidualNonLinearInteractionBlock,RealAgnosticResidualInteractionBlock,35766623744,44923092992,NVIDIA GH200 120GB,0.15473201450004126,557772.0449028636,0.5583847678786407
2744,433552,float32,True,1,2,32x0e+32x1o,258x0e+32x1o,3,RealAgnosticResidualInteractionBlock,RealAgnosticResidualNonLinearInteractionBlock,2625133568,2680160256,NVIDIA GH200 120GB,0.017877859503641957,4820569.768089199,4.832793320833469
2744,433552,float64,True,1,2,32x0e+32x1o,258x0e+32x1o,3,RealAgnosticResidualInteractionBlock,RealAgnosticResidualNonLinearInteractionBlock,5172965376,5268045824,NVIDIA GH200 120GB,0.029084868998324964,2968813.3520476627,2.970616783763953
2744,433552,float32,True,2,2,32x0e+32x1o,258x0e+32x1o,3,RealAgnosticResidualInteractionBlock,RealAgnosticResidualNonLinearInteractionBlock,17929840128,20409483264,NVIDIA GH200 120GB,0.0918918500028667,938947.5942258891,0.9402357227251886
2744,433552,float64,True,2,2,32x0e+32x1o,258x0e+32x1o,3,RealAgnosticResidualInteractionBlock,RealAgnosticResidualNonLinearInteractionBlock,35773696000,40720400384,NVIDIA GH200 120GB,0.1533951884994167,562948.6620220853,0.5632510435640461
2744,433552,float32,True,1,2,32x0e+32x1o,258x0e+32x1o,3,RealAgnosticResidualNonLinearInteractionBlock,RealAgnosticResidualNonLinearInteractionBlock,2625183744,2680160256,NVIDIA GH200 120GB,0.018307879501662683,4732963.334704541,4.7192794770226305
2744,433552,float64,True,1,2,32x0e+32x1o,258x0e+32x1o,3,RealAgnosticResidualNonLinearInteractionBlock,RealAgnosticResidualNonLinearInteractionBlock,5172939776,5265948672,NVIDIA GH200 120GB,0.02899754299869528,2980075.77209756,2.9795627858500806
2744,433552,float32,True,2,2,32x0e+32x1o,258x0e+32x1o,3,RealAgnosticResidualNonLinearInteractionBlock,RealAgnosticResidualNonLinearInteractionBlock,18747503616,23318233088,NVIDIA GH200 120GB,0.09948571499990067,867835.9057132512,0.86846639238695
2744,433552,float64,True,2,2,32x0e+32x1o,258x0e+32x1o,3,RealAgnosticResidualNonLinearInteractionBlock,RealAgnosticResidualNonLinearInteractionBlock,37410043392,46535802880,NVIDIA GH200 120GB,0.16963843900157372,509323.3905128091,0.5093185277376815
2744,433552,float32,True,1,2,32x0e+32x1o,128x0e+128x1o,3,RealAgnosticResidualInteractionBlock,RealAgnosticResidualInteractionBlock,1814402560,1849688064,NVIDIA GH200 120GB,0.011130019996926421,7738671.343193515,7.762789287338167
2744,433552,float64,True,1,2,32x0e+32x1o,128x0e+128x1o,3,RealAgnosticResidualInteractionBlock,RealAgnosticResidualInteractionBlock,3553224192,3573547008,NVIDIA GH200 120GB,0.012952322998899035,6658412.2729610605,6.670618081972178
2744,433552,float32,True,2,2,32x0e+32x1o,128x0e+128x1o,3,RealAgnosticResidualInteractionBlock,RealAgnosticResidualInteractionBlock,11320523776,11538530304,NVIDIA GH200 120GB,0.034102730001905,2528122.0788649255,2.533521509720003
2744,433552,float64,True,2,2,32x0e+32x1o,128x0e+128x1o,3,RealAgnosticResidualInteractionBlock,RealAgnosticResidualInteractionBlock,22564665344,22970105856,NVIDIA GH200 120GB,0.043754660997365136,1972816.3713980971,1.9746467697510657
2744,433552,float32,True,1,2,32x0e+32x1o,128x0e+128x1o,3,RealAgnosticResidualNonLinearInteractionBlock,RealAgnosticResidualInteractionBlock,1814422016,1858076672,NVIDIA GH200 120GB,0.01122571299856645,7660842.090363458,7.69661579723564
2744,433552,float64,True,1,2,32x0e+32x1o,128x0e+128x1o,3,RealAgnosticResidualNonLinearInteractionBlock,RealAgnosticResidualInteractionBlock,3553246720,3573547008,NVIDIA GH200 120GB,0.012802294997527497,6733676.775487466,6.748789964352985
2744,433552,float32,True,2,2,32x0e+32x1o,128x0e+128x1o,3,RealAgnosticResidualNonLinearInteractionBlock,RealAgnosticResidualInteractionBlock,12142968832,14449377280,NVIDIA GH200 120GB,0.04220865500246873,2043910.7291072665,2.046973541207285
2744,433552,float64,True,2,2,32x0e+32x1o,128x0e+128x1o,3,RealAgnosticResidualNonLinearInteractionBlock,RealAgnosticResidualInteractionBlock,24210580992,28806479872,NVIDIA GH200 120GB,0.061232621999806724,1410293.228080024,1.4110125808473908
2744,433552,float32,True,1,2,32x0e+32x1o,128x0e+128x1o,3,RealAgnosticResidualInteractionBlock,RealAgnosticResidualNonLinearInteractionBlock,2625129984,2680160256,NVIDIA GH200 120GB,0.01863314649745007,4629381.31753672,4.636898014611959
2744,433552,float64,True,1,2,32x0e+32x1o,128x0e+128x1o,3,RealAgnosticResidualInteractionBlock,RealAgnosticResidualNonLinearInteractionBlock,5172961792,5268045824,NVIDIA GH200 120GB,0.029640241496963426,2913991.98503067,2.914956006982989
2744,433552,float32,True,2,2,32x0e+32x1o,128x0e+128x1o,3,RealAgnosticResidualInteractionBlock,RealAgnosticResidualNonLinearInteractionBlock,12143298048,12337545216,NVIDIA GH200 120GB,0.040319138002814725,2140641.7294771885,2.1429029557618104
2744,433552,float64,True,2,2,32x0e+32x1o,128x0e+128x1o,3,RealAgnosticResidualInteractionBlock,RealAgnosticResidualNonLinearInteractionBlock,24206796288,24582815744,NVIDIA GH200 120GB,0.05981512399739586,1445400.637488789,1.4444507379732516
2744,433552,float32,True,1,2,32x0e+32x1o,128x0e+128x1o,3,RealAgnosticResidualNonLinearInteractionBlock,RealAgnosticResidualNonLinearInteractionBlock,2625172992,2680160256,NVIDIA GH200 120GB,0.018498254001315217,4655751.017295435,4.670711084076205
2744,433552,float64,True,1,2,32x0e+32x1o,128x0e+128x1o,3,RealAgnosticResidualNonLinearInteractionBlock,RealAgnosticResidualNonLinearInteractionBlock,5173004800,5268045824,NVIDIA GH200 120GB,0.02971238300233381,2902136.187439352,2.9078785095498256
2744,433552,float32,True,2,2,32x0e+32x1o,128x0e+128x1o,3,RealAgnosticResidualNonLinearInteractionBlock,RealAgnosticResidualNonLinearInteractionBlock,12967258624,15267266560,NVIDIA GH200 120GB,0.048745790001703426,1772794.962870139,1.772460760139096
2744,433552,float64,True,2,2,32x0e+32x1o,128x0e+128x1o,3,RealAgnosticResidualNonLinearInteractionBlock,RealAgnosticResidualNonLinearInteractionBlock,25854962688,30459035648,NVIDIA GH200 120GB,0.07735983499878785,1117253.6565048744,1.116858638612063
2744,433552,float32,True,1,2,64x0e+64x1o,64x0e+128x1o,3,RealAgnosticResidualInteractionBlock,RealAgnosticResidualInteractionBlock,2760330752,3315597312,NVIDIA GH200 120GB,0.011945477570407093,7222880.254545892,7.232862770931942
2744,433552,float64,True,1,2,64x0e+64x1o,64x0e+128x1o,3,RealAgnosticResidualInteractionBlock,RealAgnosticResidualInteractionBlock,5443924480,5523898368,NVIDIA GH200 120GB,0.014538414659909904,5929807.158072469,5.942876305368459
2744,433552,float32,True,2,2,64x0e+64x1o,64x0e+128x1o,3,RealAgnosticResidualInteractionBlock,RealAgnosticResidualInteractionBlock,13954840064,17855152128,NVIDIA GH200 120GB,0.08751791703980416,987042.9402541615,0.9872264208562492
2744,433552,float64,True,2,2,64x0e+64x1o,64x0e+128x1o,3,RealAgnosticResidualInteractionBlock,RealAgnosticResidualInteractionBlock,27821855744,35609640960,NVIDIA GH200 120GB,0.15095566655509174,571645.8950312192,0.5723534728553437
2744,433552,float32,True,1,2,64x0e+64x1o,64x0e+128x1o,3,RealAgnosticResidualNonLinearInteractionBlock,RealAgnosticResidualInteractionBlock,2758754816,2852126720,NVIDIA GH200 120GB,0.012013780185952783,7191434.376677446,7.191741372213881
2744,433552,float64,True,1,2,64x0e+64x1o,64x0e+128x1o,3,RealAgnosticResidualNonLinearInteractionBlock,RealAgnosticResidualInteractionBlock,5442576384,5620367360,NVIDIA GH200 120GB,0.014698282000608742,5878210.282463901,5.878238014240146
2744,433552,float32,True,2,2,64x0e+64x1o,64x0e+128x1o,3,RealAgnosticResidualNonLinearInteractionBlock,RealAgnosticResidualInteractionBlock,14890604544,18863882240,NVIDIA GH200 120GB,0.0959817951079458,901343.0208218852,0.9001707032341951
2744,433552,float64,True,2,2,64x0e+64x1o,64x0e+128x1o,3,RealAgnosticResidualNonLinearInteractionBlock,RealAgnosticResidualInteractionBlock,29692266496,37612421120,NVIDIA GH200 120GB,0.1691004135645926,510736.1233863572,0.5109390224347211
2744,433552,float32,True,1,2,64x0e+64x1o,64x0e+128x1o,3,RealAgnosticResidualInteractionBlock,RealAgnosticResidualNonLinearInteractionBlock,3679735808,3860856832,NVIDIA GH200 120GB,0.02005642163567245,4300322.231445464,4.307847210707245
2744,433552,float64,True,1,2,64x0e+64x1o,64x0e+128x1o,3,RealAgnosticResidualInteractionBlock,RealAgnosticResidualNonLinearInteractionBlock,7284601344,7428112384,NVIDIA GH200 120GB,0.03209912893362343,2686903.1055257716,2.6916618260471576
2744,433552,float32,True,2,2,64x0e+64x1o,64x0e+128x1o,3,RealAgnosticResidualInteractionBlock,RealAgnosticResidualNonLinearInteractionBlock,14899794432,18750636032,NVIDIA GH200 120GB,0.09458557795733213,913044.9834451281,0.9134584982815809
2744,433552,float64,True,2,2,64x0e+64x1o,64x0e+128x1o,3,RealAgnosticResidualInteractionBlock,RealAgnosticResidualNonLinearInteractionBlock,29709794816,37417385984,NVIDIA GH200 120GB,0.1681640959577635,513409.6025839182,0.5137838699034807
2744,433552,float32,True,1,2,64x0e+64x1o,64x0e+128x1o,3,RealAgnosticResidualNonLinearInteractionBlock,RealAgnosticResidualNonLinearInteractionBlock,3679785984,3860856832,NVIDIA GH200 120GB,0.020034329500049353,4301884.836355594,4.312597534136951
2744,433552,float64,True,1,2,64x0e+64x1o,64x0e+128x1o,3,RealAgnosticResidualNonLinearInteractionBlock,RealAgnosticResidualNonLinearInteractionBlock,7284575744,7428112384,NVIDIA GH200 120GB,0.03210740489885211,2689910.0858417964,2.6909680266027647
2744,433552,float32,True,2,2,64x0e+64x1o,64x0e+128x1o,3,RealAgnosticResidualNonLinearInteractionBlock,RealAgnosticResidualNonLinearInteractionBlock,15835548672,19757268992,NVIDIA GH200 120GB,0.10280427697580308,839962.2125274562,0.8404319600471085
2744,433552,float64,True,2,2,64x0e+64x1o,64x0e+128x1o,3,RealAgnosticResidualNonLinearInteractionBlock,RealAgnosticResidualNonLinearInteractionBlock,31580328448,39418068992,NVIDIA GH200 120GB,0.18614939355757087,458497.5290046475,0.46414333320553564
2744,433552,float32,True,1,2,32x0e+32x1o,258x0e+16x1o,3,RealAgnosticResidualInteractionBlock,RealAgnosticResidualInteractionBlock,1814402560,1849688064,NVIDIA GH200 120GB,0.010965527995722368,7815383.680752027,7.879237555519851
2744,433552,float64,True,1,2,32x0e+32x1o,258x0e+16x1o,3,RealAgnosticResidualInteractionBlock,RealAgnosticResidualInteractionBlock,3553224192,3573547008,NVIDIA GH200 120GB,0.012836933994549327,6710968.983405188,6.730579127125386
2744,433552,float32,True,2,2,32x0e+32x1o,258x0e+16x1o,3,RealAgnosticResidualInteractionBlock,RealAgnosticResidualInteractionBlock,16385358848,19088277504,NVIDIA GH200 120GB,0.08049971899890807,1072364.7546980486,1.0732956720156002
2744,433552,float64,True,2,2,32x0e+32x1o,258x0e+16x1o,3,RealAgnosticResidualInteractionBlock,RealAgnosticResidualInteractionBlock,32687326720,38052823040,NVIDIA GH200 120GB,0.1267988725012401,679933.7011925846,0.6813940715376234
2744,433552,float32,True,1,2,32x0e+32x1o,258x0e+16x1o,3,RealAgnosticResidualNonLinearInteractionBlock,RealAgnosticResidualInteractionBlock,1814429184,1858076672,NVIDIA GH200 120GB,0.011399180999433156,7535041.069781711,7.579491895452524
2744,433552,float64,True,1,2,32x0e+32x1o,258x0e+16x1o,3,RealAgnosticResidualNonLinearInteractionBlock,RealAgnosticResidualInteractionBlock,3553253888,3573547008,NVIDIA GH200 120GB,0.013161021499399794,6535688.690520756,6.564839971117763
2744,433552,float32,True,2,2,32x0e+32x1o,258x0e+16x1o,3,RealAgnosticResidualNonLinearInteractionBlock,RealAgnosticResidualInteractionBlock,17202769920,21994930176,NVIDIA GH200 120GB,0.08944752699972014,966549.9140909301,0.9659294437538819
2744,433552,float64,True,2,2,32x0e+32x1o,258x0e+16x1o,3,RealAgnosticResidualNonLinearInteractionBlock,RealAgnosticResidualInteractionBlock,34321647616,43868225536,NVIDIA GH200 120GB,0.14405478999833576,598698.29996484,0.5997717951690337
2744,433552,float32,True,1,2,32x0e+32x1o,258x0e+16x1o,3,RealAgnosticResidualInteractionBlock,RealAgnosticResidualNonLinearInteractionBlock,2625133568,2680160256,NVIDIA GH200 120GB,0.018421696000586962,4673922.943591932,4.690121908278536
2744,433552,float64,True,1,2,32x0e+32x1o,258x0e+16x1o,3,RealAgnosticResidualInteractionBlock,RealAgnosticResidualNonLinearInteractionBlock,5172965376,5268045824,NVIDIA GH200 120GB,0.02970335999998497,2906333.201946198,2.9087618370461703
2744,433552,float32,True,2,2,32x0e+32x1o,258x0e+16x1o,3,RealAgnosticResidualInteractionBlock,RealAgnosticResidualNonLinearInteractionBlock,17207578624,19885195264,NVIDIA GH200 120GB,0.08707053400212317,992602.0976880528,0.9922989561301322
2744,433552,float64,True,2,2,32x0e+32x1o,258x0e+16x1o,3,RealAgnosticResidualInteractionBlock,RealAgnosticResidualNonLinearInteractionBlock,34330483200,39665532928,NVIDIA GH200 120GB,0.14369297650046065,601483.0682445756,0.6012819979390087
2744,433552,float32,True,1,2,32x0e+32x1o,258x0e+16x1o,3,RealAgnosticResidualNonLinearInteractionBlock,RealAgnosticResidualNonLinearInteractionBlock,2625115136,2680160256,NVIDIA GH200 120GB,0.018941185000585392,4555709.718557166,4.561488629002343
2744,433552,float64,True,1,2,32x0e+32x1o,258x0e+16x1o,3,RealAgnosticResidualNonLinearInteractionBlock,RealAgnosticResidualNonLinearInteractionBlock,5172946944,5265948672,NVIDIA GH200 120GB,0.02980838099756511,2891682.757652717,2.898513676642068
2744,433552,float32,True,2,2,32x0e+32x1o,258x0e+16x1o,3,RealAgnosticResidualNonLinearInteractionBlock,RealAgnosticResidualNonLinearInteractionBlock,18024796672,22793945088,NVIDIA GH200 120GB,0.09386505500151543,920450.9255707845,0.9204703496802414
2744,433552,float64,True,2,2,32x0e+32x1o,258x0e+16x1o,3,RealAgnosticResidualNonLinearInteractionBlock,RealAgnosticResidualNonLinearInteractionBlock,35964480512,45478838272,NVIDIA GH200 120GB,0.1594119600013073,543086.0832791869,0.5419919559316092
2744,433552,float32,True,1,2,32x0e+32x1o,258x0e+64x1o,3,RealAgnosticResidualInteractionBlock,RealAgnosticResidualInteractionBlock,1814402560,1849688064,NVIDIA GH200 120GB,0.0102884450025158,8380918.582083345,8.397770506512199
2744,433552,float64,True,1,2,32x0e+32x1o,258x0e+64x1o,3,RealAgnosticResidualInteractionBlock,RealAgnosticResidualInteractionBlock,3553224192,3573547008,NVIDIA GH200 120GB,0.012332834499829914,6730978.275166809,7.005688757210808
2744,433552,float32,True,2,2,32x0e+32x1o,258x0e+64x1o,3,RealAgnosticResidualInteractionBlock,RealAgnosticResidualInteractionBlock,18549914112,20667432960,NVIDIA GH200 120GB,0.09631239699956495,895833.0436144981,0.8970807776738261
2744,433552,float64,True,2,2,32x0e+32x1o,258x0e+64x1o,3,RealAgnosticResidualInteractionBlock,RealAgnosticResidualInteractionBlock,37015688192,41217425408,NVIDIA GH200 120GB,0.16083190650169854,536657.0246179911,0.537206838365045
2744,433552,float32,True,1,2,32x0e+32x1o,258x0e+64x1o,3,RealAgnosticResidualNonLinearInteractionBlock,RealAgnosticResidualInteractionBlock,1814429184,1858076672,NVIDIA GH200 120GB,0.010437110999191646,8241506.643351877,8.27815283431322
2744,433552,float64,True,1,2,32x0e+32x1o,258x0e+64x1o,3,RealAgnosticResidualNonLinearInteractionBlock,RealAgnosticResidualInteractionBlock,3553253888,3573547008,NVIDIA GH200 120GB,0.01247871699888492,6903853.631947471,6.923788720244283
2744,433552,float32,True,2,2,32x0e+32x1o,258x0e+64x1o,3,RealAgnosticResidualNonLinearInteractionBlock,RealAgnosticResidualInteractionBlock,19370478080,23576182784,NVIDIA GH200 120GB,0.10410139099985827,828679.6234738367,0.8299600915046144
2744,433552,float64,True,2,2,32x0e+32x1o,258x0e+64x1o,3,RealAgnosticResidualNonLinearInteractionBlock,RealAgnosticResidualInteractionBlock,38656388096,43224399872,NVIDIA GH200 120GB,0.17937748999975156,481751.74838290195,0.4816657876086886
2744,433552,float32,True,1,2,32x0e+32x1o,258x0e+64x1o,3,RealAgnosticResidualInteractionBlock,RealAgnosticResidualNonLinearInteractionBlock,2625133568,2680160256,NVIDIA GH200 120GB,0.01776211899414193,4843240.771596378,4.8642844937867675
2744,433552,float64,True,1,2,32x0e+32x1o,258x0e+64x1o,3,RealAgnosticResidualInteractionBlock,RealAgnosticResidualNonLinearInteractionBlock,5172965376,5268045824,NVIDIA GH200 120GB,0.028723534996970557,3007718.527879355,3.007986308409203
2744,433552,float32,True,2,2,32x0e+32x1o,258x0e+64x1o,3,RealAgnosticResidualInteractionBlock,RealAgnosticResidualNonLinearInteractionBlock,19372133888,21466447872,NVIDIA GH200 120GB,0.10299950199987506,839121.6451146239,0.8388390072032077
2744,433552,float64,True,2,2,32x0e+32x1o,258x0e+64x1o,3,RealAgnosticResidualInteractionBlock,RealAgnosticResidualNonLinearInteractionBlock,38659150848,42830135296,NVIDIA GH200 120GB,0.1764657175008324,489914.64178197505,0.489613513738681
2744,433552,float32,True,1,2,32x0e+32x1o,258x0e+64x1o,3,RealAgnosticResidualNonLinearInteractionBlock,RealAgnosticResidualNonLinearInteractionBlock,2625115136,2680160256,NVIDIA GH200 120GB,0.017709784999169642,4869837.949945079,4.878658888521291
2744,433552,float64,True,1,2,32x0e+32x1o,258x0e+64x1o,3,RealAgnosticResidualNonLinearInteractionBlock,RealAgnosticResidualNonLinearInteractionBlock,5172946944,5265948672,NVIDIA GH200 120GB,0.02870491100475192,3009471.8288724874,3.009937915700105
2744,433552,float32,True,2,2,32x0e+32x1o,258x0e+64x1o,3,RealAgnosticResidualNonLinearInteractionBlock,RealAgnosticResidualNonLinearInteractionBlock,20194566656,22470983680,NVIDIA GH200 120GB,0.11008131699782098,784377.6156615765,0.7848743306887422
2744,433552,float64,True,2,2,32x0e+32x1o,258x0e+64x1o,3,RealAgnosticResidualNonLinearInteractionBlock,RealAgnosticResidualNonLinearInteractionBlock,40299501056,44835012608,NVIDIA GH200 120GB,0.19376284099780605,445643.44078823127,0.44590593095700065
2744,433552,float32,True,1,2,128x0e+128x1o,258x0e+16x1o,3,RealAgnosticResidualInteractionBlock,RealAgnosticResidualInteractionBlock,4654079488,4729077760,NVIDIA GH200 120GB,0.015028298133984208,5745922.937117853,5.749153978028927
2744,433552,float64,True,1,2,128x0e+128x1o,258x0e+16x1o,3,RealAgnosticResidualInteractionBlock,RealAgnosticResidualInteractionBlock,9225289728,9443475456,NVIDIA GH200 120GB,0.018729798030108213,4612880.486426686,4.612970191195426
2744,433552,float32,True,2,2,128x0e+128x1o,258x0e+16x1o,3,RealAgnosticResidualInteractionBlock,RealAgnosticResidualInteractionBlock,17098016256,20008927232,NVIDIA GH200 120GB,0.08350277156569064,1034852.1445375704,1.0346961948685758
2744,433552,float64,True,2,2,128x0e+128x1o,258x0e+16x1o,3,RealAgnosticResidualInteractionBlock,RealAgnosticResidualInteractionBlock,34112960512,39898316800,NVIDIA GH200 120GB,0.13255588058382273,651617.1879399454,0.6518005811546347
2744,433552,float32,True,1,2,128x0e+128x1o,258x0e+16x1o,3,RealAgnosticResidualNonLinearInteractionBlock,RealAgnosticResidualInteractionBlock,4651705856,4758437888,NVIDIA GH200 120GB,0.015062986174598336,5724534.986910107,5.735914446081201
2744,433552,float64,True,1,2,128x0e+128x1o,258x0e+16x1o,3,RealAgnosticResidualNonLinearInteractionBlock,RealAgnosticResidualInteractionBlock,9224265216,9449766912,NVIDIA GH200 120GB,0.018957745051011443,4551728.63246298,4.557504057972884
2744,433552,float32,True,2,2,128x0e+128x1o,258x0e+16x1o,3,RealAgnosticResidualNonLinearInteractionBlock,RealAgnosticResidualInteractionBlock,18258733056,20990394368,NVIDIA GH200 120GB,0.0928784548304975,929779.7047826919,0.9302480339243301
2744,433552,float64,True,2,2,128x0e+128x1o,258x0e+16x1o,3,RealAgnosticResidualNonLinearInteractionBlock,RealAgnosticResidualInteractionBlock,36440260608,41850765312,NVIDIA GH200 120GB,0.15240612893830985,566242.3440456657,0.5669063350790344
2744,433552,float32,True,1,2,128x0e+128x1o,258x0e+16x1o,3,RealAgnosticResidualInteractionBlock,RealAgnosticResidualNonLinearInteractionBlock,5799969280,5930745856,NVIDIA GH200 120GB,0.02464351139497012,3496588.4101741714,3.5059938746243255
2744,433552,float64,True,1,2,128x0e+128x1o,258x0e+16x1o,3,RealAgnosticResidualInteractionBlock,RealAgnosticResidualNonLinearInteractionBlock,11516110336,11788091392,NVIDIA GH200 120GB,0.03855532768648118,2239075.5085758367,2.2409354344638293
2744,433552,float32,True,2,2,128x0e+128x1o,258x0e+16x1o,3,RealAgnosticResidualInteractionBlock,RealAgnosticResidualNonLinearInteractionBlock,18289552384,21162360832,NVIDIA GH200 120GB,0.0918523061554879,939846.3930270525,0.9406405088375439
2744,433552,float64,True,2,2,128x0e+128x1o,258x0e+16x1o,3,RealAgnosticResidualInteractionBlock,RealAgnosticResidualNonLinearInteractionBlock,36496940544,42238738432,NVIDIA GH200 120GB,0.152267319499515,567849.9059032168,0.5674231363892579
2744,433552,float32,True,1,2,128x0e+128x1o,258x0e+16x1o,3,RealAgnosticResidualNonLinearInteractionBlock,RealAgnosticResidualNonLinearInteractionBlock,5800016384,5928648704,NVIDIA GH200 120GB,0.024640280520543456,3504684.0039270576,3.506453586352855
2744,433552,float64,True,1,2,128x0e+128x1o,258x0e+16x1o,3,RealAgnosticResidualNonLinearInteractionBlock,RealAgnosticResidualNonLinearInteractionBlock,11514606592,11785994240,NVIDIA GH200 120GB,0.03852374560665339,2242814.775058194,2.242772571550726
2744,433552,float32,True,2,2,128x0e+128x1o,258x0e+16x1o,3,RealAgnosticResidualNonLinearInteractionBlock,RealAgnosticResidualNonLinearInteractionBlock,19452074496,22143827968,NVIDIA GH200 120GB,0.10147020849399269,851218.9156663048,0.8514814474350383
2744,433552,float64,True,2,2,128x0e+128x1o,258x0e+16x1o,3,RealAgnosticResidualNonLinearInteractionBlock,RealAgnosticResidualNonLinearInteractionBlock,38823159296,44197478400,NVIDIA GH200 120GB,0.17191030993126333,503203.7198597966,0.5025876576835107
2744,433552,float32,True,1,2,64x0e+64x1o,128x0e+64x1o,3,RealAgnosticResidualInteractionBlock,RealAgnosticResidualInteractionBlock,2760330752,3315597312,NVIDIA GH200 120GB,0.011655081529170275,7406377.475867457,7.413075557108593
2744,433552,float64,True,1,2,64x0e+64x1o,128x0e+64x1o,3,RealAgnosticResidualInteractionBlock,RealAgnosticResidualInteractionBlock,5443924480,5523898368,NVIDIA GH200 120GB,0.014304251875728369,6032489.417057597,6.040162096600423
2744,433552,float32,True,2,2,64x0e+64x1o,128x0e+64x1o,3,RealAgnosticResidualInteractionBlock,RealAgnosticResidualInteractionBlock,12177133056,15076425728,NVIDIA GH200 120GB,0.07214258296880871,1197286.5080662596,1.1976283138816304
2744,433552,float64,True,2,2,64x0e+64x1o,128x0e+64x1o,3,RealAgnosticResidualInteractionBlock,RealAgnosticResidualInteractionBlock,24267680768,28391243776,NVIDIA GH200 120GB,0.11960669094696641,722502.5353335886,0.7223676143528606
2744,433552,float32,True,1,2,64x0e+64x1o,128x0e+64x1o,3,RealAgnosticResidualNonLinearInteractionBlock,RealAgnosticResidualInteractionBlock,2758754816,2852126720,NVIDIA GH200 120GB,0.011850114911794662,7275209.963844225,7.291068537572096
2744,433552,float64,True,1,2,64x0e+64x1o,128x0e+64x1o,3,RealAgnosticResidualNonLinearInteractionBlock,RealAgnosticResidualInteractionBlock,5442576384,5620367360,NVIDIA GH200 120GB,0.014563700067810714,5928633.894910201,5.93255831950047
2744,433552,float32,True,2,2,64x0e+64x1o,128x0e+64x1o,3,RealAgnosticResidualNonLinearInteractionBlock,RealAgnosticResidualInteractionBlock,13111997952,15193866240,NVIDIA GH200 120GB,0.08038886892609298,1074211.4835681336,1.074775664270553
2744,433552,float64,True,2,2,64x0e+64x1o,128x0e+64x1o,3,RealAgnosticResidualNonLinearInteractionBlock,RealAgnosticResidualInteractionBlock,26135837184,30282874880,NVIDIA GH200 120GB,0.1363191434647888,632746.4908075639,0.6338067992799347
2744,433552,float32,True,1,2,64x0e+64x1o,128x0e+64x1o,3,RealAgnosticResidualInteractionBlock,RealAgnosticResidualNonLinearInteractionBlock,3679735808,3860856832,NVIDIA GH200 120GB,0.019746475503779948,4354818.96515991,4.375464370006737
2744,433552,float64,True,1,2,64x0e+64x1o,128x0e+64x1o,3,RealAgnosticResidualInteractionBlock,RealAgnosticResidualNonLinearInteractionBlock,7284601344,7428112384,NVIDIA GH200 120GB,0.03176408959552646,2715050.44275624,2.720052773436588
2744,433552,float32,True,2,2,64x0e+64x1o,128x0e+64x1o,3,RealAgnosticResidualInteractionBlock,RealAgnosticResidualNonLinearInteractionBlock,13122886144,15193866240,NVIDIA GH200 120GB,0.07918800786137581,1090762.1698342941,1.091074296896688
2744,433552,float64,True,2,2,64x0e+64x1o,128x0e+64x1o,3,RealAgnosticResidualInteractionBlock,RealAgnosticResidualNonLinearInteractionBlock,26156310016,30310137856,NVIDIA GH200 120GB,0.13544187287334353,636736.4295235162,0.6379120294710905
2744,433552,float32,True,1,2,64x0e+64x1o,128x0e+64x1o,3,RealAgnosticResidualNonLinearInteractionBlock,RealAgnosticResidualNonLinearInteractionBlock,3679785984,3860856832,NVIDIA GH200 120GB,0.0197376279393211,4367517.330476815,4.3774257102027345
2744,433552,float64,True,1,2,64x0e+64x1o,128x0e+64x1o,3,RealAgnosticResidualNonLinearInteractionBlock,RealAgnosticResidualNonLinearInteractionBlock,7284575744,7428112384,NVIDIA GH200 120GB,0.03167951595969498,2726154.205168448,2.7273143980458685
2744,433552,float32,True,2,2,64x0e+64x1o,128x0e+64x1o,3,RealAgnosticResidualNonLinearInteractionBlock,RealAgnosticResidualNonLinearInteractionBlock,14056772096,16089350144,NVIDIA GH200 120GB,0.08770628506317735,985558.5765835295,0.9851061407715948
2744,433552,float64,True,2,2,64x0e+64x1o,128x0e+64x1o,3,RealAgnosticResidualNonLinearInteractionBlock,RealAgnosticResidualNonLinearInteractionBlock,28026169344,32088522752,NVIDIA GH200 120GB,0.15296673343982548,564411.2135514979,0.5648286922070432
2744,433552,float32,True,1,2,64x0e+64x1o,258x0e+16x1o,3,RealAgnosticResidualInteractionBlock,RealAgnosticResidualInteractionBlock,2760330752,3315597312,NVIDIA GH200 120GB,0.011722630821168423,7345752.011987565,7.370359206738911
2744,433552,float64,True,1,2,64x0e+64x1o,258x0e+16x1o,3,RealAgnosticResidualInteractionBlock,RealAgnosticResidualInteractionBlock,5443924480,5523898368,NVIDIA GH200 120GB,0.014372122008353472,6005685.22116353,6.011638361390333
2744,433552,float32,True,2,2,64x0e+64x1o,258x0e+16x1o,3,RealAgnosticResidualInteractionBlock,RealAgnosticResidualInteractionBlock,16618692608,21743271936,NVIDIA GH200 120GB,0.08002990204840899,1078895.6990045083,1.0795964731749619
2744,433552,float64,True,2,2,64x0e+64x1o,258x0e+16x1o,3,RealAgnosticResidualInteractionBlock,RealAgnosticResidualInteractionBlock,33159484928,38910558208,NVIDIA GH200 120GB,0.12777832243591547,675926.0762626991,0.6761710308360959
2744,433552,float32,True,1,2,64x0e+64x1o,258x0e+16x1o,3,RealAgnosticResidualNonLinearInteractionBlock,RealAgnosticResidualInteractionBlock,2758754816,2852126720,NVIDIA GH200 120GB,0.01193651300854981,7234735.210848556,7.2382947966557705
2744,433552,float64,True,1,2,64x0e+64x1o,258x0e+16x1o,3,RealAgnosticResidualNonLinearInteractionBlock,RealAgnosticResidualInteractionBlock,5442576384,5620367360,NVIDIA GH200 120GB,0.014626338495872915,5902158.544603887,5.907151678759473
2744,433552,float32,True,2,2,64x0e+64x1o,258x0e+16x1o,3,RealAgnosticResidualNonLinearInteractionBlock,RealAgnosticResidualInteractionBlock,17551161344,22414360576,NVIDIA GH200 120GB,0.08789570350199938,982245.3096148203,0.9829832011986189
2744,433552,float64,True,2,2,64x0e+64x1o,258x0e+16x1o,3,RealAgnosticResidualNonLinearInteractionBlock,RealAgnosticResidualInteractionBlock,35024958976,44719669248,NVIDIA GH200 120GB,0.14532214298378676,593480.375009179,0.5945411912184604
2744,433552,float32,True,1,2,64x0e+64x1o,258x0e+16x1o,3,RealAgnosticResidualInteractionBlock,RealAgnosticResidualNonLinearInteractionBlock,3679735808,3860856832,NVIDIA GH200 120GB,0.020129584008827806,4286574.737318912,4.292190040395737
2744,433552,float64,True,1,2,64x0e+64x1o,258x0e+16x1o,3,RealAgnosticResidualInteractionBlock,RealAgnosticResidualNonLinearInteractionBlock,7284601344,7428112384,NVIDIA GH200 120GB,0.03183525602798909,2708135.940102939,2.7139722050307493
2744,433552,float32,True,2,2,64x0e+64x1o,258x0e+16x1o,3,RealAgnosticResidualInteractionBlock,RealAgnosticResidualNonLinearInteractionBlock,17566734848,22636658688,NVIDIA GH200 120GB,0.08683760650455952,994118.8178964771,0.9949606337372215
2744,433552,float64,True,2,2,64x0e+64x1o,258x0e+16x1o,3,RealAgnosticResidualInteractionBlock,RealAgnosticResidualNonLinearInteractionBlock,35046756864,40716206080,NVIDIA GH200 120GB,0.14491252251900733,595650.5320739358,0.5962217653665329
2744,433552,float32,True,1,2,64x0e+64x1o,258x0e+16x1o,3,RealAgnosticResidualNonLinearInteractionBlock,RealAgnosticResidualNonLinearInteractionBlock,3679785984,3860856832,NVIDIA GH200 120GB,0.020055650151334703,4299104.879927001,4.308012921448477
2744,433552,float64,True,1,2,64x0e+64x1o,258x0e+16x1o,3,RealAgnosticResidualNonLinearInteractionBlock,RealAgnosticResidualNonLinearInteractionBlock,7284575744,7428112384,NVIDIA GH200 120GB,0.03206526511348784,2691726.4530882915,2.6945044643855747
2744,433552,float32,True,2,2,64x0e+64x1o,258x0e+16x1o,3,RealAgnosticResidualNonLinearInteractionBlock,RealAgnosticResidualNonLinearInteractionBlock,18497984000,23309844480,NVIDIA GH200 120GB,0.09483695589005947,911329.6879090708,0.9110372553518052
2744,433552,float64,True,2,2,64x0e+64x1o,258x0e+16x1o,3,RealAgnosticResidualNonLinearInteractionBlock,RealAgnosticResidualNonLinearInteractionBlock,36913580544,46525317120,NVIDIA GH200 120GB,0.1619872358860448,532151.1898036596,0.5333753584188627
2744,433552,float32,True,1,2,64x0e+64x1o,128x0e+128x1o,3,RealAgnosticResidualInteractionBlock,RealAgnosticResidualInteractionBlock,2760330752,3315597312,NVIDIA GH200 120GB,0.01154413993936032,7463189.910207662,7.484316757579739
2744,433552,float64,True,1,2,64x0e+64x1o,128x0e+128x1o,3,RealAgnosticResidualInteractionBlock,RealAgnosticResidualInteractionBlock,5443924480,5523898368,NVIDIA GH200 120GB,0.014241677476093173,6059001.092524904,6.066701071207066
2744,433552,float32,True,2,2,64x0e+64x1o,128x0e+128x1o,3,RealAgnosticResidualInteractionBlock,RealAgnosticResidualInteractionBlock,11556600320,11957960704,NVIDIA GH200 120GB,0.034090117434971035,2534659.8878208655,2.534458854969134
2744,433552,float64,True,2,2,64x0e+64x1o,128x0e+128x1o,3,RealAgnosticResidualInteractionBlock,RealAgnosticResidualInteractionBlock,23035209216,23827841024,NVIDIA GH200 120GB,0.04462524806149304,1928959.8396581758,1.9361236912552704
2744,433552,float32,True,1,2,64x0e+64x1o,128x0e+128x1o,3,RealAgnosticResidualNonLinearInteractionBlock,RealAgnosticResidualInteractionBlock,2758747648,2852126720,NVIDIA GH200 120GB,0.011625034036114812,7424481.866610501,7.432236304133492
2744,433552,float64,True,1,2,64x0e+64x1o,128x0e+128x1o,3,RealAgnosticResidualNonLinearInteractionBlock,RealAgnosticResidualInteractionBlock,5442569216,5620367360,NVIDIA GH200 120GB,0.01425129291601479,6057479.627564604,6.06260782857874
2744,433552,float32,True,2,2,64x0e+64x1o,128x0e+128x1o,3,RealAgnosticResidualNonLinearInteractionBlock,RealAgnosticResidualInteractionBlock,12491526656,13520338944,NVIDIA GH200 120GB,0.04212709690909833,2049381.9291248803,2.0509364836232025
2744,433552,float64,True,2,2,64x0e+64x1o,128x0e+128x1o,3,RealAgnosticResidualNonLinearInteractionBlock,RealAgnosticResidualInteractionBlock,24904373760,25161629696,NVIDIA GH200 120GB,0.06289751001168042,1371389.0123840843,1.3736632814868988
2744,433552,float32,True,1,2,64x0e+64x1o,128x0e+128x1o,3,RealAgnosticResidualInteractionBlock,RealAgnosticResidualNonLinearInteractionBlock,3679732224,3860856832,NVIDIA GH200 120GB,0.019631102913990617,4400593.901335337,4.401179107386004
2744,433552,float64,True,1,2,64x0e+64x1o,128x0e+128x1o,3,RealAgnosticResidualInteractionBlock,RealAgnosticResidualNonLinearInteractionBlock,7284597760,7428112384,NVIDIA GH200 120GB,0.03152480104472488,2739331.536649603,2.740699295054156
2744,433552,float32,True,2,2,64x0e+64x1o,128x0e+128x1o,3,RealAgnosticResidualInteractionBlock,RealAgnosticResidualNonLinearInteractionBlock,12501071872,12853444608,NVIDIA GH200 120GB,0.04085710202343762,2113572.371985553,2.1146874281596566
2744,433552,float64,True,2,2,64x0e+64x1o,128x0e+128x1o,3,RealAgnosticResidualInteractionBlock,RealAgnosticResidualNonLinearInteractionBlock,24924478464,25633488896,NVIDIA GH200 120GB,0.061127257999032736,1408894.009882324,1.4134447189070247
2744,433552,float32,True,1,2,64x0e+64x1o,128x0e+128x1o,3,RealAgnosticResidualNonLinearInteractionBlock,RealAgnosticResidualNonLinearInteractionBlock,3679775232,3860856832,NVIDIA GH200 120GB,0.01963708596304059,4385357.159091057,4.399838151272314
2744,433552,float64,True,1,2,64x0e+64x1o,128x0e+128x1o,3,RealAgnosticResidualNonLinearInteractionBlock,RealAgnosticResidualNonLinearInteractionBlock,7284640768,7428112384,NVIDIA GH200 120GB,0.03162086254451424,2728607.8485520226,2.732373282935293
2744,433552,float32,True,2,2,64x0e+64x1o,128x0e+128x1o,3,RealAgnosticResidualNonLinearInteractionBlock,RealAgnosticResidualNonLinearInteractionBlock,13435975168,15764291584,NVIDIA GH200 120GB,0.04898057598620653,1761745.807437706,1.7639645565689386
2744,433552,float64,True,2,2,64x0e+64x1o,128x0e+128x1o,3,RealAgnosticResidualNonLinearInteractionBlock,RealAgnosticResidualNonLinearInteractionBlock,26795246080,28745662464,NVIDIA GH200 120GB,0.07968427985906601,1081077.8421477913,1.0842791094154554
2744,433552,float32,True,1,2,258x0e+258x1o,64x0e+32x1o,3,RealAgnosticResidualInteractionBlock,RealAgnosticResidualInteractionBlock,8491395584,8617197568,NVIDIA GH200 120GB,0.02192789502441883,3938167.304884557,3.940186684758626
2744,433552,float64,True,1,2,258x0e+258x1o,64x0e+32x1o,3,RealAgnosticResidualInteractionBlock,RealAgnosticResidualInteractionBlock,16906488832,17169383424,NVIDIA GH200 120GB,0.029676384991034865,2906790.9071824313,2.911405820692148
2744,433552,float32,True,2,2,258x0e+258x1o,64x0e+32x1o,3,RealAgnosticResidualInteractionBlock,RealAgnosticResidualInteractionBlock,8545851904,13444841472,NVIDIA GH200 120GB,0.061972567811608315,1394182.4168794637,1.3941652419930242
2744,433552,float64,True,2,2,258x0e+258x1o,64x0e+32x1o,3,RealAgnosticResidualInteractionBlock,RealAgnosticResidualInteractionBlock,17013870592,26797408256,NVIDIA GH200 120GB,0.09317817515693605,925605.5945326542,0.9272557640722213
2744,433552,float32,True,1,2,258x0e+258x1o,64x0e+32x1o,3,RealAgnosticResidualNonLinearInteractionBlock,RealAgnosticResidualInteractionBlock,8490839040,8627683328,NVIDIA GH200 120GB,0.022207024041563272,3889884.0885349065,3.89066089352141
2744,433552,float64,True,1,2,258x0e+258x1o,64x0e+32x1o,3,RealAgnosticResidualNonLinearInteractionBlock,RealAgnosticResidualInteractionBlock,16906518528,17169383424,NVIDIA GH200 120GB,0.029925659531727433,2880717.1046595015,2.8871544137029965
2744,433552,float32,True,2,2,258x0e+258x1o,64x0e+32x1o,3,RealAgnosticResidualNonLinearInteractionBlock,RealAgnosticResidualInteractionBlock,10183614976,15003025408,NVIDIA GH200 120GB,0.07557944650761783,1143674.0792830307,1.1431679377447088
2744,433552,float64,True,2,2,258x0e+258x1o,64x0e+32x1o,3,RealAgnosticResidualNonLinearInteractionBlock,RealAgnosticResidualInteractionBlock,20284333568,29909581824,NVIDIA GH200 120GB,0.12010102719068527,718722.5086092211,0.7193943467512738
2744,433552,float32,True,1,2,258x0e+258x1o,64x0e+32x1o,3,RealAgnosticResidualInteractionBlock,RealAgnosticResidualNonLinearInteractionBlock,10090075648,10366222336,NVIDIA GH200 120GB,0.03498587803915143,2466737.793935843,2.4695678611613774
2744,433552,float64,True,1,2,258x0e+258x1o,64x0e+32x1o,3,RealAgnosticResidualInteractionBlock,RealAgnosticResidualNonLinearInteractionBlock,20103532032,20648558592,NVIDIA GH200 120GB,0.05400118790566921,1596896.124944503,1.5999648035692464
2744,433552,float32,True,2,2,258x0e+258x1o,64x0e+32x1o,3,RealAgnosticResidualInteractionBlock,RealAgnosticResidualNonLinearInteractionBlock,10239174144,15181283328,NVIDIA GH200 120GB,0.0746584334410727,1156894.6781963035,1.157270465207321
2744,433552,float64,True,2,2,258x0e+258x1o,64x0e+32x1o,3,RealAgnosticResidualInteractionBlock,RealAgnosticResidualNonLinearInteractionBlock,20401867264,30253514752,NVIDIA GH200 120GB,0.11904128198511899,725287.3787910322,0.7257986352230366
2744,433552,float32,True,1,2,258x0e+258x1o,64x0e+32x1o,3,RealAgnosticResidualNonLinearInteractionBlock,RealAgnosticResidualNonLinearInteractionBlock,10090057216,10366222336,NVIDIA GH200 120GB,0.035129745956510305,2455494.1960222684,2.459454164768539
2744,433552,float64,True,1,2,258x0e+258x1o,64x0e+32x1o,3,RealAgnosticResidualNonLinearInteractionBlock,RealAgnosticResidualNonLinearInteractionBlock,20103513600,20648558592,NVIDIA GH200 120GB,0.05387172009795904,1597985.3148458346,1.6038099366957714
2744,433552,float32,True,2,2,258x0e+258x1o,64x0e+32x1o,3,RealAgnosticResidualNonLinearInteractionBlock,RealAgnosticResidualNonLinearInteractionBlock,11874902016,16739467264,NVIDIA GH200 120GB,0.08783094049431384,981959.9743432266,0.9837080135284847
2744,433552,float64,True,2,2,258x0e+258x1o,64x0e+32x1o,3,RealAgnosticResidualNonLinearInteractionBlock,RealAgnosticResidualNonLinearInteractionBlock,23671418880,33361494016,NVIDIA GH200 120GB,0.14277854899410158,605075.9130191811,0.6051329181358281
2744,433552,float32,True,1,2,128x0e+128x1o,128x0e+128x1o,3,RealAgnosticResidualInteractionBlock,RealAgnosticResidualInteractionBlock,4654079488,4729077760,NVIDIA GH200 120GB,0.01472005108371377,5861969.835234861,5.869544847951836
2744,433552,float64,True,1,2,128x0e+128x1o,128x0e+128x1o,3,RealAgnosticResidualInteractionBlock,RealAgnosticResidualInteractionBlock,9225289728,9443475456,NVIDIA GH200 120GB,0.018692904035560787,4622304.719190934,4.622074763537832
2744,433552,float32,True,2,2,128x0e+128x1o,128x0e+128x1o,3,RealAgnosticResidualInteractionBlock,RealAgnosticResidualInteractionBlock,12033657344,13442744320,NVIDIA GH200 120GB,0.03762944904156029,2292933.5168256294,2.296074011197307
2744,433552,float64,True,2,2,128x0e+128x1o,128x0e+128x1o,3,RealAgnosticResidualInteractionBlock,RealAgnosticResidualInteractionBlock,23989193728,26772242432,NVIDIA GH200 120GB,0.04981350409798324,1731666.4711781675,1.7344694288129394
2744,433552,float32,True,1,2,128x0e+128x1o,128x0e+128x1o,3,RealAgnosticResidualNonLinearInteractionBlock,RealAgnosticResidualInteractionBlock,4651698688,4758437888,NVIDIA GH200 120GB,0.01493070088326931,5774035.798208222,5.786734372049209
2744,433552,float64,True,1,2,128x0e+128x1o,128x0e+128x1o,3,RealAgnosticResidualNonLinearInteractionBlock,RealAgnosticResidualInteractionBlock,9224258048,9449766912,NVIDIA GH200 120GB,0.018748966045677662,4600610.573421881,4.608254118627435
2744,433552,float32,True,2,2,128x0e+128x1o,128x0e+128x1o,3,RealAgnosticResidualNonLinearInteractionBlock,RealAgnosticResidualInteractionBlock,13199129088,15221129216,NVIDIA GH200 120GB,0.04725288553163409,1826830.0428431116,1.828459765534495
2744,433552,float64,True,2,2,128x0e+128x1o,128x0e+128x1o,3,RealAgnosticResidualNonLinearInteractionBlock,RealAgnosticResidualInteractionBlock,26319340544,30318526464,NVIDIA GH200 120GB,0.07055752095766366,1224492.3921127978,1.2245328184339448
2744,433552,float32,True,1,2,128x0e+128x1o,128x0e+128x1o,3,RealAgnosticResidualInteractionBlock,RealAgnosticResidualNonLinearInteractionBlock,5799965696,5930745856,NVIDIA GH200 120GB,0.024368623038753867,3536495.1682750518,3.545542965747244
2744,433552,float64,True,1,2,128x0e+128x1o,128x0e+128x1o,3,RealAgnosticResidualInteractionBlock,RealAgnosticResidualNonLinearInteractionBlock,11516106752,11788091392,NVIDIA GH200 120GB,0.03828979900572449,2254682.708504497,2.2564756735098777
2744,433552,float32,True,2,2,128x0e+128x1o,128x0e+128x1o,3,RealAgnosticResidualInteractionBlock,RealAgnosticResidualNonLinearInteractionBlock,13226775552,14594080768,NVIDIA GH200 120GB,0.04633350356016308,1865882.8603896962,1.8647413504530566
2744,433552,float64,True,2,2,128x0e+128x1o,128x0e+128x1o,3,RealAgnosticResidualInteractionBlock,RealAgnosticResidualNonLinearInteractionBlock,26373430784,29114761216,NVIDIA GH200 120GB,0.06959873205050826,1237907.28661575,1.24140192578938
2744,433552,float32,True,1,2,128x0e+128x1o,128x0e+128x1o,3,RealAgnosticResidualNonLinearInteractionBlock,RealAgnosticResidualNonLinearInteractionBlock,5800004608,5928648704,NVIDIA GH200 120GB,0.024473004043102264,3525898.6048478875,3.530420697345977
2744,433552,float64,True,1,2,128x0e+128x1o,128x0e+128x1o,3,RealAgnosticResidualNonLinearInteractionBlock,RealAgnosticResidualNonLinearInteractionBlock,11514670592,11785994240,NVIDIA GH200 120GB,0.038286167895421386,2255914.0983825224,2.2566896806178534
2744,433552,float32,True,2,2,128x0e+128x1o,128x0e+128x1o,3,RealAgnosticResidualNonLinearInteractionBlock,RealAgnosticResidualNonLinearInteractionBlock,14392865792,16374562816,NVIDIA GH200 120GB,0.05562690051738173,1550867.0884567406,1.5532053592128976
2744,433552,float64,True,2,2,128x0e+128x1o,128x0e+128x1o,3,RealAgnosticResidualNonLinearInteractionBlock,RealAgnosticResidualNonLinearInteractionBlock,28702990336,32667336704,NVIDIA GH200 120GB,0.08972927753347903,960912.7086463887,0.9628964188167364
2744,433552,float32,True,1,2,258x0e+258x1o,64x0e+64x1o,3,RealAgnosticResidualInteractionBlock,RealAgnosticResidualInteractionBlock,8491395584,8617197568,NVIDIA GH200 120GB,0.021842521615326405,3956703.899968267,3.955587249568066
2744,433552,float64,True,1,2,258x0e+258x1o,64x0e+64x1o,3,RealAgnosticResidualInteractionBlock,RealAgnosticResidualInteractionBlock,16906488832,17169383424,NVIDIA GH200 120GB,0.029519188916310668,2920548.563752471,2.9269096872868396
2744,433552,float32,True,2,2,258x0e+258x1o,64x0e+64x1o,3,RealAgnosticResidualInteractionBlock,RealAgnosticResidualInteractionBlock,8544854016,9191817216,NVIDIA GH200 120GB,0.03687926195561886,2342748.559751932,2.3427800725506724
2744,433552,float64,True,2,2,258x0e+258x1o,64x0e+64x1o,3,RealAgnosticResidualInteractionBlock,RealAgnosticResidualInteractionBlock,17013320704,18295554048,NVIDIA GH200 120GB,0.04972713906317949,1731155.2980929704,1.73748181833318
2744,433552,float32,True,1,2,258x0e+258x1o,64x0e+64x1o,3,RealAgnosticResidualNonLinearInteractionBlock,RealAgnosticResidualInteractionBlock,8490831872,8627683328,NVIDIA GH200 120GB,0.021672623581252992,3984756.286024583,3.9865962547670857
2744,433552,float64,True,1,2,258x0e+258x1o,64x0e+64x1o,3,RealAgnosticResidualNonLinearInteractionBlock,RealAgnosticResidualInteractionBlock,16906510848,17169383424,NVIDIA GH200 120GB,0.029493944137357175,2920426.0093195154,2.929414919809431
2744,433552,float32,True,2,2,258x0e+258x1o,64x0e+64x1o,3,RealAgnosticResidualNonLinearInteractionBlock,RealAgnosticResidualInteractionBlock,9854235136,14000586752,NVIDIA GH200 120GB,0.04996796359773725,1728640.07501489,1.72910788791706
2744,433552,float64,True,2,2,258x0e+258x1o,64x0e+64x1o,3,RealAgnosticResidualNonLinearInteractionBlock,RealAgnosticResidualInteractionBlock,19629877760,27904704512,NVIDIA GH200 120GB,0.07587457343470305,1145323.1914700181,1.1387213935951157
2744,433552,float32,True,1,2,258x0e+258x1o,64x0e+64x1o,3,RealAgnosticResidualInteractionBlock,RealAgnosticResidualNonLinearInteractionBlock,10090072064,10366222336,NVIDIA GH200 120GB,0.034399751806631684,2511791.8901910083,2.5116460283106914
2744,433552,float64,True,1,2,258x0e+258x1o,64x0e+64x1o,3,RealAgnosticResidualInteractionBlock,RealAgnosticResidualNonLinearInteractionBlock,20103527936,20648558592,NVIDIA GH200 120GB,0.05372522887773812,1602220.3558454674,1.6081830046107293
2744,433552,float32,True,2,2,258x0e+258x1o,64x0e+64x1o,3,RealAgnosticResidualInteractionBlock,RealAgnosticResidualNonLinearInteractionBlock,10143820288,10928259072,NVIDIA GH200 120GB,0.049613060895353556,1741019.052508372,1.7414769103289025
2744,433552,float64,True,2,2,258x0e+258x1o,64x0e+64x1o,3,RealAgnosticResidualInteractionBlock,RealAgnosticResidualNonLinearInteractionBlock,20210863616,21751660544,NVIDIA GH200 120GB,0.07516629004385322,1150960.9030787891,1.1494514356048815
2744,433552,float32,True,1,2,258x0e+258x1o,64x0e+64x1o,3,RealAgnosticResidualNonLinearInteractionBlock,RealAgnosticResidualNonLinearInteractionBlock,10090114560,10366222336,NVIDIA GH200 120GB,0.03436570381745696,2512685.286479628,2.5141344539002533
2744,433552,float64,True,1,2,258x0e+258x1o,64x0e+64x1o,3,RealAgnosticResidualNonLinearInteractionBlock,RealAgnosticResidualNonLinearInteractionBlock,20103570432,20648558592,NVIDIA GH200 120GB,0.05356683279387653,1604728.9607542914,1.6129383705111793
2744,433552,float32,True,2,2,258x0e+258x1o,64x0e+64x1o,3,RealAgnosticResidualNonLinearInteractionBlock,RealAgnosticResidualNonLinearInteractionBlock,11547577344,16181624832,NVIDIA GH200 120GB,0.0625237679341808,1380923.9572428684,1.3818744911687646
2744,433552,float64,True,2,2,258x0e+258x1o,64x0e+64x1o,3,RealAgnosticResidualNonLinearInteractionBlock,RealAgnosticResidualNonLinearInteractionBlock,23017388032,32245809152,NVIDIA GH200 120GB,0.09993493393994868,863629.0537542093,0.8645625367793621
2744,433552,float32,True,1,2,128x0e+128x1o,64x0e+16x1o,3,RealAgnosticResidualInteractionBlock,RealAgnosticResidualInteractionBlock,4654079488,4729077760,NVIDIA GH200 120GB,0.014724151929840446,5867177.598156073,5.867910112017993
2744,433552,float64,True,1,2,128x0e+128x1o,64x0e+16x1o,3,RealAgnosticResidualInteractionBlock,RealAgnosticResidualInteractionBlock,9225289728,9443475456,NVIDIA GH200 120GB,0.018656005850061774,4628192.435429849,4.631216386529698
2744,433552,float32,True,2,2,128x0e+128x1o,64x0e+16x1o,3,RealAgnosticResidualInteractionBlock,RealAgnosticResidualInteractionBlock,6665437696,9229565952,NVIDIA GH200 120GB,0.04745693597942591,1819630.0259518968,1.820597942468455
2744,433552,float64,True,2,2,128x0e+128x1o,64x0e+16x1o,3,RealAgnosticResidualInteractionBlock,RealAgnosticResidualInteractionBlock,13249262080,18343788544,NVIDIA GH200 120GB,0.07025439199060202,1228538.0682694707,1.229816351005611
2744,433552,float32,True,1,2,128x0e+128x1o,64x0e+16x1o,3,RealAgnosticResidualNonLinearInteractionBlock,RealAgnosticResidualInteractionBlock,4651705856,4758437888,NVIDIA GH200 120GB,0.014856659923680127,5810066.2856325265,5.815573651402391
2744,433552,float64,True,1,2,128x0e+128x1o,64x0e+16x1o,3,RealAgnosticResidualNonLinearInteractionBlock,RealAgnosticResidualInteractionBlock,9224265216,9449766912,NVIDIA GH200 120GB,0.01866295002400875,4618205.071019371,4.629493187778548
2744,433552,float32,True,2,2,128x0e+128x1o,64x0e+16x1o,3,RealAgnosticResidualNonLinearInteractionBlock,RealAgnosticResidualInteractionBlock,7826084352,10424942592,NVIDIA GH200 120GB,0.05688991362694651,1517572.150144638,1.5187226432890157
2744,433552,float64,True,2,2,128x0e+128x1o,64x0e+16x1o,3,RealAgnosticResidualNonLinearInteractionBlock,RealAgnosticResidualInteractionBlock,15571334656,20728250368,NVIDIA GH200 120GB,0.08996528049465269,960743.1569731861,0.9603704843129501
2744,433552,float32,True,1,2,128x0e+128x1o,64x0e+16x1o,3,RealAgnosticResidualInteractionBlock,RealAgnosticResidualNonLinearInteractionBlock,5799969280,5930745856,NVIDIA GH200 120GB,0.024210054893046618,3565075.2907771934,3.5687651424869338
2744,433552,float64,True,1,2,128x0e+128x1o,64x0e+16x1o,3,RealAgnosticResidualInteractionBlock,RealAgnosticResidualNonLinearInteractionBlock,11516110336,11788091392,NVIDIA GH200 120GB,0.03807122283615172,2268217.837723391,2.2694306503324655
2744,433552,float32,True,2,2,128x0e+128x1o,64x0e+16x1o,3,RealAgnosticResidualInteractionBlock,RealAgnosticResidualNonLinearInteractionBlock,7856952832,10382999552,NVIDIA GH200 120GB,0.055973043432459235,1543543.7477330838,1.5436001814740687
2744,433552,float64,True,2,2,128x0e+128x1o,64x0e+16x1o,3,RealAgnosticResidualInteractionBlock,RealAgnosticResidualNonLinearInteractionBlock,15633262592,20684210176,NVIDIA GH200 120GB,0.08931902691256255,962960.5879851689,0.9673190918725516
2744,433552,float32,True,1,2,128x0e+128x1o,64x0e+16x1o,3,RealAgnosticResidualNonLinearInteractionBlock,RealAgnosticResidualNonLinearInteractionBlock,5799947776,5928648704,NVIDIA GH200 120GB,0.02423037402331829,3557698.362750157,3.565772443993324
2744,433552,float64,True,1,2,128x0e+128x1o,64x0e+16x1o,3,RealAgnosticResidualNonLinearInteractionBlock,RealAgnosticResidualNonLinearInteractionBlock,11514613760,11785994240,NVIDIA GH200 120GB,0.03810405498370528,2265077.1641273047,2.267475208004709
2744,433552,float32,True,2,2,128x0e+128x1o,64x0e+16x1o,3,RealAgnosticResidualNonLinearInteractionBlock,RealAgnosticResidualNonLinearInteractionBlock,9019627008,11580473344,NVIDIA GH200 120GB,0.06558705447241664,1315525.862561669,1.3173331337259013
2744,433552,float64,True,2,2,128x0e+128x1o,64x0e+16x1o,3,RealAgnosticResidualNonLinearInteractionBlock,RealAgnosticResidualNonLinearInteractionBlock,17955732992,23077060608,NVIDIA GH200 120GB,0.10957717464771122,789277.6125617422,0.78848537825304
2744,433552,float32,True,1,2,258x0e+258x1o,128x0e+128x1o,3,RealAgnosticResidualInteractionBlock,RealAgnosticResidualInteractionBlock,8491395584,8617197568,NVIDIA GH200 120GB,0.022020539036020637,3922165.719737895,3.9236096745256366
2744,433552,float64,True,1,2,258x0e+258x1o,128x0e+128x1o,3,RealAgnosticResidualInteractionBlock,RealAgnosticResidualInteractionBlock,16906488832,17169383424,NVIDIA GH200 120GB,0.029679338447749615,2904742.112511628,2.9111161002495707
2744,433552,float32,True,2,2,258x0e+258x1o,128x0e+128x1o,3,RealAgnosticResidualInteractionBlock,RealAgnosticResidualInteractionBlock,12996651520,13962838016,NVIDIA GH200 120GB,0.04556901648174971,1897023.586487647,1.8960251212488426
2744,433552,float64,True,2,2,258x0e+258x1o,128x0e+128x1o,3,RealAgnosticResidualInteractionBlock,RealAgnosticResidualInteractionBlock,25916330496,27841789952,NVIDIA GH200 120GB,0.06202003895305097,1396112.5851278591,1.3930981253559773
2744,433552,float32,True,1,2,258x0e+258x1o,128x0e+128x1o,3,RealAgnosticResidualNonLinearInteractionBlock,RealAgnosticResidualInteractionBlock,8490831872,8627683328,NVIDIA GH200 120GB,0.02214927109889686,3901234.807785216,3.9008055666582697
2744,433552,float64,True,1,2,258x0e+258x1o,128x0e+128x1o,3,RealAgnosticResidualNonLinearInteractionBlock,RealAgnosticResidualInteractionBlock,16906510848,17169383424,NVIDIA GH200 120GB,0.02983349491842091,2892950.529717736,2.8960736995869594
2744,433552,float32,True,2,2,258x0e+258x1o,128x0e+128x1o,3,RealAgnosticResidualNonLinearInteractionBlock,RealAgnosticResidualInteractionBlock,14630260224,14854127616,NVIDIA GH200 120GB,0.058764423010870814,1469746.6677861668,1.4702773476396918
2744,433552,float64,True,2,2,258x0e+258x1o,128x0e+128x1o,3,RealAgnosticResidualNonLinearInteractionBlock,RealAgnosticResidualInteractionBlock,29183581696,29632757760,NVIDIA GH200 120GB,0.08755545318126678,985043.8975385604,0.9868031842759738
2744,433552,float32,True,1,2,258x0e+258x1o,128x0e+128x1o,3,RealAgnosticResidualInteractionBlock,RealAgnosticResidualNonLinearInteractionBlock,10090057216,10366222336,NVIDIA GH200 120GB,0.03512050793506205,2460369.790965923,2.4601010942026784
2744,433552,float64,True,1,2,258x0e+258x1o,128x0e+128x1o,3,RealAgnosticResidualInteractionBlock,RealAgnosticResidualNonLinearInteractionBlock,20103513600,20648558592,NVIDIA GH200 120GB,0.05398472398519516,1593471.2244707313,1.600452750739162
2744,433552,float32,True,2,2,258x0e+258x1o,128x0e+128x1o,3,RealAgnosticResidualInteractionBlock,RealAgnosticResidualNonLinearInteractionBlock,14690832384,14812184576,NVIDIA GH200 120GB,0.05818780045956373,1485833.7464527255,1.484847327405711
2744,433552,float64,True,2,2,258x0e+258x1o,128x0e+128x1o,3,RealAgnosticResidualInteractionBlock,RealAgnosticResidualNonLinearInteractionBlock,29301844992,29517414400,NVIDIA GH200 120GB,0.08720034302677959,992367.7357144101,0.9908217903852305
2744,433552,float32,True,1,2,258x0e+258x1o,128x0e+128x1o,3,RealAgnosticResidualNonLinearInteractionBlock,RealAgnosticResidualNonLinearInteractionBlock,10090100224,10366222336,NVIDIA GH200 120GB,0.0351164594758302,2459800.7011060086,2.4603847110346364
2744,433552,float64,True,1,2,258x0e+258x1o,128x0e+128x1o,3,RealAgnosticResidualNonLinearInteractionBlock,RealAgnosticResidualNonLinearInteractionBlock,20103556096,20648558592,NVIDIA GH200 120GB,0.05394114088267088,1595812.939471819,1.6017458768239894
2744,433552,float32,True,2,2,258x0e+258x1o,128x0e+128x1o,3,RealAgnosticResidualNonLinearInteractionBlock,RealAgnosticResidualNonLinearInteractionBlock,16324887552,16590569472,NVIDIA GH200 120GB,0.07140942895784974,1209634.9694097422,1.2099242531542806
2744,433552,float64,True,2,2,258x0e+258x1o,128x0e+128x1o,3,RealAgnosticResidualNonLinearInteractionBlock,RealAgnosticResidualNonLinearInteractionBlock,32571644416,33069989888,NVIDIA GH200 120GB,0.11256800009869039,766657.5980656206,0.767536066415425
2744,433552,float32,True,1,2,258x0e+258x1o,128x0e+16x1o,3,RealAgnosticResidualInteractionBlock,RealAgnosticResidualInteractionBlock,8491395584,8617197568,NVIDIA GH200 120GB,0.02194707002490759,3933653.160986405,3.9367441714062608
2744,433552,float64,True,1,2,258x0e+258x1o,128x0e+16x1o,3,RealAgnosticResidualInteractionBlock,RealAgnosticResidualInteractionBlock,16906488832,17169383424,NVIDIA GH200 120GB,0.02989948692265898,2885038.803465349,2.8896816933177125
2744,433552,float32,True,2,2,258x0e+258x1o,128x0e+16x1o,3,RealAgnosticResidualInteractionBlock,RealAgnosticResidualInteractionBlock,11068915712,15443427328,NVIDIA GH200 120GB,0.06568238139152527,1315241.1511547824,1.3154212464523682
2744,433552,float64,True,2,2,258x0e+258x1o,128x0e+16x1o,3,RealAgnosticResidualInteractionBlock,RealAgnosticResidualInteractionBlock,22060890112,30792482816,NVIDIA GH200 120GB,0.10185044852551073,845799.6813680349,0.8483025971000921
2744,433552,float32,True,1,2,258x0e+258x1o,128x0e+16x1o,3,RealAgnosticResidualNonLinearInteractionBlock,RealAgnosticResidualInteractionBlock,8490839040,8627683328,NVIDIA GH200 120GB,0.02201338717713952,3922693.086986393,3.9248844035108212
2744,433552,float64,True,1,2,258x0e+258x1o,128x0e+16x1o,3,RealAgnosticResidualNonLinearInteractionBlock,RealAgnosticResidualInteractionBlock,16906518528,17169383424,NVIDIA GH200 120GB,0.029973277007229626,2877694.773430165,2.8825676945220278
2744,433552,float32,True,2,2,258x0e+258x1o,128x0e+16x1o,3,RealAgnosticResidualNonLinearInteractionBlock,RealAgnosticResidualInteractionBlock,12700774400,17890803712,NVIDIA GH200 120GB,0.07963674701750278,1086593.6528804004,1.0849262838549993
2744,433552,float64,True,2,2,258x0e+258x1o,128x0e+16x1o,3,RealAgnosticResidualNonLinearInteractionBlock,RealAgnosticResidualInteractionBlock,25320030720,35680944128,NVIDIA GH200 120GB,0.12758948397822678,676139.0924740682,0.6771717958726459
2744,433552,float32,True,1,2,258x0e+258x1o,128x0e+16x1o,3,RealAgnosticResidualInteractionBlock,RealAgnosticResidualNonLinearInteractionBlock,10090075648,10366222336,NVIDIA GH200 120GB,0.0350411890540272,2463741.8121237317,2.4656697541509445
2744,433552,float64,True,1,2,258x0e+258x1o,128x0e+16x1o,3,RealAgnosticResidualInteractionBlock,RealAgnosticResidualNonLinearInteractionBlock,20103532032,20648558592,NVIDIA GH200 120GB,0.05401021894067526,1590900.8368321774,1.5996972738603714
2744,433552,float32,True,2,2,258x0e+258x1o,128x0e+16x1o,3,RealAgnosticResidualInteractionBlock,RealAgnosticResidualNonLinearInteractionBlock,12763072512,17181966336,NVIDIA GH200 120GB,0.07855245913378894,1098979.9666918106,1.0999019120820304
2744,433552,float64,True,2,2,258x0e+258x1o,128x0e+16x1o,3,RealAgnosticResidualInteractionBlock,RealAgnosticResidualNonLinearInteractionBlock,25448517632,34693185536,NVIDIA GH200 120GB,0.126640776055865,681530.5292684428,0.6822447136764734
2744,433552,float32,True,1,2,258x0e+258x1o,128x0e+16x1o,3,RealAgnosticResidualNonLinearInteractionBlock,RealAgnosticResidualNonLinearInteractionBlock,10090057216,10366222336,NVIDIA GH200 120GB,0.03512179502286017,2457722.0634662323,2.46001094032249
2744,433552,float64,True,1,2,258x0e+258x1o,128x0e+16x1o,3,RealAgnosticResidualNonLinearInteractionBlock,RealAgnosticResidualNonLinearInteractionBlock,20103513600,20648558592,NVIDIA GH200 120GB,0.05427315505221486,1588328.8705383202,1.5919472512124402
2744,433552,float32,True,2,2,258x0e+258x1o,128x0e+16x1o,3,RealAgnosticResidualNonLinearInteractionBlock,RealAgnosticResidualNonLinearInteractionBlock,14393034752,17932746752,NVIDIA GH200 120GB,0.0918161899317056,941455.3452751845,0.9410105131161046
2744,433552,float64,True,2,2,258x0e+258x1o,128x0e+16x1o,3,RealAgnosticResidualNonLinearInteractionBlock,RealAgnosticResidualNonLinearInteractionBlock,28706234880,35739664384,NVIDIA GH200 120GB,0.15155871689785272,568158.1538958629,0.5700760851533978
2744,433552,float32,True,1,2,128x0e+128x1o,258x0e+32x1o,3,RealAgnosticResidualInteractionBlock,RealAgnosticResidualInteractionBlock,4654079488,4729077760,NVIDIA GH200 120GB,0.014607189921662211,5913545.219943333,5.914895367511467
2744,433552,float64,True,1,2,128x0e+128x1o,258x0e+32x1o,3,RealAgnosticResidualInteractionBlock,RealAgnosticResidualInteractionBlock,9225289728,9443475456,NVIDIA GH200 120GB,0.018491181428544223,4674700.681892804,4.672497554246436
2744,433552,float32,True,2,2,128x0e+128x1o,258x0e+32x1o,3,RealAgnosticResidualInteractionBlock,RealAgnosticResidualInteractionBlock,17819991040,20451426304,NVIDIA GH200 120GB,0.0895510563859716,964119.8476451552,0.9648127390882993
2744,433552,float64,True,2,2,128x0e+128x1o,258x0e+32x1o,3,RealAgnosticResidualInteractionBlock,RealAgnosticResidualInteractionBlock,35556587008,40787509248,NVIDIA GH200 120GB,0.14388712600339204,600074.0407906984,0.6004706772582502
2744,433552,float32,True,1,2,128x0e+128x1o,258x0e+32x1o,3,RealAgnosticResidualNonLinearInteractionBlock,RealAgnosticResidualInteractionBlock,4651705856,4758437888,NVIDIA GH200 120GB,0.01495278044603765,5771976.172465048,5.778189568943695
2744,433552,float64,True,1,2,128x0e+128x1o,258x0e+32x1o,3,RealAgnosticResidualNonLinearInteractionBlock,RealAgnosticResidualInteractionBlock,9224265216,9449766912,NVIDIA GH200 120GB,0.018598537892103195,4624900.615876741,4.64552646564141
2744,433552,float32,True,2,2,128x0e+128x1o,258x0e+32x1o,3,RealAgnosticResidualNonLinearInteractionBlock,RealAgnosticResidualInteractionBlock,18981821440,21514682368,NVIDIA GH200 120GB,0.09936727187596262,869687.1371801716,0.8695015810422038
2744,433552,float64,True,2,2,128x0e+128x1o,258x0e+32x1o,3,RealAgnosticResidualNonLinearInteractionBlock,RealAgnosticResidualInteractionBlock,37883439104,42905632768,NVIDIA GH200 120GB,0.16359353996813297,527305.9508117,0.5281382138734219
2744,433552,float32,True,1,2,128x0e+128x1o,258x0e+32x1o,3,RealAgnosticResidualInteractionBlock,RealAgnosticResidualNonLinearInteractionBlock,5799969280,5930745856,NVIDIA GH200 120GB,0.02427934599108994,3554069.416113145,3.558580203589799
2744,433552,float64,True,1,2,128x0e+128x1o,258x0e+32x1o,3,RealAgnosticResidualInteractionBlock,RealAgnosticResidualNonLinearInteractionBlock,11516110336,11788091392,NVIDIA GH200 120GB,0.03813730692490935,2263424.2541043265,2.265498194985758
2744,433552,float32,True,2,2,128x0e+128x1o,258x0e+32x1o,3,RealAgnosticResidualInteractionBlock,RealAgnosticResidualNonLinearInteractionBlock,19012835328,21604859904,NVIDIA GH200 120GB,0.09804417286068201,881149.6407503765,0.8812354419346466
2744,433552,float64,True,2,2,128x0e+128x1o,258x0e+32x1o,3,RealAgnosticResidualInteractionBlock,RealAgnosticResidualNonLinearInteractionBlock,37939864576,43127930880,NVIDIA GH200 120GB,0.16323089611250907,528263.4284327088,0.5293115583979129
2744,433552,float32,True,1,2,128x0e+128x1o,258x0e+32x1o,3,RealAgnosticResidualNonLinearInteractionBlock,RealAgnosticResidualNonLinearInteractionBlock,5799947776,5928648704,NVIDIA GH200 120GB,0.024186547962017357,3568944.911224187,3.572233629027296
2744,433552,float64,True,1,2,128x0e+128x1o,258x0e+32x1o,3,RealAgnosticResidualNonLinearInteractionBlock,RealAgnosticResidualNonLinearInteractionBlock,11514613760,11785994240,NVIDIA GH200 120GB,0.038140699034556746,2265219.448925202,2.265296708949113
2744,433552,float32,True,2,2,128x0e+128x1o,258x0e+32x1o,3,RealAgnosticResidualNonLinearInteractionBlock,RealAgnosticResidualNonLinearInteractionBlock,20175783424,22668115968,NVIDIA GH200 120GB,0.1078274134779349,801338.6085707968,0.8012804648947676
2744,433552,float64,True,2,2,128x0e+128x1o,258x0e+32x1o,3,RealAgnosticResidualNonLinearInteractionBlock,RealAgnosticResidualNonLinearInteractionBlock,40266795008,45252345856,NVIDIA GH200 120GB,0.1831700864713639,470707.80899949605,0.4716927401435029
2744,433552,float32,True,1,2,128x0e+128x1o,64x0e+32x1o,3,RealAgnosticResidualInteractionBlock,RealAgnosticResidualInteractionBlock,4654079488,4729077760,NVIDIA GH200 120GB,0.014957444975152612,5778094.727360241,5.77638762125003
2744,433552,float64,True,1,2,128x0e+128x1o,64x0e+32x1o,3,RealAgnosticResidualInteractionBlock,RealAgnosticResidualInteractionBlock,9225289728,9443475456,NVIDIA GH200 120GB,0.018747220980003476,4607072.840952112,4.60868307319563
2744,433552,float32,True,2,2,128x0e+128x1o,64x0e+32x1o,3,RealAgnosticResidualInteractionBlock,RealAgnosticResidualInteractionBlock,7591878144,10617880576,NVIDIA GH200 120GB,0.054410709999501705,1588261.9186978615,1.5879226718561705
2744,433552,float64,True,2,2,128x0e+128x1o,64x0e+32x1o,3,RealAgnosticResidualInteractionBlock,RealAgnosticResidualInteractionBlock,15104717824,21120417792,NVIDIA GH200 120GB,0.08157403604127467,1058826.9987817982,1.0591605392221062
2744,433552,float32,True,1,2,128x0e+128x1o,64x0e+32x1o,3,RealAgnosticResidualNonLinearInteractionBlock,RealAgnosticResidualInteractionBlock,4651705856,4758437888,NVIDIA GH200 120GB,0.014986117137596011,5744624.020733253,5.765335957720921
2744,433552,float64,True,1,2,128x0e+128x1o,64x0e+32x1o,3,RealAgnosticResidualNonLinearInteractionBlock,RealAgnosticResidualInteractionBlock,9224265216,9449766912,NVIDIA GH200 120GB,0.018812468042597175,4589041.329092161,4.592698831666532
2744,433552,float32,True,2,2,128x0e+128x1o,64x0e+32x1o,3,RealAgnosticResidualNonLinearInteractionBlock,RealAgnosticResidualInteractionBlock,8758232576,11674845184,NVIDIA GH200 120GB,0.06400394707452506,1349158.217953379,1.3499167465312316
2744,433552,float64,True,2,2,128x0e+128x1o,64x0e+32x1o,3,RealAgnosticResidualNonLinearInteractionBlock,RealAgnosticResidualInteractionBlock,17431579136,20675821568,NVIDIA GH200 120GB,0.10182410851120949,846694.4400498945,0.8485220372981562
2744,433552,float32,True,1,2,128x0e+128x1o,64x0e+32x1o,3,RealAgnosticResidualInteractionBlock,RealAgnosticResidualNonLinearInteractionBlock,5799969280,5930745856,NVIDIA GH200 120GB,0.02436545491218567,3541884.822950985,3.5460039761781577
2744,433552,float64,True,1,2,128x0e+128x1o,64x0e+32x1o,3,RealAgnosticResidualInteractionBlock,RealAgnosticResidualNonLinearInteractionBlock,11516110336,11788091392,NVIDIA GH200 120GB,0.0382431730395183,2256743.256435546,2.2592267621391984
2744,433552,float32,True,2,2,128x0e+128x1o,64x0e+32x1o,3,RealAgnosticResidualInteractionBlock,RealAgnosticResidualNonLinearInteractionBlock,8784163840,9772728320,NVIDIA GH200 120GB,0.06286332453601062,1374597.9886866566,1.3744102883153537
2744,433552,float64,True,2,2,128x0e+128x1o,64x0e+32x1o,3,RealAgnosticResidualInteractionBlock,RealAgnosticResidualNonLinearInteractionBlock,17488770560,24574427136,NVIDIA GH200 120GB,0.10024380241520703,861078.4376540488,0.8618986702253534
2744,433552,float32,True,1,2,128x0e+128x1o,64x0e+32x1o,3,RealAgnosticResidualNonLinearInteractionBlock,RealAgnosticResidualNonLinearInteractionBlock,5799947776,5928648704,NVIDIA GH200 120GB,0.024366703117266297,3542465.3402191247,3.54582232911012
2744,433552,float64,True,1,2,128x0e+128x1o,64x0e+32x1o,3,RealAgnosticResidualNonLinearInteractionBlock,RealAgnosticResidualNonLinearInteractionBlock,11514613760,11785994240,NVIDIA GH200 120GB,0.03827467549126595,2255218.8629153646,2.2573672772148248
2744,433552,float32,True,2,2,128x0e+128x1o,64x0e+32x1o,3,RealAgnosticResidualNonLinearInteractionBlock,RealAgnosticResidualNonLinearInteractionBlock,9950659584,11553210368,NVIDIA GH200 120GB,0.0729177959728986,1185229.9633888497,1.1848959344864503
2744,433552,float64,True,2,2,128x0e+128x1o,64x0e+32x1o,3,RealAgnosticResidualNonLinearInteractionBlock,RealAgnosticResidualNonLinearInteractionBlock,19815927808,23022534656,NVIDIA GH200 120GB,0.12080490798689425,715585.6525674271,0.7152027300858775
2744,433552,float32,True,1,2,128x0e+128x1o,128x0e+16x1o,3,RealAgnosticResidualInteractionBlock,RealAgnosticResidualInteractionBlock,4654079488,4729077760,NVIDIA GH200 120GB,0.014702994842082262,5869205.373787728,5.876353826412952
2744,433552,float64,True,1,2,128x0e+128x1o,128x0e+16x1o,3,RealAgnosticResidualInteractionBlock,RealAgnosticResidualInteractionBlock,9225289728,9443475456,NVIDIA GH200 120GB,0.01856624148786068,4651979.110490304,4.653607465813241
2744,433552,float32,True,2,2,128x0e+128x1o,128x0e+16x1o,3,RealAgnosticResidualInteractionBlock,RealAgnosticResidualInteractionBlock,10108527616,11341398016,NVIDIA GH200 120GB,0.05779741541482508,1494806.2332226709,1.4948765334900829
2744,433552,float64,True,2,2,128x0e+128x1o,128x0e+16x1o,3,RealAgnosticResidualInteractionBlock,RealAgnosticResidualInteractionBlock,20134605312,24782045184,NVIDIA GH200 120GB,0.08943359553813934,964172.8744641402,0.9660799107999002
2744,433552,float32,True,1,2,128x0e+128x1o,128x0e+16x1o,3,RealAgnosticResidualNonLinearInteractionBlock,RealAgnosticResidualInteractionBlock,4651705856,4758437888,NVIDIA GH200 120GB,0.01491495652589947,5783760.402736686,5.792842899003322
2744,433552,float64,True,1,2,128x0e+128x1o,128x0e+16x1o,3,RealAgnosticResidualNonLinearInteractionBlock,RealAgnosticResidualInteractionBlock,9224265216,9449766912,NVIDIA GH200 120GB,0.018738492857664824,4603976.73223949,4.610829731947135
2744,433552,float32,True,2,2,128x0e+128x1o,128x0e+16x1o,3,RealAgnosticResidualNonLinearInteractionBlock,RealAgnosticResidualInteractionBlock,11267691008,12647923712,NVIDIA GH200 120GB,0.06786438589915633,1272509.4655725088,1.27312726484237
2744,433552,float64,True,2,2,128x0e+128x1o,128x0e+16x1o,3,RealAgnosticResidualNonLinearInteractionBlock,RealAgnosticResidualInteractionBlock,22458228736,25167921152,NVIDIA GH200 120GB,0.10976492101326585,787604.6315486662,0.7871367209343499
2744,433552,float32,True,1,2,128x0e+128x1o,128x0e+16x1o,3,RealAgnosticResidualInteractionBlock,RealAgnosticResidualNonLinearInteractionBlock,5799969280,5930745856,NVIDIA GH200 120GB,0.02431976911611855,3543729.6736038653,3.552665306461984
2744,433552,float64,True,1,2,128x0e+128x1o,128x0e+16x1o,3,RealAgnosticResidualInteractionBlock,RealAgnosticResidualNonLinearInteractionBlock,11516110336,11788091392,NVIDIA GH200 120GB,0.03786862199194729,2278469.954062897,2.2815723270409163
2744,433552,float32,True,2,2,128x0e+128x1o,128x0e+16x1o,3,RealAgnosticResidualInteractionBlock,RealAgnosticResidualNonLinearInteractionBlock,11300196352,13604225024,NVIDIA GH200 120GB,0.06629300699569285,1302781.2247680938,1.303304887129551
2744,433552,float64,True,2,2,128x0e+128x1o,128x0e+16x1o,3,RealAgnosticResidualInteractionBlock,RealAgnosticResidualNonLinearInteractionBlock,22519308288,27124563968,NVIDIA GH200 120GB,0.10830096353311092,796612.7600732872,0.7977768357858135
2744,433552,float32,True,1,2,128x0e+128x1o,128x0e+16x1o,3,RealAgnosticResidualNonLinearInteractionBlock,RealAgnosticResidualNonLinearInteractionBlock,5799947776,5928648704,NVIDIA GH200 120GB,0.024262091028504074,3543704.62970265,3.561111031134696
2744,433552,float64,True,1,2,128x0e+128x1o,128x0e+16x1o,3,RealAgnosticResidualNonLinearInteractionBlock,RealAgnosticResidualNonLinearInteractionBlock,11514613760,11785994240,NVIDIA GH200 120GB,0.038140165037475526,2264201.465655047,2.2653284251682084
2744,433552,float32,True,2,2,128x0e+128x1o,128x0e+16x1o,3,RealAgnosticResidualNonLinearInteractionBlock,RealAgnosticResidualNonLinearInteractionBlock,12461830144,13801357312,NVIDIA GH200 120GB,0.07630095444619656,1131049.7151003496,1.1323580501332362
2744,433552,float64,True,2,2,128x0e+128x1o,128x0e+16x1o,3,RealAgnosticResidualNonLinearInteractionBlock,RealAgnosticResidualNonLinearInteractionBlock,24841556992,27514634240,NVIDIA GH200 120GB,0.12838330550584942,673040.1831267505,0.672984697344963
2744,433552,float32,True,1,2,128x0e+128x1o,64x0e+64x1o,3,RealAgnosticResidualInteractionBlock,RealAgnosticResidualInteractionBlock,4654079488,4729077760,NVIDIA GH200 120GB,0.014984932960942388,5752636.152865281,5.765791560442616
2744,433552,float64,True,1,2,128x0e+128x1o,64x0e+64x1o,3,RealAgnosticResidualInteractionBlock,RealAgnosticResidualInteractionBlock,9225289728,9443475456,NVIDIA GH200 120GB,0.019026253139600158,4533895.088301426,4.541093791092896
2744,433552,float32,True,2,2,128x0e+128x1o,64x0e+64x1o,3,RealAgnosticResidualInteractionBlock,RealAgnosticResidualInteractionBlock,7259908608,7451181056,NVIDIA GH200 120GB,0.03065176517702639,2816963.8099821606,2.818760991447146
2744,433552,float64,True,2,2,128x0e+128x1o,64x0e+64x1o,3,RealAgnosticResidualInteractionBlock,RealAgnosticResidualInteractionBlock,14439140352,14784921600,NVIDIA GH200 120GB,0.039145465940237045,2200973.700003134,2.2071521675564147
2744,433552,float32,True,1,2,128x0e+128x1o,64x0e+64x1o,3,RealAgnosticResidualNonLinearInteractionBlock,RealAgnosticResidualInteractionBlock,4651698688,4758437888,NVIDIA GH200 120GB,0.015158591559156775,5694153.347471163,5.699737977820821
2744,433552,float64,True,1,2,128x0e+128x1o,64x0e+64x1o,3,RealAgnosticResidualNonLinearInteractionBlock,RealAgnosticResidualInteractionBlock,9224258048,9449766912,NVIDIA GH200 120GB,0.01903521199710667,4537543.144599498,4.538956540811455
2744,433552,float32,True,2,2,128x0e+128x1o,64x0e+64x1o,3,RealAgnosticResidualNonLinearInteractionBlock,RealAgnosticResidualInteractionBlock,8422956032,8671723520,NVIDIA GH200 120GB,0.0405051379930228,2134156.3975611436,2.133062724409995
2744,433552,float64,True,2,2,128x0e+128x1o,64x0e+64x1o,3,RealAgnosticResidualNonLinearInteractionBlock,RealAgnosticResidualInteractionBlock,16762374656,17221812224,NVIDIA GH200 120GB,0.06000868906266987,1441582.5434915198,1.4397914926914743
2744,433552,float32,True,1,2,128x0e+128x1o,64x0e+64x1o,3,RealAgnosticResidualInteractionBlock,RealAgnosticResidualNonLinearInteractionBlock,5799965696,5930745856,NVIDIA GH200 120GB,0.0247272199485451,3491313.7671806966,3.494125105037682
2744,433552,float64,True,1,2,128x0e+128x1o,64x0e+64x1o,3,RealAgnosticResidualInteractionBlock,RealAgnosticResidualNonLinearInteractionBlock,11516106752,11788091392,NVIDIA GH200 120GB,0.03872399090323597,2228224.453666403,2.2311749895793924
2744,433552,float32,True,2,2,128x0e+128x1o,64x0e+64x1o,3,RealAgnosticResidualInteractionBlock,RealAgnosticResidualNonLinearInteractionBlock,8452284928,8602517504,NVIDIA GH200 120GB,0.03913265059236437,2209234.0999101475,2.207874976321142
2744,433552,float64,True,2,2,128x0e+128x1o,64x0e+64x1o,3,RealAgnosticResidualInteractionBlock,RealAgnosticResidualNonLinearInteractionBlock,16823058944,17125343232,NVIDIA GH200 120GB,0.05874251900240779,1468924.5780651015,1.470825587109374
2744,433552,float32,True,1,2,128x0e+128x1o,64x0e+64x1o,3,RealAgnosticResidualNonLinearInteractionBlock,RealAgnosticResidualNonLinearInteractionBlock,5800005632,5928648704,NVIDIA GH200 120GB,0.02495017391629517,3457913.5136097698,3.46290171322499
2744,433552,float64,True,1,2,128x0e+128x1o,64x0e+64x1o,3,RealAgnosticResidualNonLinearInteractionBlock,RealAgnosticResidualNonLinearInteractionBlock,11514671616,11785994240,NVIDIA GH200 120GB,0.03866199194453657,2232573.132667319,2.2347529357501053
2744,433552,float32,True,2,2,128x0e+128x1o,64x0e+64x1o,3,RealAgnosticResidualNonLinearInteractionBlock,RealAgnosticResidualNonLinearInteractionBlock,9614899200,9827254272,NVIDIA GH200 120GB,0.04877660586498678,1771640.4933943474,1.7713409629024712
2744,433552,float64,True,2,2,128x0e+128x1o,64x0e+64x1o,3,RealAgnosticResidualNonLinearInteractionBlock,RealAgnosticResidualNonLinearInteractionBlock,19146672640,19570622464,NVIDIA GH200 120GB,0.08002073806710541,1081199.3626721601,1.0797201086491472
2744,433552,float32,True,1,2,258x0e+258x1o,128x0e+32x1o,3,RealAgnosticResidualInteractionBlock,RealAgnosticResidualInteractionBlock,8491395584,8617197568,NVIDIA GH200 120GB,0.022036144000594504,3916115.618951788,3.9208311580133555
2744,433552,float64,True,1,2,258x0e+258x1o,128x0e+32x1o,3,RealAgnosticResidualInteractionBlock,RealAgnosticResidualInteractionBlock,16906488832,17169383424,NVIDIA GH200 120GB,0.02988106299744686,2889789.5048662256,2.891463399658249
2744,433552,float32,True,2,2,258x0e+258x1o,128x0e+32x1o,3,RealAgnosticResidualInteractionBlock,RealAgnosticResidualInteractionBlock,11790725632,16886267904,NVIDIA GH200 120GB,0.07258804750017589,1189377.1943965692,1.1902786061271402
2744,433552,float64,True,2,2,258x0e+258x1o,128x0e+32x1o,3,RealAgnosticResidualInteractionBlock,RealAgnosticResidualInteractionBlock,23505719296,33680261120,NVIDIA GH200 120GB,0.11274266099644592,762947.35495745,0.76634699976368
2744,433552,float32,True,1,2,258x0e+258x1o,128x0e+32x1o,3,RealAgnosticResidualNonLinearInteractionBlock,RealAgnosticResidualInteractionBlock,8490839040,8627683328,NVIDIA GH200 120GB,0.02212049400259275,3902495.503385091,3.9058802208428545
2744,433552,float64,True,1,2,258x0e+258x1o,128x0e+32x1o,3,RealAgnosticResidualNonLinearInteractionBlock,RealAgnosticResidualInteractionBlock,16906518528,17169383424,NVIDIA GH200 120GB,0.029985459499584977,2881520.8242291645,2.881396564931608
2744,433552,float32,True,2,2,258x0e+258x1o,128x0e+32x1o,3,RealAgnosticResidualNonLinearInteractionBlock,RealAgnosticResidualInteractionBlock,13422381568,14415822848,NVIDIA GH200 120GB,0.08590672349964734,1004420.876915393,1.005742001094416
2744,433552,float64,True,2,2,258x0e+258x1o,128x0e+32x1o,3,RealAgnosticResidualNonLinearInteractionBlock,RealAgnosticResidualInteractionBlock,26764886016,39346765824,NVIDIA GH200 120GB,0.14011181450041477,616964.8523150971,0.6166503539196135
2744,433552,float32,True,1,2,258x0e+258x1o,128x0e+32x1o,3,RealAgnosticResidualInteractionBlock,RealAgnosticResidualNonLinearInteractionBlock,10090075648,10366222336,NVIDIA GH200 120GB,0.03498891100025503,2468701.3770792047,2.4693537903871956
2744,433552,float64,True,1,2,258x0e+258x1o,128x0e+32x1o,3,RealAgnosticResidualInteractionBlock,RealAgnosticResidualNonLinearInteractionBlock,20103532032,20648558592,NVIDIA GH200 120GB,0.054584808996878564,1581263.5602939813,1.5828579707028159
2744,433552,float32,True,2,2,258x0e+258x1o,128x0e+32x1o,3,RealAgnosticResidualInteractionBlock,RealAgnosticResidualNonLinearInteractionBlock,13484611584,18624806912,NVIDIA GH200 120GB,0.08558551999885822,1009611.4700378741,1.009516563095634
2744,433552,float64,True,2,2,258x0e+258x1o,128x0e+32x1o,3,RealAgnosticResidualInteractionBlock,RealAgnosticResidualNonLinearInteractionBlock,26888693760,37132173312,NVIDIA GH200 120GB,0.14009932300177752,617378.3621760425,0.6167053355347321
2744,433552,float32,True,1,2,258x0e+258x1o,128x0e+32x1o,3,RealAgnosticResidualNonLinearInteractionBlock,RealAgnosticResidualNonLinearInteractionBlock,10090057216,10366222336,NVIDIA GH200 120GB,0.03506372599804308,2460028.326960847,2.46408496361231
2744,433552,float64,True,1,2,258x0e+258x1o,128x0e+32x1o,3,RealAgnosticResidualNonLinearInteractionBlock,RealAgnosticResidualNonLinearInteractionBlock,20103513600,20648558592,NVIDIA GH200 120GB,0.05466794300446054,1574897.2960070549,1.5804509050752165
2744,433552,float32,True,2,2,258x0e+258x1o,128x0e+32x1o,3,RealAgnosticResidualNonLinearInteractionBlock,RealAgnosticResidualNonLinearInteractionBlock,15115533312,17263755264,NVIDIA GH200 120GB,0.09936341400316451,870716.2053357186,0.869535340213334
2744,433552,float64,True,2,2,258x0e+258x1o,128x0e+32x1o,3,RealAgnosticResidualNonLinearInteractionBlock,RealAgnosticResidualNonLinearInteractionBlock,30153158144,32191283200,NVIDIA GH200 120GB,0.16236712550016819,531675.1198598238,0.5321274225545768
2744,433552,float32,True,1,2,64x0e+64x1o,258x0e+32x1o,3,RealAgnosticResidualInteractionBlock,RealAgnosticResidualInteractionBlock,2760330752,3315597312,NVIDIA GH200 120GB,0.012079997999535408,7150281.627716249,7.152319065228563
2744,433552,float64,True,1,2,64x0e+64x1o,258x0e+32x1o,3,RealAgnosticResidualInteractionBlock,RealAgnosticResidualInteractionBlock,5443924480,5523898368,NVIDIA GH200 120GB,0.014770710997254355,5825168.287768212,5.849413749687501
2744,433552,float32,True,2,2,64x0e+64x1o,258x0e+32x1o,3,RealAgnosticResidualInteractionBlock,RealAgnosticResidualInteractionBlock,17341115904,22267559936,NVIDIA GH200 120GB,0.08687706300406717,994360.2138602807,0.9945087576907977
2744,433552,float64,True,2,2,64x0e+64x1o,258x0e+32x1o,3,RealAgnosticResidualInteractionBlock,RealAgnosticResidualInteractionBlock,34602343424,39965425664,NVIDIA GH200 120GB,0.13951030199677916,619624.8102376765,0.6193091030796758
2744,433552,float32,True,1,2,64x0e+64x1o,258x0e+32x1o,3,RealAgnosticResidualNonLinearInteractionBlock,RealAgnosticResidualInteractionBlock,2758754816,2852126720,NVIDIA GH200 120GB,0.012152556999353692,7104908.069292605,7.109614874021575
2744,433552,float64,True,1,2,64x0e+64x1o,258x0e+32x1o,3,RealAgnosticResidualNonLinearInteractionBlock,RealAgnosticResidualInteractionBlock,5442576384,5620367360,NVIDIA GH200 120GB,0.01487386000007973,5804397.555467627,5.8088485436555715
2744,433552,float32,True,2,2,64x0e+64x1o,258x0e+32x1o,3,RealAgnosticResidualNonLinearInteractionBlock,RealAgnosticResidualInteractionBlock,18274618368,22940745728,NVIDIA GH200 120GB,0.09550760099955369,904300.8935907905,0.9046400401199874
2744,433552,float64,True,2,2,64x0e+64x1o,258x0e+32x1o,3,RealAgnosticResidualNonLinearInteractionBlock,RealAgnosticResidualInteractionBlock,36469791232,45774536704,NVIDIA GH200 120GB,0.1573409945012827,548273.3614979037,0.5491258033156492
2744,433552,float32,True,1,2,64x0e+64x1o,258x0e+32x1o,3,RealAgnosticResidualInteractionBlock,RealAgnosticResidualNonLinearInteractionBlock,3679735808,3860856832,NVIDIA GH200 120GB,0.02040620899788337,4226437.297071708,4.234005444566496
2744,433552,float64,True,1,2,64x0e+64x1o,258x0e+32x1o,3,RealAgnosticResidualInteractionBlock,RealAgnosticResidualNonLinearInteractionBlock,7284601344,7428112384,NVIDIA GH200 120GB,0.03244089600048028,2659752.5176311047,2.663304983891964
2744,433552,float32,True,2,2,64x0e+64x1o,258x0e+32x1o,3,RealAgnosticResidualInteractionBlock,RealAgnosticResidualNonLinearInteractionBlock,18288857600,23163043840,NVIDIA GH200 120GB,0.09389526100130752,919608.842866788,0.9201742354046692
2744,433552,float64,True,2,2,64x0e+64x1o,258x0e+32x1o,3,RealAgnosticResidualInteractionBlock,RealAgnosticResidualNonLinearInteractionBlock,36491031552,41771073536,NVIDIA GH200 120GB,0.15621636899959412,552438.7660679782,0.5530790438499085
2744,433552,float32,True,1,2,64x0e+64x1o,258x0e+32x1o,3,RealAgnosticResidualNonLinearInteractionBlock,RealAgnosticResidualNonLinearInteractionBlock,3679785984,3860856832,NVIDIA GH200 120GB,0.02039516899822047,4224659.509392414,4.236297331369925
2744,433552,float64,True,1,2,64x0e+64x1o,258x0e+32x1o,3,RealAgnosticResidualNonLinearInteractionBlock,RealAgnosticResidualNonLinearInteractionBlock,7284575744,7428112384,NVIDIA GH200 120GB,0.03232806799496757,2671719.0805481337,2.6726001694085055
2744,433552,float32,True,2,2,64x0e+64x1o,258x0e+32x1o,3,RealAgnosticResidualNonLinearInteractionBlock,RealAgnosticResidualNonLinearInteractionBlock,19222339584,23834132480,NVIDIA GH200 120GB,0.10217553549955483,845644.1123239514,0.8456035936349602
2744,433552,float64,True,2,2,64x0e+64x1o,258x0e+32x1o,3,RealAgnosticResidualNonLinearInteractionBlock,RealAgnosticResidualNonLinearInteractionBlock,38358729728,47580184576,NVIDIA GH200 120GB,0.17335280900078942,498066.7821026237,0.4984055378047353
2744,433552,float32,True,1,2,64x0e+64x1o,258x0e+64x1o,3,RealAgnosticResidualInteractionBlock,RealAgnosticResidualInteractionBlock,2760330752,3315597312,NVIDIA GH200 120GB,0.012330412399023771,6986976.340281749,7.007064906185985
2744,433552,float64,True,1,2,64x0e+64x1o,258x0e+64x1o,3,RealAgnosticResidualInteractionBlock,RealAgnosticResidualInteractionBlock,5443924480,5523898368,NVIDIA GH200 120GB,0.014808565145358443,5831531.307547087,5.83446128317712
2744,433552,float32,True,2,2,64x0e+64x1o,258x0e+64x1o,3,RealAgnosticResidualInteractionBlock,RealAgnosticResidualInteractionBlock,18782709760,21088960512,NVIDIA GH200 120GB,0.098701924784109,875032.6314814859,0.8753628684443893
2744,433552,float64,True,2,2,64x0e+64x1o,258x0e+64x1o,3,RealAgnosticResidualInteractionBlock,RealAgnosticResidualInteractionBlock,37488754176,42075160576,NVIDIA GH200 120GB,0.1631855721352622,528989.2886332375,0.529458572038368
2744,433552,float32,True,1,2,64x0e+64x1o,258x0e+64x1o,3,RealAgnosticResidualNonLinearInteractionBlock,RealAgnosticResidualInteractionBlock,2758754816,2852126720,NVIDIA GH200 120GB,0.012315965490415692,6957912.154389595,7.015284353243491
2744,433552,float64,True,1,2,64x0e+64x1o,258x0e+64x1o,3,RealAgnosticResidualNonLinearInteractionBlock,RealAgnosticResidualInteractionBlock,5442576384,5620367360,NVIDIA GH200 120GB,0.015019344165921211,5742330.198010493,5.752581407385351
2744,433552,float32,True,2,2,64x0e+64x1o,258x0e+64x1o,3,RealAgnosticResidualNonLinearInteractionBlock,RealAgnosticResidualInteractionBlock,19720667136,23997710336,NVIDIA GH200 120GB,0.10741898603737354,803166.7697224984,0.8043270858090157
2744,433552,float64,True,2,2,64x0e+64x1o,258x0e+64x1o,3,RealAgnosticResidualNonLinearInteractionBlock,RealAgnosticResidualInteractionBlock,39360161280,47884271616,NVIDIA GH200 120GB,0.1805601269006729,478647.9774355065,0.47851096187769687
2744,433552,float32,True,1,2,64x0e+64x1o,258x0e+64x1o,3,RealAgnosticResidualInteractionBlock,RealAgnosticResidualNonLinearInteractionBlock,3679735808,3860856832,NVIDIA GH200 120GB,0.020652989041991532,4181657.2240217933,4.183413830527487
2744,433552,float64,True,1,2,64x0e+64x1o,258x0e+64x1o,3,RealAgnosticResidualInteractionBlock,RealAgnosticResidualNonLinearInteractionBlock,7284601344,7428112384,NVIDIA GH200 120GB,0.032815566984936595,2630310.973156276,2.632896760237615
2744,433552,float32,True,2,2,64x0e+64x1o,258x0e+64x1o,3,RealAgnosticResidualInteractionBlock,RealAgnosticResidualNonLinearInteractionBlock,19730953728,21982347264,NVIDIA GH200 120GB,0.1056302860379219,817680.7052375796,0.8179472312418229
2744,433552,float64,True,2,2,64x0e+64x1o,258x0e+64x1o,3,RealAgnosticResidualInteractionBlock,RealAgnosticResidualNonLinearInteractionBlock,39375724544,43880808448,NVIDIA GH200 120GB,0.18041598692070693,479366.4687076677,0.4788932592651721
2744,433552,float32,True,1,2,64x0e+64x1o,258x0e+64x1o,3,RealAgnosticResidualNonLinearInteractionBlock,RealAgnosticResidualNonLinearInteractionBlock,3679717376,3860856832,NVIDIA GH200 120GB,0.020792121067643166,3477432.3412666023,4.155420205515071
2744,433552,float64,True,1,2,64x0e+64x1o,258x0e+64x1o,3,RealAgnosticResidualNonLinearInteractionBlock,RealAgnosticResidualNonLinearInteractionBlock,7284582912,7428112384,NVIDIA GH200 120GB,0.032527158968150616,2651678.903544186,2.6562418219371593
2744,433552,float32,True,2,2,64x0e+64x1o,258x0e+64x1o,3,RealAgnosticResidualNonLinearInteractionBlock,RealAgnosticResidualNonLinearInteractionBlock,20666967040,24893194240,NVIDIA GH200 120GB,0.11420016712509096,756015.2645201233,0.7565663183781544
2744,433552,float64,True,2,2,64x0e+64x1o,258x0e+64x1o,3,RealAgnosticResidualNonLinearInteractionBlock,RealAgnosticResidualNonLinearInteractionBlock,41248791552,49689919488,NVIDIA GH200 120GB,0.19918759656138718,433614.5409921622,0.43376194849247346
2744,433552,float32,True,1,2,128x0e+128x1o,128x0e+32x1o,3,RealAgnosticResidualInteractionBlock,RealAgnosticResidualInteractionBlock,4654079488,4729077760,NVIDIA GH200 120GB,0.014990441501140594,5752532.6321362145,5.763672803994865
2744,433552,float64,True,1,2,128x0e+128x1o,128x0e+32x1o,3,RealAgnosticResidualInteractionBlock,RealAgnosticResidualInteractionBlock,9225289728,9443475456,NVIDIA GH200 120GB,0.01880082697607577,4585867.850307864,4.595542531716548
2744,433552,float32,True,2,2,128x0e+128x1o,128x0e+32x1o,3,RealAgnosticResidualInteractionBlock,RealAgnosticResidualInteractionBlock,10828839424,13006536704,NVIDIA GH200 120GB,0.06484844151418656,1332384.470399627,1.3323373389181408
2744,433552,float64,True,2,2,128x0e+128x1o,128x0e+32x1o,3,RealAgnosticResidualInteractionBlock,RealAgnosticResidualInteractionBlock,21579501056,25893535744,NVIDIA GH200 120GB,0.0999035774730146,865158.0305969032,0.8648338946954918
2744,433552,float32,True,1,2,128x0e+128x1o,128x0e+32x1o,3,RealAgnosticResidualNonLinearInteractionBlock,RealAgnosticResidualInteractionBlock,4651705856,4758437888,NVIDIA GH200 120GB,0.015109254978597164,5706596.373748448,5.71834945683218
2744,433552,float64,True,1,2,128x0e+128x1o,128x0e+32x1o,3,RealAgnosticResidualNonLinearInteractionBlock,RealAgnosticResidualInteractionBlock,9224265216,9449766912,NVIDIA GH200 120GB,0.01890056801494211,4554631.887133412,4.571291187211689
2744,433552,float32,True,2,2,128x0e+128x1o,128x0e+32x1o,3,RealAgnosticResidualNonLinearInteractionBlock,RealAgnosticResidualInteractionBlock,11989730304,14283702272,NVIDIA GH200 120GB,0.07454231847077608,1159099.9186400676,1.1590731516336277
2744,433552,float64,True,2,2,128x0e+128x1o,128x0e+32x1o,3,RealAgnosticResidualNonLinearInteractionBlock,RealAgnosticResidualInteractionBlock,23901999616,28443672576,NVIDIA GH200 120GB,0.12027789396233857,718323.3661540791,0.7183364885575199
2744,433552,float32,True,1,2,128x0e+128x1o,128x0e+32x1o,3,RealAgnosticResidualInteractionBlock,RealAgnosticResidualNonLinearInteractionBlock,5799969280,5930745856,NVIDIA GH200 120GB,0.024557107011787593,3503121.0240260297,3.5183297429345957
2744,433552,float64,True,1,2,128x0e+128x1o,128x0e+32x1o,3,RealAgnosticResidualInteractionBlock,RealAgnosticResidualNonLinearInteractionBlock,11516110336,11788091392,NVIDIA GH200 120GB,0.038511242950335145,2241896.896303298,2.243500686576726
2744,433552,float32,True,2,2,128x0e+128x1o,128x0e+32x1o,3,RealAgnosticResidualInteractionBlock,RealAgnosticResidualNonLinearInteractionBlock,12021316096,14157873152,NVIDIA GH200 120GB,0.07360485754907131,1173384.8424525158,1.1738355711428197
2744,433552,float64,True,2,2,128x0e+128x1o,128x0e+32x1o,3,RealAgnosticResidualInteractionBlock,RealAgnosticResidualNonLinearInteractionBlock,23961834496,28236054528,NVIDIA GH200 120GB,0.12013658601790667,719545.4318141541,0.7191814156190677
2744,433552,float32,True,1,2,128x0e+128x1o,128x0e+32x1o,3,RealAgnosticResidualNonLinearInteractionBlock,RealAgnosticResidualNonLinearInteractionBlock,5799947776,5928648704,NVIDIA GH200 120GB,0.024828858440741897,3482658.4223013995,3.479821684360062
2744,433552,float64,True,1,2,128x0e+128x1o,128x0e+32x1o,3,RealAgnosticResidualNonLinearInteractionBlock,RealAgnosticResidualNonLinearInteractionBlock,11514613760,11785994240,NVIDIA GH200 120GB,0.03850076301023364,2242087.355721811,2.2441113693522015
2744,433552,float32,True,2,2,128x0e+128x1o,128x0e+32x1o,3,RealAgnosticResidualNonLinearInteractionBlock,RealAgnosticResidualNonLinearInteractionBlock,13183172096,15439233024,NVIDIA GH200 120GB,0.08312182757072151,1038971.0017137418,1.0394381659437093
2744,433552,float64,True,2,2,128x0e+128x1o,128x0e+32x1o,3,RealAgnosticResidualNonLinearInteractionBlock,RealAgnosticResidualNonLinearInteractionBlock,26284304896,30790385664,NVIDIA GH200 120GB,0.13971140596549958,618705.8307282932,0.618417654613938
2744,433552,float32,True,1,2,32x0e+32x1o,258x0e+128x1o,3,RealAgnosticResidualInteractionBlock,RealAgnosticResidualInteractionBlock,1814402560,1849688064,NVIDIA GH200 120GB,0.010807565995492041,7957339.512278901,7.994399482366189
2744,433552,float64,True,1,2,32x0e+32x1o,258x0e+128x1o,3,RealAgnosticResidualInteractionBlock,RealAgnosticResidualInteractionBlock,3553224192,3573547008,NVIDIA GH200 120GB,0.012762710000970401,6761540.9957892755,6.769722103959947
2744,433552,float32,True,2,2,32x0e+32x1o,258x0e+128x1o,3,RealAgnosticResidualInteractionBlock,RealAgnosticResidualInteractionBlock,22131591168,30800871424,NVIDIA GH200 120GB,0.12305301199376117,701959.8926994242,0.7021364093418576
2744,433552,float64,True,2,2,32x0e+32x1o,258x0e+128x1o,3,RealAgnosticResidualInteractionBlock,RealAgnosticResidualInteractionBlock,44182171136,61478010880,NVIDIA GH200 120GB,0.21545052849978674,401351.13861946936,0.4010201348848653
2744,433552,float32,True,1,2,32x0e+32x1o,258x0e+128x1o,3,RealAgnosticResidualNonLinearInteractionBlock,RealAgnosticResidualInteractionBlock,1814429184,1858076672,NVIDIA GH200 120GB,0.011088421000749804,7764915.267661003,7.791911940767545
2744,433552,float64,True,1,2,32x0e+32x1o,258x0e+128x1o,3,RealAgnosticResidualNonLinearInteractionBlock,RealAgnosticResidualInteractionBlock,3553253888,3573547008,NVIDIA GH200 120GB,0.012887056996987667,6692668.285366583,6.704401169343465
2744,433552,float32,True,2,2,32x0e+32x1o,258x0e+128x1o,3,RealAgnosticResidualNonLinearInteractionBlock,RealAgnosticResidualInteractionBlock,22949570560,31471960064,NVIDIA GH200 120GB,0.13122930800091126,657974.5925598878,0.6583895115822758
2744,433552,float64,True,2,2,32x0e+32x1o,258x0e+128x1o,3,RealAgnosticResidualNonLinearInteractionBlock,RealAgnosticResidualInteractionBlock,45817864704,53882126336,NVIDIA GH200 120GB,0.23114449800050352,373010.4359564775,0.3737921548961628
2744,433552,float32,True,1,2,32x0e+32x1o,258x0e+128x1o,3,RealAgnosticResidualInteractionBlock,RealAgnosticResidualNonLinearInteractionBlock,2625133568,2680160256,NVIDIA GH200 120GB,0.018515058000048157,4642238.732959111,4.66647201428023
2744,433552,float64,True,1,2,32x0e+32x1o,258x0e+128x1o,3,RealAgnosticResidualInteractionBlock,RealAgnosticResidualNonLinearInteractionBlock,5172965376,5265948672,NVIDIA GH200 120GB,0.029382764500041958,2938646.1109883483,2.940499352941301
2744,433552,float32,True,2,2,32x0e+32x1o,258x0e+128x1o,3,RealAgnosticResidualInteractionBlock,RealAgnosticResidualNonLinearInteractionBlock,22953919488,31599886336,NVIDIA GH200 120GB,0.1296671445015818,665811.4617751967,0.6663214519923821
2744,433552,float64,True,2,2,32x0e+32x1o,258x0e+128x1o,3,RealAgnosticResidualInteractionBlock,RealAgnosticResidualNonLinearInteractionBlock,45825327104,63090720768,NVIDIA GH200 120GB,0.22993856450193562,375551.0157772366,0.37575254149798215
2744,433552,float32,True,1,2,32x0e+32x1o,258x0e+128x1o,3,RealAgnosticResidualNonLinearInteractionBlock,RealAgnosticResidualNonLinearInteractionBlock,2625115136,2680160256,NVIDIA GH200 120GB,0.018485394004528644,4665617.734031266,4.673960424042534
2744,433552,float64,True,1,2,32x0e+32x1o,258x0e+128x1o,3,RealAgnosticResidualNonLinearInteractionBlock,RealAgnosticResidualNonLinearInteractionBlock,5172946944,5265948672,NVIDIA GH200 120GB,0.0295062009972753,2926617.746847632,2.9281980424378746
2744,433552,float32,True,2,2,32x0e+32x1o,258x0e+128x1o,3,RealAgnosticResidualNonLinearInteractionBlock,RealAgnosticResidualNonLinearInteractionBlock,23772439552,32268877824,NVIDIA GH200 120GB,0.13733031849915278,628556.1865541156,0.6291400248994036
2744,433552,float64,True,2,2,32x0e+32x1o,258x0e+128x1o,3,RealAgnosticResidualNonLinearInteractionBlock,RealAgnosticResidualNonLinearInteractionBlock,47460793856,64430800896,NVIDIA GH200 120GB,0.2470700769990799,349706.43621980795,0.34969835703868646
2744,433552,float32,True,1,2,258x0e+258x1o,64x0e+16x1o,3,RealAgnosticResidualInteractionBlock,RealAgnosticResidualInteractionBlock,8491395584,8617197568,NVIDIA GH200 120GB,0.021669574489351362,3986373.3635826996,3.9871572024848847
2744,433552,float64,True,1,2,258x0e+258x1o,64x0e+16x1o,3,RealAgnosticResidualInteractionBlock,RealAgnosticResidualInteractionBlock,16906488832,17169383424,NVIDIA GH200 120GB,0.029598406050354242,2654553.0989876734,2.919076110146342
2744,433552,float32,True,2,2,258x0e+258x1o,64x0e+16x1o,3,RealAgnosticResidualInteractionBlock,RealAgnosticResidualInteractionBlock,8544561152,12222201856,NVIDIA GH200 120GB,0.05470416694879532,1579746.9634838488,1.5794043638553696
2744,433552,float64,True,2,2,258x0e+258x1o,64x0e+16x1o,3,RealAgnosticResidualInteractionBlock,RealAgnosticResidualInteractionBlock,17012734464,24354226176,NVIDIA GH200 120GB,0.08190431899856776,1053508.1903198056,1.0548894253245773
2744,433552,float32,True,1,2,258x0e+258x1o,64x0e+16x1o,3,RealAgnosticResidualNonLinearInteractionBlock,RealAgnosticResidualInteractionBlock,8490839040,8627683328,NVIDIA GH200 120GB,0.02174486796138808,3963404.163357953,3.9733513283878623
2744,433552,float64,True,1,2,258x0e+258x1o,64x0e+16x1o,3,RealAgnosticResidualNonLinearInteractionBlock,RealAgnosticResidualInteractionBlock,16906518528,17169383424,NVIDIA GH200 120GB,0.029716754506807774,2898505.993075524,2.9074507439971864
2744,433552,float32,True,2,2,258x0e+258x1o,64x0e+16x1o,3,RealAgnosticResidualNonLinearInteractionBlock,RealAgnosticResidualInteractionBlock,9439962624,13893632000,NVIDIA GH200 120GB,0.06776032503694296,1273879.8798443095,1.2750824313917426
2744,433552,float64,True,2,2,258x0e+258x1o,64x0e+16x1o,3,RealAgnosticResidualNonLinearInteractionBlock,RealAgnosticResidualInteractionBlock,18805405184,27688697856,NVIDIA GH200 120GB,0.10774926951853558,800638.8719443673,0.8018615846405996
2744,433552,float32,True,1,2,258x0e+258x1o,64x0e+16x1o,3,RealAgnosticResidualInteractionBlock,RealAgnosticResidualNonLinearInteractionBlock,10090075648,10366222336,NVIDIA GH200 120GB,0.03441660897806287,2509785.1187128597,2.51041583019034
2744,433552,float64,True,1,2,258x0e+258x1o,64x0e+16x1o,3,RealAgnosticResidualInteractionBlock,RealAgnosticResidualNonLinearInteractionBlock,20103532032,20648558592,NVIDIA GH200 120GB,0.05374727095477283,1598513.3793252932,1.6075234791493644
2744,433552,float32,True,2,2,258x0e+258x1o,64x0e+16x1o,3,RealAgnosticResidualInteractionBlock,RealAgnosticResidualNonLinearInteractionBlock,10143531520,13960740864,NVIDIA GH200 120GB,0.06712351506575942,1285196.8572757666,1.2871793128735263
2744,433552,float64,True,2,2,258x0e+258x1o,64x0e+16x1o,3,RealAgnosticResidualInteractionBlock,RealAgnosticResidualNonLinearInteractionBlock,20209667072,27810332672,NVIDIA GH200 120GB,0.10684808500809595,805802.1695237522,0.8086246935867256
2744,433552,float32,True,1,2,258x0e+258x1o,64x0e+16x1o,3,RealAgnosticResidualNonLinearInteractionBlock,RealAgnosticResidualNonLinearInteractionBlock,10090057216,10366222336,NVIDIA GH200 120GB,0.03457465104293078,2494836.871720853,2.498940622501686
2744,433552,float64,True,1,2,258x0e+258x1o,64x0e+16x1o,3,RealAgnosticResidualNonLinearInteractionBlock,RealAgnosticResidualNonLinearInteractionBlock,20103513600,20648558592,NVIDIA GH200 120GB,0.05413525807671249,1592422.4317398323,1.596002366471897
2744,433552,float32,True,2,2,258x0e+258x1o,64x0e+16x1o,3,RealAgnosticResidualNonLinearInteractionBlock,RealAgnosticResidualNonLinearInteractionBlock,11040016384,15630073856,NVIDIA GH200 120GB,0.07991712295915931,1079912.6070756076,1.0811200003302632
2744,433552,float64,True,2,2,258x0e+258x1o,64x0e+16x1o,3,RealAgnosticResidualNonLinearInteractionBlock,RealAgnosticResidualNonLinearInteractionBlock,22001329152,31140610048,NVIDIA GH200 120GB,0.1314118960290216,656584.0784343478,0.6574747234521222
2744,433552,float32,True,1,2,128x0e+128x1o,128x0e+64x1o,3,RealAgnosticResidualInteractionBlock,RealAgnosticResidualInteractionBlock,4654079488,4729077760,NVIDIA GH200 120GB,0.014735121978446841,5858224.953124335,5.863541552379264
2744,433552,float64,True,1,2,128x0e+128x1o,128x0e+64x1o,3,RealAgnosticResidualInteractionBlock,RealAgnosticResidualInteractionBlock,9225289728,9443475456,NVIDIA GH200 120GB,0.018632191000506282,4634877.503733406,4.637135804246119
2744,433552,float32,True,2,2,128x0e+128x1o,128x0e+64x1o,3,RealAgnosticResidualInteractionBlock,RealAgnosticResidualInteractionBlock,12650100224,15783165952,NVIDIA GH200 120GB,0.0756436618976295,1141393.004045938,1.1421974800337844
2744,433552,float64,True,2,2,128x0e+128x1o,128x0e+64x1o,3,RealAgnosticResidualInteractionBlock,RealAgnosticResidualInteractionBlock,25211981824,31448891392,NVIDIA GH200 120GB,0.1237020178232342,697552.4862568179,0.6984526325468882
2744,433552,float32,True,1,2,128x0e+128x1o,128x0e+64x1o,3,RealAgnosticResidualNonLinearInteractionBlock,RealAgnosticResidualInteractionBlock,4651705856,4758437888,NVIDIA GH200 120GB,0.014868973521515727,5803908.599260127,5.8107575398515126
2744,433552,float64,True,1,2,128x0e+128x1o,128x0e+64x1o,3,RealAgnosticResidualNonLinearInteractionBlock,RealAgnosticResidualInteractionBlock,9224265216,9449766912,NVIDIA GH200 120GB,0.01866705494467169,4619197.722342152,4.628475153476845
2744,433552,float32,True,2,2,128x0e+128x1o,128x0e+64x1o,3,RealAgnosticResidualNonLinearInteractionBlock,RealAgnosticResidualInteractionBlock,13816045056,15672016896,NVIDIA GH200 120GB,0.08497089392039925,1016169.1801548935,1.0168187718601565
2744,433552,float64,True,2,2,128x0e+128x1o,128x0e+64x1o,3,RealAgnosticResidualNonLinearInteractionBlock,RealAgnosticResidualInteractionBlock,27542780928,31222398976,NVIDIA GH200 120GB,0.14357385353650898,601406.8122487008,0.6017808805140805
2744,433552,float32,True,1,2,128x0e+128x1o,128x0e+64x1o,3,RealAgnosticResidualInteractionBlock,RealAgnosticResidualNonLinearInteractionBlock,5799969280,5930745856,NVIDIA GH200 120GB,0.024138621985912323,3569906.9928105627,3.5793261127509433
2744,433552,float64,True,1,2,128x0e+128x1o,128x0e+64x1o,3,RealAgnosticResidualInteractionBlock,RealAgnosticResidualNonLinearInteractionBlock,11516110336,11788091392,NVIDIA GH200 120GB,0.03815747704356909,2262186.938248742,2.264300648110107
2744,433552,float32,True,2,2,128x0e+128x1o,128x0e+64x1o,3,RealAgnosticResidualInteractionBlock,RealAgnosticResidualNonLinearInteractionBlock,13842123264,16936599552,NVIDIA GH200 120GB,0.08417394105345011,1025965.2670738499,1.0264459394284076
2744,433552,float64,True,2,2,128x0e+128x1o,128x0e+64x1o,3,RealAgnosticResidualInteractionBlock,RealAgnosticResidualNonLinearInteractionBlock,27597401600,33791410176,NVIDIA GH200 120GB,0.14299387054052204,603479.1693286456,0.6042217031639529
2744,433552,float32,True,1,2,128x0e+128x1o,128x0e+64x1o,3,RealAgnosticResidualNonLinearInteractionBlock,RealAgnosticResidualNonLinearInteractionBlock,5799947776,5928648704,NVIDIA GH200 120GB,0.02423926000483334,3560266.886549225,3.564465251116236
2744,433552,float64,True,1,2,128x0e+128x1o,128x0e+64x1o,3,RealAgnosticResidualNonLinearInteractionBlock,RealAgnosticResidualNonLinearInteractionBlock,11514613760,11785994240,NVIDIA GH200 120GB,0.038090758956968784,2267191.922348919,2.268266696854381
2744,433552,float32,True,2,2,128x0e+128x1o,128x0e+64x1o,3,RealAgnosticResidualNonLinearInteractionBlock,RealAgnosticResidualNonLinearInteractionBlock,15008139776,18270388224,NVIDIA GH200 120GB,0.09364443202503026,921343.3018882747,0.922638945334263
2744,433552,float64,True,2,2,128x0e+128x1o,128x0e+64x1o,3,RealAgnosticResidualNonLinearInteractionBlock,RealAgnosticResidualNonLinearInteractionBlock,29927733248,36456890368,NVIDIA GH200 120GB,0.16277844458818436,530326.1862284964,0.5307828086119428
2744,433552,float32,True,1,2,258x0e+258x1o,258x0e+16x1o,3,RealAgnosticResidualInteractionBlock,RealAgnosticResidualInteractionBlock,8491395584,8617197568,NVIDIA GH200 120GB,0.02303724503144622,3734400.3394493978,3.750448453452771
2744,433552,float64,True,1,2,258x0e+258x1o,258x0e+16x1o,3,RealAgnosticResidualInteractionBlock,RealAgnosticResidualInteractionBlock,16906488832,17169383424,NVIDIA GH200 120GB,0.030540545005351305,2828120.64580145,2.8290261350889785
2744,433552,float32,True,2,2,258x0e+258x1o,258x0e+16x1o,3,RealAgnosticResidualInteractionBlock,RealAgnosticResidualInteractionBlock,18063484416,20623392768,NVIDIA GH200 120GB,0.093740900978446,920783.4816973383,0.9216894557037177
2744,433552,float64,True,2,2,258x0e+258x1o,258x0e+16x1o,3,RealAgnosticResidualInteractionBlock,RealAgnosticResidualInteractionBlock,36045417472,41152413696,NVIDIA GH200 120GB,0.1468400489538908,586256.9091465275,0.5883953363917118
2744,433552,float32,True,1,2,258x0e+258x1o,258x0e+16x1o,3,RealAgnosticResidualNonLinearInteractionBlock,RealAgnosticResidualInteractionBlock,8490839040,8627683328,NVIDIA GH200 120GB,0.023400082485750318,3684541.733970402,3.6922946768505636
2744,433552,float64,True,1,2,258x0e+258x1o,258x0e+16x1o,3,RealAgnosticResidualNonLinearInteractionBlock,RealAgnosticResidualInteractionBlock,16906518528,17169383424,NVIDIA GH200 120GB,0.03085448802448809,2792331.3655436956,2.800240922209678
2744,433552,float32,True,2,2,258x0e+258x1o,258x0e+16x1o,3,RealAgnosticResidualNonLinearInteractionBlock,RealAgnosticResidualInteractionBlock,19693532160,22502440960,NVIDIA GH200 120GB,0.10784628242254257,801832.11575077,0.801140271683025
2744,433552,float64,True,2,2,258x0e+258x1o,258x0e+16x1o,3,RealAgnosticResidualNonLinearInteractionBlock,RealAgnosticResidualInteractionBlock,39309607936,44916801536,NVIDIA GH200 120GB,0.17320748942438513,498066.057373715,0.49882369571391133
2744,433552,float32,True,1,2,258x0e+258x1o,258x0e+16x1o,3,RealAgnosticResidualInteractionBlock,RealAgnosticResidualNonLinearInteractionBlock,10090075648,10366222336,NVIDIA GH200 120GB,0.03679829905740917,2338879.8778687357,2.347934611466879
2744,433552,float64,True,1,2,258x0e+258x1o,258x0e+16x1o,3,RealAgnosticResidualInteractionBlock,RealAgnosticResidualNonLinearInteractionBlock,20103532032,20648558592,NVIDIA GH200 120GB,0.05583870143163949,1541461.3133198803,1.547313920001796
2744,433552,float32,True,2,2,258x0e+258x1o,258x0e+16x1o,3,RealAgnosticResidualInteractionBlock,RealAgnosticResidualNonLinearInteractionBlock,19756230144,22359834624,NVIDIA GH200 120GB,0.10692354198545218,807578.1879673268,0.8080540393223733
2744,433552,float64,True,2,2,258x0e+258x1o,258x0e+16x1o,3,RealAgnosticResidualInteractionBlock,RealAgnosticResidualNonLinearInteractionBlock,39430336512,44604325888,NVIDIA GH200 120GB,0.17248885391745716,499958.7278418893,0.5009019309812672
2744,433552,float32,True,1,2,258x0e+258x1o,258x0e+16x1o,3,RealAgnosticResidualNonLinearInteractionBlock,RealAgnosticResidualNonLinearInteractionBlock,10090057216,10366222336,NVIDIA GH200 120GB,0.037921672919765115,2282224.005231161,2.2783804971580657
2744,433552,float64,True,1,2,258x0e+258x1o,258x0e+16x1o,3,RealAgnosticResidualNonLinearInteractionBlock,RealAgnosticResidualNonLinearInteractionBlock,20103513600,20648558592,NVIDIA GH200 120GB,0.055490391911007464,1552189.9219564174,1.5570263071589714
2744,433552,float32,True,2,2,258x0e+258x1o,258x0e+16x1o,3,RealAgnosticResidualNonLinearInteractionBlock,RealAgnosticResidualNonLinearInteractionBlock,21389498880,24240979968,NVIDIA GH200 120GB,0.12036857195198536,717003.0784666365,0.7177953397541734
2744,433552,float64,True,2,2,258x0e+258x1o,258x0e+16x1o,3,RealAgnosticResidualNonLinearInteractionBlock,RealAgnosticResidualNonLinearInteractionBlock,42698613760,48354033664,NVIDIA GH200 120GB,0.1960697480244562,441909.049171779,0.44065951463977576
2744,433552,float32,True,1,2,258x0e+258x1o,64x0e+128x1o,3,RealAgnosticResidualInteractionBlock,RealAgnosticResidualInteractionBlock,8491395584,8617197568,NVIDIA GH200 120GB,0.021843065042048693,3954406.502904324,3.9554888397611263
2744,433552,float64,True,1,2,258x0e+258x1o,64x0e+128x1o,3,RealAgnosticResidualInteractionBlock,RealAgnosticResidualInteractionBlock,16906488832,17169383424,NVIDIA GH200 120GB,0.029612482991069555,2914158.6657364257,2.9176884635461424
2744,433552,float32,True,2,2,258x0e+258x1o,64x0e+128x1o,3,RealAgnosticResidualInteractionBlock,RealAgnosticResidualInteractionBlock,15379413504,23666360320,NVIDIA GH200 120GB,0.09815629990771413,879905.3476489534,0.8802287788071951
2744,433552,float64,True,2,2,258x0e+258x1o,64x0e+128x1o,3,RealAgnosticResidualInteractionBlock,RealAgnosticResidualInteractionBlock,30671863296,47234154496,NVIDIA GH200 120GB,0.16806365712545812,513761.5977622785,0.5140909193443477
2744,433552,float32,True,1,2,258x0e+258x1o,64x0e+128x1o,3,RealAgnosticResidualNonLinearInteractionBlock,RealAgnosticResidualInteractionBlock,8490839040,8627683328,NVIDIA GH200 120GB,0.021960198995657265,3930601.6305294265,3.9343905771111647
2744,433552,float64,True,1,2,258x0e+258x1o,64x0e+128x1o,3,RealAgnosticResidualNonLinearInteractionBlock,RealAgnosticResidualInteractionBlock,16906518528,17169383424,NVIDIA GH200 120GB,0.029607317526824772,2916763.11854742,2.9181975003888825
2744,433552,float32,True,2,2,258x0e+258x1o,64x0e+128x1o,3,RealAgnosticResidualNonLinearInteractionBlock,RealAgnosticResidualInteractionBlock,17017767424,25111298048,NVIDIA GH200 120GB,0.1113558451179415,776209.4586909546,0.7758910177412802
2744,433552,float64,True,2,2,258x0e+258x1o,64x0e+128x1o,3,RealAgnosticResidualNonLinearInteractionBlock,RealAgnosticResidualInteractionBlock,33948525056,50121932800,NVIDIA GH200 120GB,0.19384787103626877,446560.5023360624,0.44571033738015436
2744,433552,float32,True,1,2,258x0e+258x1o,64x0e+128x1o,3,RealAgnosticResidualInteractionBlock,RealAgnosticResidualNonLinearInteractionBlock,10090075648,10366222336,NVIDIA GH200 120GB,0.03474150085821748,2484748.4156719763,2.486939189892933
2744,433552,float64,True,1,2,258x0e+258x1o,64x0e+128x1o,3,RealAgnosticResidualInteractionBlock,RealAgnosticResidualNonLinearInteractionBlock,20103532032,20648558592,NVIDIA GH200 120GB,0.053927781991660595,1596632.518667411,1.602142658367832
2744,433552,float32,True,2,2,258x0e+258x1o,64x0e+128x1o,3,RealAgnosticResidualInteractionBlock,RealAgnosticResidualNonLinearInteractionBlock,17072280064,25402802176,NVIDIA GH200 120GB,0.11060033144894987,780911.3064993578,0.7811911489603439
2744,433552,float64,True,2,2,258x0e+258x1o,64x0e+128x1o,3,RealAgnosticResidualInteractionBlock,RealAgnosticResidualNonLinearInteractionBlock,34056417792,50686066688,NVIDIA GH200 120GB,0.19202912505716085,448950.5579431428,0.4499317485005544
2744,433552,float32,True,1,2,258x0e+258x1o,64x0e+128x1o,3,RealAgnosticResidualNonLinearInteractionBlock,RealAgnosticResidualNonLinearInteractionBlock,10090057216,10366222336,NVIDIA GH200 120GB,0.03476738790050149,2483340.58726047,2.4850874689597764
2744,433552,float64,True,1,2,258x0e+258x1o,64x0e+128x1o,3,RealAgnosticResidualNonLinearInteractionBlock,RealAgnosticResidualNonLinearInteractionBlock,20103513600,20648558592,NVIDIA GH200 120GB,0.053735116962343454,1600075.5280876865,1.6078870743046392
2744,433552,float32,True,2,2,258x0e+258x1o,64x0e+128x1o,3,RealAgnosticResidualNonLinearInteractionBlock,RealAgnosticResidualNonLinearInteractionBlock,18710562816,26849837056,NVIDIA GH200 120GB,0.12389841815456748,696985.7041557947,0.6973454648324329
2744,433552,float64,True,2,2,258x0e+258x1o,64x0e+128x1o,3,RealAgnosticResidualNonLinearInteractionBlock,RealAgnosticResidualNonLinearInteractionBlock,37335875072,53573844992,NVIDIA GH200 120GB,0.21814932907000184,396193.45488661365,0.3960589765200476
2744,433552,float32,True,1,2,128x0e+128x1o,64x0e+128x1o,3,RealAgnosticResidualInteractionBlock,RealAgnosticResidualInteractionBlock,4654079488,4729077760,NVIDIA GH200 120GB,0.014869767939671874,5789015.257493098,5.810447099815773
2744,433552,float64,True,1,2,128x0e+128x1o,64x0e+128x1o,3,RealAgnosticResidualInteractionBlock,RealAgnosticResidualInteractionBlock,9225289728,9443475456,NVIDIA GH200 120GB,0.018820851109921932,4585454.423826303,4.5906531801025645
2744,433552,float32,True,2,2,128x0e+128x1o,64x0e+128x1o,3,RealAgnosticResidualInteractionBlock,RealAgnosticResidualInteractionBlock,14425537024,18341691392,NVIDIA GH200 120GB,0.09081966546364129,951159.5043959738,0.9513358099143114
2744,433552,float64,True,2,2,128x0e+128x1o,64x0e+128x1o,3,RealAgnosticResidualInteractionBlock,RealAgnosticResidualInteractionBlock,28763328512,36557553664,NVIDIA GH200 120GB,0.15630513650830835,552646.8977098656,0.5527649438149298
2744,433552,float32,True,1,2,128x0e+128x1o,64x0e+128x1o,3,RealAgnosticResidualNonLinearInteractionBlock,RealAgnosticResidualInteractionBlock,4651705856,4758437888,NVIDIA GH200 120GB,0.014973300509154797,5769812.406051669,5.770270886313565
2744,433552,float64,True,1,2,128x0e+128x1o,64x0e+128x1o,3,RealAgnosticResidualNonLinearInteractionBlock,RealAgnosticResidualInteractionBlock,9224265216,9449766912,NVIDIA GH200 120GB,0.018881394062191248,4572527.577487447,4.5759333084949665
2744,433552,float32,True,2,2,128x0e+128x1o,64x0e+128x1o,3,RealAgnosticResidualNonLinearInteractionBlock,RealAgnosticResidualInteractionBlock,15592687616,19562233856,NVIDIA GH200 120GB,0.10041008552070707,859641.5790038012,0.860471331659031
2744,433552,float64,True,2,2,128x0e+128x1o,64x0e+128x1o,3,RealAgnosticResidualNonLinearInteractionBlock,RealAgnosticResidualInteractionBlock,31097274368,38994444288,NVIDIA GH200 120GB,0.17732638667803258,487244.64935258037,0.48723713158873805
2744,433552,float32,True,1,2,128x0e+128x1o,64x0e+128x1o,3,RealAgnosticResidualInteractionBlock,RealAgnosticResidualNonLinearInteractionBlock,5799969280,5930745856,NVIDIA GH200 120GB,0.024517483077943325,3521060.233486787,3.5240158920606364
2744,433552,float64,True,1,2,128x0e+128x1o,64x0e+128x1o,3,RealAgnosticResidualInteractionBlock,RealAgnosticResidualNonLinearInteractionBlock,11516110336,11788091392,NVIDIA GH200 120GB,0.03843225503806025,2245519.8107022154,2.2481116425366223
2744,433552,float32,True,2,2,128x0e+128x1o,64x0e+128x1o,3,RealAgnosticResidualInteractionBlock,RealAgnosticResidualNonLinearInteractionBlock,15618966528,19493027840,NVIDIA GH200 120GB,0.09966865193564445,866301.644646327,0.866872364801202
2744,433552,float64,True,2,2,128x0e+128x1o,64x0e+128x1o,3,RealAgnosticResidualInteractionBlock,RealAgnosticResidualNonLinearInteractionBlock,31147329024,38900072448,NVIDIA GH200 120GB,0.17541690706275403,492294.529361803,0.49254089270363816
2744,433552,float32,True,1,2,128x0e+128x1o,64x0e+128x1o,3,RealAgnosticResidualNonLinearInteractionBlock,RealAgnosticResidualNonLinearInteractionBlock,5799947776,5928648704,NVIDIA GH200 120GB,0.02458100114017725,3509755.7744695046,3.5149097267149383
2744,433552,float64,True,1,2,128x0e+128x1o,64x0e+128x1o,3,RealAgnosticResidualNonLinearInteractionBlock,RealAgnosticResidualNonLinearInteractionBlock,11514613760,11785994240,NVIDIA GH200 120GB,0.03841761639341712,2243848.262742322,2.248968262768241
2744,433552,float32,True,2,2,128x0e+128x1o,64x0e+128x1o,3,RealAgnosticResidualNonLinearInteractionBlock,RealAgnosticResidualNonLinearInteractionBlock,16784977920,20717764608,NVIDIA GH200 120GB,0.10903293604496866,791342.1274067737,0.7924211080986198
2744,433552,float64,True,2,2,128x0e+128x1o,64x0e+128x1o,3,RealAgnosticResidualNonLinearInteractionBlock,RealAgnosticResidualNonLinearInteractionBlock,33480596992,41343254528,NVIDIA GH200 120GB,0.19602519588079304,440135.19518498733,0.44075966669377353
2744,433552,float32,True,1,2,64x0e+64x1o,258x0e+128x1o,3,RealAgnosticResidualInteractionBlock,RealAgnosticResidualInteractionBlock,2760330752,3315597312,NVIDIA GH200 120GB,0.011667263926938176,7381150.213224097,7.405335178928607
2744,433552,float64,True,1,2,64x0e+64x1o,258x0e+128x1o,3,RealAgnosticResidualInteractionBlock,RealAgnosticResidualInteractionBlock,5443924480,5523898368,NVIDIA GH200 120GB,0.014463055995292962,5965471.69538884,5.973841215032224
2744,433552,float32,True,2,2,64x0e+64x1o,258x0e+128x1o,3,RealAgnosticResidualInteractionBlock,RealAgnosticResidualInteractionBlock,22361822208,30553407488,NVIDIA GH200 120GB,0.12407856993377209,696210.9838149284,0.6963329771298676
2744,433552,float64,True,2,2,64x0e+64x1o,258x0e+128x1o,3,RealAgnosticResidualInteractionBlock,RealAgnosticResidualInteractionBlock,44648847872,52065992704,NVIDIA GH200 120GB,0.21972989453934133,393103.907379604,0.3932100371737565
2744,433552,float32,True,1,2,64x0e+64x1o,258x0e+128x1o,3,RealAgnosticResidualNonLinearInteractionBlock,RealAgnosticResidualInteractionBlock,2758754816,2854223872,NVIDIA GH200 120GB,0.01175703713670373,7347947.765945521,7.348790260283519
2744,433552,float64,True,1,2,64x0e+64x1o,258x0e+128x1o,3,RealAgnosticResidualNonLinearInteractionBlock,RealAgnosticResidualInteractionBlock,5442576384,5620367360,NVIDIA GH200 120GB,0.014430000563152134,5972788.7704157485,5.987525753853922
2744,433552,float32,True,2,2,64x0e+64x1o,258x0e+128x1o,3,RealAgnosticResidualNonLinearInteractionBlock,RealAgnosticResidualInteractionBlock,23299265024,31893487616,NVIDIA GH200 120GB,0.13246308057568967,652351.137863478,0.6522572147990388
2744,433552,float64,True,2,2,64x0e+64x1o,258x0e+128x1o,3,RealAgnosticResidualNonLinearInteractionBlock,RealAgnosticResidualInteractionBlock,46519214592,63669534720,NVIDIA GH200 120GB,0.234488605405204,367823.58015831327,0.36846140071794947
2744,433552,float32,True,1,2,64x0e+64x1o,258x0e+128x1o,3,RealAgnosticResidualInteractionBlock,RealAgnosticResidualNonLinearInteractionBlock,3679735808,3858759680,NVIDIA GH200 120GB,0.019599739462137222,4404652.325458893,4.408221862688916
2744,433552,float64,True,1,2,64x0e+64x1o,258x0e+128x1o,3,RealAgnosticResidualInteractionBlock,RealAgnosticResidualNonLinearInteractionBlock,7284601344,7428112384,NVIDIA GH200 120GB,0.031696591060608625,2715708.2884748965,2.7258451811045004
2744,433552,float32,True,2,2,64x0e+64x1o,258x0e+128x1o,3,RealAgnosticResidualInteractionBlock,RealAgnosticResidualNonLinearInteractionBlock,23310066176,26979860480,NVIDIA GH200 120GB,0.1311571184778586,658529.8345377888,0.6587518924074692
2744,433552,float64,True,2,2,64x0e+64x1o,258x0e+128x1o,3,RealAgnosticResidualInteractionBlock,RealAgnosticResidualNonLinearInteractionBlock,46536541696,53871640576,NVIDIA GH200 120GB,0.23461506597232074,368503.27698464226,0.36826279523836397
2744,433552,float32,True,1,2,64x0e+64x1o,258x0e+128x1o,3,RealAgnosticResidualNonLinearInteractionBlock,RealAgnosticResidualNonLinearInteractionBlock,3679785984,3858759680,NVIDIA GH200 120GB,0.01966887409798801,4380575.098753935,4.392727289298076
2744,433552,float64,True,1,2,64x0e+64x1o,258x0e+128x1o,3,RealAgnosticResidualNonLinearInteractionBlock,RealAgnosticResidualNonLinearInteractionBlock,7284575744,7428112384,NVIDIA GH200 120GB,0.031687231501564384,2724633.879910702,2.726650322724927
2744,433552,float32,True,2,2,64x0e+64x1o,258x0e+128x1o,3,RealAgnosticResidualNonLinearInteractionBlock,RealAgnosticResidualNonLinearInteractionBlock,24244354048,32786874368,NVIDIA GH200 120GB,0.13960268266964704,619011.1959560002,0.6188992815020268
2744,433552,float64,True,2,2,64x0e+64x1o,258x0e+128x1o,3,RealAgnosticResidualNonLinearInteractionBlock,RealAgnosticResidualNonLinearInteractionBlock,48408203264,65475182592,NVIDIA GH200 120GB,0.25270350102800876,342140.53494714026,0.3419026631943011
2744,433552,float32,True,1,2,128x0e+128x1o,258x0e+64x1o,3,RealAgnosticResidualInteractionBlock,RealAgnosticResidualInteractionBlock,4654079488,4729077760,NVIDIA GH200 120GB,0.014825729478616267,5822682.574459201,5.827706496642754
2744,433552,float64,True,1,2,128x0e+128x1o,258x0e+64x1o,3,RealAgnosticResidualInteractionBlock,RealAgnosticResidualInteractionBlock,9225289728,9443475456,NVIDIA GH200 120GB,0.018736762925982475,4612706.689105329,4.611255441578341
2744,433552,float32,True,2,2,128x0e+128x1o,258x0e+64x1o,3,RealAgnosticResidualInteractionBlock,RealAgnosticResidualInteractionBlock,19262806528,21342715904,NVIDIA GH200 120GB,0.10111773846438155,854545.4096001933,0.8544494893982837
2744,433552,float64,True,2,2,128x0e+128x1o,258x0e+64x1o,3,RealAgnosticResidualInteractionBlock,RealAgnosticResidualInteractionBlock,38441540608,42561699840,NVIDIA GH200 120GB,0.16782821150263771,514803.92730765254,0.5148121357334614
2744,433552,float32,True,1,2,128x0e+128x1o,258x0e+64x1o,3,RealAgnosticResidualNonLinearInteractionBlock,RealAgnosticResidualInteractionBlock,4651705856,4758437888,NVIDIA GH200 120GB,0.014858704002108425,5806397.051037567,5.81477361603946
2744,433552,float64,True,1,2,128x0e+128x1o,258x0e+64x1o,3,RealAgnosticResidualNonLinearInteractionBlock,RealAgnosticResidualInteractionBlock,9224265216,9449766912,NVIDIA GH200 120GB,0.018741339910775423,4603344.398857468,4.610129286984646
2744,433552,float32,True,2,2,128x0e+128x1o,258x0e+64x1o,3,RealAgnosticResidualNonLinearInteractionBlock,RealAgnosticResidualInteractionBlock,20425809920,22571646976,NVIDIA GH200 120GB,0.11086367501411587,778882.4387302133,0.7793355216575583
2744,433552,float64,True,2,2,128x0e+128x1o,258x0e+64x1o,3,RealAgnosticResidualNonLinearInteractionBlock,RealAgnosticResidualInteractionBlock,40770698240,45015367680,NVIDIA GH200 120GB,0.18770036048954353,460092.40238443605,0.4603081196789348
2744,433552,float32,True,1,2,128x0e+128x1o,258x0e+64x1o,3,RealAgnosticResidualInteractionBlock,RealAgnosticResidualNonLinearInteractionBlock,5799969280,5930745856,NVIDIA GH200 120GB,0.024396744498517364,3537578.847828039,3.5414561153948507
2744,433552,float64,True,1,2,128x0e+128x1o,258x0e+64x1o,3,RealAgnosticResidualInteractionBlock,RealAgnosticResidualNonLinearInteractionBlock,11516110336,11788091392,NVIDIA GH200 120GB,0.038247547985520214,2254881.520018723,2.2589683404726855
2744,433552,float32,True,2,2,128x0e+128x1o,258x0e+64x1o,3,RealAgnosticResidualInteractionBlock,RealAgnosticResidualNonLinearInteractionBlock,20454200832,22494052352,NVIDIA GH200 120GB,0.10960472602164373,787748.4430525315,0.788287176439258
2744,433552,float64,True,2,2,128x0e+128x1o,258x0e+64x1o,3,RealAgnosticResidualInteractionBlock,RealAgnosticResidualNonLinearInteractionBlock,40825131520,44904218624,NVIDIA GH200 120GB,0.18677543150261045,461935.37369816186,0.46258760750764183
2744,433552,float32,True,1,2,128x0e+128x1o,258x0e+64x1o,3,RealAgnosticResidualNonLinearInteractionBlock,RealAgnosticResidualNonLinearInteractionBlock,5799947776,5928648704,NVIDIA GH200 120GB,0.02442024799529463,3532225.1407604255,3.538047607733051
2744,433552,float64,True,1,2,128x0e+128x1o,258x0e+64x1o,3,RealAgnosticResidualNonLinearInteractionBlock,RealAgnosticResidualNonLinearInteractionBlock,11514613760,11785994240,NVIDIA GH200 120GB,0.03823049308266491,2258296.4681652505,2.2599760827876136
2744,433552,float32,True,2,2,128x0e+128x1o,258x0e+64x1o,3,RealAgnosticResidualNonLinearInteractionBlock,RealAgnosticResidualNonLinearInteractionBlock,21619464192,23725080576,NVIDIA GH200 120GB,0.11944101203698665,722978.1142120027,0.7233696242731515
2744,433552,float64,True,2,2,128x0e+128x1o,258x0e+64x1o,3,RealAgnosticResidualNonLinearInteractionBlock,RealAgnosticResidualNonLinearInteractionBlock,43155526144,47362080768,NVIDIA GH200 120GB,0.20946233201539144,411814.5006900167,0.41248466570901765
2744,433552,float32,True,1,2,258x0e+258x1o,128x0e+64x1o,3,RealAgnosticResidualInteractionBlock,RealAgnosticResidualInteractionBlock,8491395584,8617197568,NVIDIA GH200 120GB,0.022213953001482878,3888009.479047208,3.8894473214304734
2744,433552,float64,True,1,2,258x0e+258x1o,128x0e+64x1o,3,RealAgnosticResidualInteractionBlock,RealAgnosticResidualInteractionBlock,16906488832,17169383424,NVIDIA GH200 120GB,0.029940958997030975,2877809.876670951,2.885679112969216
2744,433552,float32,True,2,2,258x0e+258x1o,128x0e+64x1o,3,RealAgnosticResidualInteractionBlock,RealAgnosticResidualInteractionBlock,13599949824,19664994304,NVIDIA GH200 120GB,0.08440566499848501,1023941.503350691,1.0236279756998632
2744,433552,float64,True,2,2,258x0e+258x1o,128x0e+64x1o,3,RealAgnosticResidualInteractionBlock,RealAgnosticResidualInteractionBlock,27118419456,39235616768,NVIDIA GH200 120GB,0.13735906800138764,628267.6113676562,0.6290083447503237
2744,433552,float32,True,1,2,258x0e+258x1o,128x0e+64x1o,3,RealAgnosticResidualNonLinearInteractionBlock,RealAgnosticResidualInteractionBlock,8490839040,8627683328,NVIDIA GH200 120GB,0.02224928000214277,3879484.3185776924,3.8832717279695816
2744,433552,float64,True,1,2,258x0e+258x1o,128x0e+64x1o,3,RealAgnosticResidualNonLinearInteractionBlock,RealAgnosticResidualInteractionBlock,16906518528,17169383424,NVIDIA GH200 120GB,0.03001050949751516,2877722.4125015293,2.8789914415532945
2744,433552,float32,True,2,2,258x0e+258x1o,128x0e+64x1o,3,RealAgnosticResidualNonLinearInteractionBlock,RealAgnosticResidualInteractionBlock,15237274112,22443720704,NVIDIA GH200 120GB,0.0975729540004977,885643.3208833542,0.8854912807042749
2744,433552,float64,True,2,2,258x0e+258x1o,128x0e+64x1o,3,RealAgnosticResidualNonLinearInteractionBlock,RealAgnosticResidualInteractionBlock,30394679808,44790972416,NVIDIA GH200 120GB,0.16131335850150208,535975.6228506324,0.5356035036564903
2744,433552,float32,True,1,2,258x0e+258x1o,128x0e+64x1o,3,RealAgnosticResidualInteractionBlock,RealAgnosticResidualNonLinearInteractionBlock,10090075648,10366222336,NVIDIA GH200 120GB,0.03530402850083192,2446428.6554708425,2.4473127761599227
2744,433552,float64,True,1,2,258x0e+258x1o,128x0e+64x1o,3,RealAgnosticResidualInteractionBlock,RealAgnosticResidualNonLinearInteractionBlock,20103532032,20648558592,NVIDIA GH200 120GB,0.054022077994886786,1581856.4915136918,1.5993461045348496
2744,433552,float32,True,2,2,258x0e+258x1o,128x0e+64x1o,3,RealAgnosticResidualInteractionBlock,RealAgnosticResidualNonLinearInteractionBlock,15292843008,21401436160,NVIDIA GH200 120GB,0.09685809300572146,891142.1391276058,0.8920266476328035
2744,433552,float64,True,2,2,258x0e+258x1o,128x0e+64x1o,3,RealAgnosticResidualInteractionBlock,RealAgnosticResidualNonLinearInteractionBlock,30505274880,42687528960,NVIDIA GH200 120GB,0.16161285400085035,534090.4960381015,0.534610941277885
2744,433552,float32,True,1,2,258x0e+258x1o,128x0e+64x1o,3,RealAgnosticResidualNonLinearInteractionBlock,RealAgnosticResidualNonLinearInteractionBlock,10090057216,10366222336,NVIDIA GH200 120GB,0.035343514995474834,2443484.3147040796,2.4445785884924613
2744,433552,float64,True,1,2,258x0e+258x1o,128x0e+64x1o,3,RealAgnosticResidualNonLinearInteractionBlock,RealAgnosticResidualNonLinearInteractionBlock,20103513600,20648558592,NVIDIA GH200 120GB,0.054450258998258505,1582746.6103648937,1.58676931183676
2744,433552,float32,True,2,2,258x0e+258x1o,128x0e+64x1o,3,RealAgnosticResidualNonLinearInteractionBlock,RealAgnosticResidualNonLinearInteractionBlock,16931425280,20151533568,NVIDIA GH200 120GB,0.11043266649721772,781565.2649615782,0.7823771963540951
2744,433552,float64,True,2,2,258x0e+258x1o,128x0e+64x1o,3,RealAgnosticResidualNonLinearInteractionBlock,RealAgnosticResidualNonLinearInteractionBlock,33781262336,40187723776,NVIDIA GH200 120GB,0.18701830449936097,462787.16179747647,0.46198686396654415
2744,433552,float32,True,1,2,258x0e+258x1o,258x0e+32x1o,3,RealAgnosticResidualInteractionBlock,RealAgnosticResidualInteractionBlock,8491395584,8617197568,NVIDIA GH200 120GB,0.02195529800155782,3930743.90039629,3.935268835516127
2744,433552,float64,True,1,2,258x0e+258x1o,258x0e+32x1o,3,RealAgnosticResidualInteractionBlock,RealAgnosticResidualInteractionBlock,16906488832,17169383424,NVIDIA GH200 120GB,0.029863680498237954,2889373.3423621706,2.893146409234383
2744,433552,float32,True,2,2,258x0e+258x1o,258x0e+32x1o,3,RealAgnosticResidualInteractionBlock,RealAgnosticResidualInteractionBlock,18784018944,23641194496,NVIDIA GH200 120GB,0.09748403500270797,886487.3720437692,0.8862989719044758
2744,433552,float64,True,2,2,258x0e+258x1o,258x0e+32x1o,3,RealAgnosticResidualInteractionBlock,RealAgnosticResidualInteractionBlock,37488150016,47190114304,NVIDIA GH200 120GB,0.15626861050259322,552122.4139576535,0.5528941463171596
2744,433552,float32,True,1,2,258x0e+258x1o,258x0e+32x1o,3,RealAgnosticResidualNonLinearInteractionBlock,RealAgnosticResidualInteractionBlock,8490839040,8627683328,NVIDIA GH200 120GB,0.021881572996790055,3947116.837707224,3.9485278326505395
2744,433552,float64,True,1,2,258x0e+258x1o,258x0e+32x1o,3,RealAgnosticResidualNonLinearInteractionBlock,RealAgnosticResidualInteractionBlock,16906518528,17169383424,NVIDIA GH200 120GB,0.02991407999797957,2881732.2488133763,2.8882720112346947
2744,433552,float32,True,2,2,258x0e+258x1o,258x0e+32x1o,3,RealAgnosticResidualNonLinearInteractionBlock,RealAgnosticResidualInteractionBlock,20418203648,22915579904,NVIDIA GH200 120GB,0.11057243599861977,780646.7542828592,0.7813882295319831
2744,433552,float64,True,2,2,258x0e+258x1o,258x0e+32x1o,3,RealAgnosticResidualNonLinearInteractionBlock,RealAgnosticResidualInteractionBlock,40753807360,45749370880,NVIDIA GH200 120GB,0.17998137549875537,479668.2634265773,0.48004967047602926
2744,433552,float32,True,1,2,258x0e+258x1o,258x0e+32x1o,3,RealAgnosticResidualInteractionBlock,RealAgnosticResidualNonLinearInteractionBlock,10090075648,10366222336,NVIDIA GH200 120GB,0.03456700999959139,2495649.6402137247,2.4994930137440674
2744,433552,float64,True,1,2,258x0e+258x1o,258x0e+32x1o,3,RealAgnosticResidualInteractionBlock,RealAgnosticResidualNonLinearInteractionBlock,20103532032,20648558592,NVIDIA GH200 120GB,0.053946514999552164,1596094.7559304093,1.6015863119372447
2744,433552,float32,True,2,2,258x0e+258x1o,258x0e+32x1o,3,RealAgnosticResidualInteractionBlock,RealAgnosticResidualNonLinearInteractionBlock,20478260224,25377636352,NVIDIA GH200 120GB,0.11036223449627869,782278.1547940519,0.7828765011360234
2744,433552,float64,True,2,2,258x0e+258x1o,258x0e+32x1o,3,RealAgnosticResidualInteractionBlock,RealAgnosticResidualNonLinearInteractionBlock,40874252288,50642026496,NVIDIA GH200 120GB,0.18012479549724958,479443.9286110552,0.4796674425721654
2744,433552,float32,True,1,2,258x0e+258x1o,258x0e+32x1o,3,RealAgnosticResidualNonLinearInteractionBlock,RealAgnosticResidualNonLinearInteractionBlock,10090057216,10366222336,NVIDIA GH200 120GB,0.03480901900184108,2478301.1199198845,2.482115338999649
2744,433552,float64,True,1,2,258x0e+258x1o,258x0e+32x1o,3,RealAgnosticResidualNonLinearInteractionBlock,RealAgnosticResidualNonLinearInteractionBlock,20103513600,20648558592,NVIDIA GH200 120GB,0.054202795996388886,1585257.0078456162,1.5940137111332073
2744,433552,float32,True,2,2,258x0e+258x1o,258x0e+32x1o,3,RealAgnosticResidualNonLinearInteractionBlock,RealAgnosticResidualNonLinearInteractionBlock,22111657984,24652021760,NVIDIA GH200 120GB,0.12336193399823969,700527.8540431247,0.7003781247563198
2744,433552,float64,True,2,2,258x0e+258x1o,258x0e+32x1o,3,RealAgnosticResidualNonLinearInteractionBlock,RealAgnosticResidualNonLinearInteractionBlock,44143268352,49186603008,NVIDIA GH200 120GB,0.2060170940021635,419355.12387721596,0.41938267510507
2744,433552,float32,True,1,2,128x0e+128x1o,258x0e+128x1o,3,RealAgnosticResidualInteractionBlock,RealAgnosticResidualInteractionBlock,4654079488,4729077760,NVIDIA GH200 120GB,0.014838257455267012,5826300.5002711695,5.822786149955318
2744,433552,float64,True,1,2,128x0e+128x1o,258x0e+128x1o,3,RealAgnosticResidualInteractionBlock,RealAgnosticResidualInteractionBlock,9225289728,9443475456,NVIDIA GH200 120GB,0.018750187009572983,4611051.849365883,4.6079540409857325
2744,433552,float32,True,2,2,128x0e+128x1o,258x0e+128x1o,3,RealAgnosticResidualInteractionBlock,RealAgnosticResidualInteractionBlock,22836266496,31591497728,NVIDIA GH200 120GB,0.12749017495661974,677194.1320701629,0.6776992817634675
2744,433552,float64,True,2,2,128x0e+128x1o,258x0e+128x1o,3,RealAgnosticResidualInteractionBlock,RealAgnosticResidualInteractionBlock,45592671744,63052972032,NVIDIA GH200 120GB,0.2228456150041893,387343.91761971224,0.3877123631011351
2744,433552,float32,True,1,2,128x0e+128x1o,258x0e+128x1o,3,RealAgnosticResidualNonLinearInteractionBlock,RealAgnosticResidualInteractionBlock,4651705856,4758437888,NVIDIA GH200 120GB,0.014789683511480689,5830913.556478153,5.841909999827302
2744,433552,float64,True,1,2,128x0e+128x1o,258x0e+128x1o,3,RealAgnosticResidualNonLinearInteractionBlock,RealAgnosticResidualInteractionBlock,9224265216,9449766912,NVIDIA GH200 120GB,0.01871740398928523,4612507.48590736,4.616024746244706
2744,433552,float32,True,2,2,128x0e+128x1o,258x0e+128x1o,3,RealAgnosticResidualNonLinearInteractionBlock,RealAgnosticResidualInteractionBlock,24006497280,32702988288,NVIDIA GH200 120GB,0.13693727395730093,629992.4216787012,0.630945815577874
2744,433552,float64,True,2,2,128x0e+128x1o,258x0e+128x1o,3,RealAgnosticResidualNonLinearInteractionBlock,RealAgnosticResidualInteractionBlock,47931569664,65275953152,NVIDIA GH200 120GB,0.24115095398155972,357944.57208276616,0.3582818088565672
2744,433552,float32,True,1,2,128x0e+128x1o,258x0e+128x1o,3,RealAgnosticResidualInteractionBlock,RealAgnosticResidualNonLinearInteractionBlock,5799969280,5930745856,NVIDIA GH200 120GB,0.024382008938118815,3543295.704125355,3.5435964369991804
2744,433552,float64,True,1,2,128x0e+128x1o,258x0e+128x1o,3,RealAgnosticResidualInteractionBlock,RealAgnosticResidualNonLinearInteractionBlock,11516110336,11788091392,NVIDIA GH200 120GB,0.038287115457933396,2255040.651240586,2.256633830117835
2744,433552,float32,True,2,2,128x0e+128x1o,258x0e+128x1o,3,RealAgnosticResidualInteractionBlock,RealAgnosticResidualNonLinearInteractionBlock,24027392000,32744931328,NVIDIA GH200 120GB,0.13630604749778286,633451.5335680081,0.6338676939583725
2744,433552,float64,True,2,2,128x0e+128x1o,258x0e+128x1o,3,RealAgnosticResidualInteractionBlock,RealAgnosticResidualNonLinearInteractionBlock,47977384960,65395490816,NVIDIA GH200 120GB,0.2409823354682885,358231.0662009695,0.3585325033559134
2744,433552,float32,True,1,2,128x0e+128x1o,258x0e+128x1o,3,RealAgnosticResidualNonLinearInteractionBlock,RealAgnosticResidualNonLinearInteractionBlock,5799947776,5928648704,NVIDIA GH200 120GB,0.02439480903558433,3533280.801535404,3.5417370914430877
2744,433552,float64,True,1,2,128x0e+128x1o,258x0e+128x1o,3,RealAgnosticResidualNonLinearInteractionBlock,RealAgnosticResidualNonLinearInteractionBlock,11514613760,11785994240,NVIDIA GH200 120GB,0.03825964406132698,2254232.5481521483,2.258254150548502
2744,433552,float32,True,2,2,128x0e+128x1o,258x0e+128x1o,3,RealAgnosticResidualNonLinearInteractionBlock,RealAgnosticResidualNonLinearInteractionBlock,25198075392,33858519040,NVIDIA GH200 120GB,0.14621330698719248,590530.2734913019,0.5909174874730669
2744,433552,float64,True,2,2,128x0e+128x1o,258x0e+128x1o,3,RealAgnosticResidualNonLinearInteractionBlock,RealAgnosticResidualNonLinearInteractionBlock,50316922368,67622666240,NVIDIA GH200 120GB,0.259937955532223,332404.8721597454,0.33238701067374327
2744,433552,float32,True,1,2,258x0e+258x1o,258x0e+64x1o,3,RealAgnosticResidualInteractionBlock,RealAgnosticResidualInteractionBlock,8491395584,8617197568,NVIDIA GH200 120GB,0.021896291997109074,3936370.0045414153,3.9458735758276897
2744,433552,float64,True,1,2,258x0e+258x1o,258x0e+64x1o,3,RealAgnosticResidualInteractionBlock,RealAgnosticResidualInteractionBlock,16906488832,17169383424,NVIDIA GH200 120GB,0.029774947997793788,2899133.605375171,2.9017682921361247
2744,433552,float32,True,2,2,258x0e+258x1o,258x0e+64x1o,3,RealAgnosticResidualInteractionBlock,RealAgnosticResidualInteractionBlock,20224666112,24754782208,NVIDIA GH200 120GB,0.10880218649981543,792920.3453465187,0.7941016883897509
2744,433552,float64,True,2,2,258x0e+258x1o,258x0e+64x1o,3,RealAgnosticResidualInteractionBlock,RealAgnosticResidualInteractionBlock,40374332928,49417289728,NVIDIA GH200 120GB,0.17993852849758696,479856.2843752245,0.4801639800069759
2744,433552,float32,True,1,2,258x0e+258x1o,258x0e+64x1o,3,RealAgnosticResidualNonLinearInteractionBlock,RealAgnosticResidualInteractionBlock,8490839040,8627683328,NVIDIA GH200 120GB,0.021925508001004346,3936759.6539735068,3.9406156516894506
2744,433552,float64,True,1,2,258x0e+258x1o,258x0e+64x1o,3,RealAgnosticResidualNonLinearInteractionBlock,RealAgnosticResidualInteractionBlock,16906518528,17169383424,NVIDIA GH200 120GB,0.02988704100062023,2883637.120153035,2.890885049416802
2744,433552,float32,True,2,2,258x0e+258x1o,258x0e+64x1o,3,RealAgnosticResidualNonLinearInteractionBlock,RealAgnosticResidualInteractionBlock,21860142592,26099056640,NVIDIA GH200 120GB,0.12221585699444404,706146.3790019343,0.7069459080414399
2744,433552,float64,True,2,2,258x0e+258x1o,258x0e+64x1o,3,RealAgnosticResidualNonLinearInteractionBlock,RealAgnosticResidualInteractionBlock,43642981888,52112130048,NVIDIA GH200 120GB,0.20500338100100635,419668.3928614332,0.42145646368425443
2744,433552,float32,True,1,2,258x0e+258x1o,258x0e+64x1o,3,RealAgnosticResidualInteractionBlock,RealAgnosticResidualNonLinearInteractionBlock,10090075648,10366222336,NVIDIA GH200 120GB,0.034810714998457115,2480724.1294430676,2.4819944090154262
2744,433552,float64,True,1,2,258x0e+258x1o,258x0e+64x1o,3,RealAgnosticResidualInteractionBlock,RealAgnosticResidualNonLinearInteractionBlock,20103532032,20648558592,NVIDIA GH200 120GB,0.054255433002253994,1591039.5274854868,1.5924672464859067
2744,433552,float32,True,2,2,258x0e+258x1o,258x0e+64x1o,3,RealAgnosticResidualInteractionBlock,RealAgnosticResidualNonLinearInteractionBlock,21921668096,26493321216,NVIDIA GH200 120GB,0.12197919200116303,707691.8051204944,0.7083175300847723
2744,433552,float64,True,2,2,258x0e+258x1o,258x0e+64x1o,3,RealAgnosticResidualInteractionBlock,RealAgnosticResidualNonLinearInteractionBlock,43761098240,52869201920,NVIDIA GH200 120GB,0.20501869200234069,420627.846136476,0.42142498889327407
2744,433552,float32,True,1,2,258x0e+258x1o,258x0e+64x1o,3,RealAgnosticResidualNonLinearInteractionBlock,RealAgnosticResidualNonLinearInteractionBlock,10090057216,10366222336,NVIDIA GH200 120GB,0.034822234003513586,2479896.043666341,2.4811733788039616
2744,433552,float64,True,1,2,258x0e+258x1o,258x0e+64x1o,3,RealAgnosticResidualNonLinearInteractionBlock,RealAgnosticResidualNonLinearInteractionBlock,20103513600,20648558592,NVIDIA GH200 120GB,0.054098926004371606,1586156.1665234847,1.597074219052301
2744,433552,float32,True,2,2,258x0e+258x1o,258x0e+64x1o,3,RealAgnosticResidualNonLinearInteractionBlock,RealAgnosticResidualNonLinearInteractionBlock,23556125184,27837595648,NVIDIA GH200 120GB,0.13456754450089647,640584.8830599503,0.6420567479361594
2744,433552,float64,True,2,2,258x0e+258x1o,258x0e+64x1o,3,RealAgnosticResidualNonLinearInteractionBlock,RealAgnosticResidualNonLinearInteractionBlock,47030346752,55549362176,NVIDIA GH200 120GB,0.22990076549831429,375177.60788294434,0.3758143206384127
2744,433552,float32,True,1,3,32x0e+32x1o,64x0e+16x1o,3,RealAgnosticResidualInteractionBlock,RealAgnosticResidualInteractionBlock,2351987200,2409627648,NVIDIA GH200 120GB,0.012487480496929493,6893770.403670504,6.918929724954896
2744,433552,float64,True,1,3,32x0e+32x1o,64x0e+16x1o,3,RealAgnosticResidualInteractionBlock,RealAgnosticResidualInteractionBlock,4631598592,4693426176,NVIDIA GH200 120GB,0.015099895499588456,5716944.57559205,5.721893903328987
2744,433552,float32,True,2,3,32x0e+32x1o,64x0e+16x1o,3,RealAgnosticResidualInteractionBlock,RealAgnosticResidualInteractionBlock,8508325888,9634316288,NVIDIA GH200 120GB,0.06613100799950189,1306820.0703862729,1.3064975510527645
2744,433552,float64,True,2,3,32x0e+32x1o,64x0e+16x1o,3,RealAgnosticResidualInteractionBlock,RealAgnosticResidualInteractionBlock,16931579392,19186843648,NVIDIA GH200 120GB,0.1006969800000661,857779.8298274527,0.85801977378014
2744,433552,float32,True,1,3,32x0e+32x1o,64x0e+16x1o,3,RealAgnosticResidualNonLinearInteractionBlock,RealAgnosticResidualInteractionBlock,2355241472,2409627648,NVIDIA GH200 120GB,0.013369427004363388,6444862.5918045435,6.462505833032454
2744,433552,float64,True,1,3,32x0e+32x1o,64x0e+16x1o,3,RealAgnosticResidualNonLinearInteractionBlock,RealAgnosticResidualInteractionBlock,4631593984,4693426176,NVIDIA GH200 120GB,0.016030704995500855,5384997.386476791,5.389656913045862
2744,433552,float32,True,2,3,32x0e+32x1o,64x0e+16x1o,3,RealAgnosticResidualNonLinearInteractionBlock,RealAgnosticResidualInteractionBlock,9327519744,10500440064,NVIDIA GH200 120GB,0.07419562400173163,1159010.8136102685,1.1644891617595068
2744,433552,float64,True,2,3,32x0e+32x1o,64x0e+16x1o,3,RealAgnosticResidualNonLinearInteractionBlock,RealAgnosticResidualInteractionBlock,18568045568,20919091200,NVIDIA GH200 120GB,0.11794595800165553,732395.7264669683,0.7325388802114547
2744,433552,float32,True,1,3,32x0e+32x1o,64x0e+16x1o,3,RealAgnosticResidualInteractionBlock,RealAgnosticResidualNonLinearInteractionBlock,3167242752,3198156800,NVIDIA GH200 120GB,0.020662477498262888,4135734.8298076577,4.181492756967974
2744,433552,float64,True,1,3,32x0e+32x1o,64x0e+16x1o,3,RealAgnosticResidualInteractionBlock,RealAgnosticResidualNonLinearInteractionBlock,6251609600,6341787648,NVIDIA GH200 120GB,0.032241149005130865,2678697.2201692504,2.6798052385245414
2744,433552,float32,True,2,3,32x0e+32x1o,64x0e+16x1o,3,RealAgnosticResidualInteractionBlock,RealAgnosticResidualNonLinearInteractionBlock,9340518912,10452205568,NVIDIA GH200 120GB,0.07226679200175568,1194456.2913487498,1.19556988219293
2744,433552,float64,True,2,3,32x0e+32x1o,64x0e+16x1o,3,RealAgnosticResidualInteractionBlock,RealAgnosticResidualNonLinearInteractionBlock,18590871552,20778582016,NVIDIA GH200 120GB,0.11621188899880508,742414.0011306666,0.743469542956043
2744,433552,float32,True,1,3,32x0e+32x1o,64x0e+16x1o,3,RealAgnosticResidualNonLinearInteractionBlock,RealAgnosticResidualNonLinearInteractionBlock,3167237120,3198156800,NVIDIA GH200 120GB,0.02064815699850442,4170925.4792866018,4.184392825289836
2744,433552,float64,True,1,3,32x0e+32x1o,64x0e+16x1o,3,RealAgnosticResidualNonLinearInteractionBlock,RealAgnosticResidualNonLinearInteractionBlock,6251603968,6341787648,NVIDIA GH200 120GB,0.03216435100330273,2682798.6871525627,2.6862037412515556
2744,433552,float32,True,2,3,32x0e+32x1o,64x0e+16x1o,3,RealAgnosticResidualNonLinearInteractionBlock,RealAgnosticResidualNonLinearInteractionBlock,10159708160,11318329344,NVIDIA GH200 120GB,0.08006075800221879,1078264.1875009844,1.0791803894437964
2744,433552,float64,True,2,3,32x0e+32x1o,64x0e+16x1o,3,RealAgnosticResidualNonLinearInteractionBlock,RealAgnosticResidualNonLinearInteractionBlock,20227297280,22510829568,NVIDIA GH200 120GB,0.13354681749842712,647134.2464140111,0.6469641255286193
2744,433552,float32,True,1,3,32x0e+32x1o,64x0e+32x1o,3,RealAgnosticResidualInteractionBlock,RealAgnosticResidualInteractionBlock,2351987200,2409627648,NVIDIA GH200 120GB,0.012606437994691078,6830090.348994955,6.853640975855785
2744,433552,float64,True,1,3,32x0e+32x1o,64x0e+32x1o,3,RealAgnosticResidualInteractionBlock,RealAgnosticResidualInteractionBlock,4631598592,4693426176,NVIDIA GH200 120GB,0.0151758450010675,5686438.240207277,5.693257936801704
2744,433552,float32,True,2,3,32x0e+32x1o,64x0e+32x1o,3,RealAgnosticResidualInteractionBlock,RealAgnosticResidualInteractionBlock,10604893184,12022972416,NVIDIA GH200 120GB,0.0763267709990032,1131085.1835941465,1.1319750445243957
2744,433552,float64,True,2,3,32x0e+32x1o,64x0e+32x1o,3,RealAgnosticResidualInteractionBlock,RealAgnosticResidualInteractionBlock,21127611392,23964155904,NVIDIA GH200 120GB,0.11790836000000127,732608.4664334736,0.732772468381369
2744,433552,float32,True,1,3,32x0e+32x1o,64x0e+32x1o,3,RealAgnosticResidualNonLinearInteractionBlock,RealAgnosticResidualInteractionBlock,2355241472,2409627648,NVIDIA GH200 120GB,0.013207942498411285,6512665.0246605985,6.541518484835365
2744,433552,float64,True,1,3,32x0e+32x1o,64x0e+32x1o,3,RealAgnosticResidualNonLinearInteractionBlock,RealAgnosticResidualInteractionBlock,4631593984,4693426176,NVIDIA GH200 120GB,0.015689913499954855,5489775.651522605,5.506722519550449
2744,433552,float32,True,2,3,32x0e+32x1o,64x0e+32x1o,3,RealAgnosticResidualNonLinearInteractionBlock,RealAgnosticResidualInteractionBlock,11425721856,12916359168,NVIDIA GH200 120GB,0.08418979149791994,1018440.0346010455,1.0262526900560702
2744,433552,float64,True,2,3,32x0e+32x1o,64x0e+32x1o,3,RealAgnosticResidualNonLinearInteractionBlock,RealAgnosticResidualInteractionBlock,22765833728,25748832256,NVIDIA GH200 120GB,0.13495275050081545,639802.0298465368,0.6402240760515506
2744,433552,float32,True,1,3,32x0e+32x1o,64x0e+32x1o,3,RealAgnosticResidualInteractionBlock,RealAgnosticResidualNonLinearInteractionBlock,3167242752,3198156800,NVIDIA GH200 120GB,0.020771897994563915,4133340.5607050867,4.159465833243126
2744,433552,float64,True,1,3,32x0e+32x1o,64x0e+32x1o,3,RealAgnosticResidualInteractionBlock,RealAgnosticResidualNonLinearInteractionBlock,6251609600,6341787648,NVIDIA GH200 120GB,0.03236472999560647,2665901.5762786004,2.669572711149726
2744,433552,float32,True,2,3,32x0e+32x1o,64x0e+32x1o,3,RealAgnosticResidualInteractionBlock,RealAgnosticResidualNonLinearInteractionBlock,11437321728,12840861696,NVIDIA GH200 120GB,0.08246968899766216,1047895.5230740136,1.0476576430699194
2744,433552,float64,True,2,3,32x0e+32x1o,64x0e+32x1o,3,RealAgnosticResidualInteractionBlock,RealAgnosticResidualNonLinearInteractionBlock,22786764288,27443331072,NVIDIA GH200 120GB,0.13305978949574637,648937.7883184393,0.6493321560738079
2744,433552,float32,True,1,3,32x0e+32x1o,64x0e+32x1o,3,RealAgnosticResidualNonLinearInteractionBlock,RealAgnosticResidualNonLinearInteractionBlock,3167237120,3198156800,NVIDIA GH200 120GB,0.020768155001860578,4151225.8453996885,4.1602154833811475
2744,433552,float64,True,1,3,32x0e+32x1o,64x0e+32x1o,3,RealAgnosticResidualNonLinearInteractionBlock,RealAgnosticResidualNonLinearInteractionBlock,6251603968,6341787648,NVIDIA GH200 120GB,0.03228434799530078,2675005.6479650796,2.6762194488975326
2744,433552,float32,True,2,3,32x0e+32x1o,64x0e+32x1o,3,RealAgnosticResidualNonLinearInteractionBlock,RealAgnosticResidualNonLinearInteractionBlock,12258984448,13736345600,NVIDIA GH200 120GB,0.08990520050065243,960455.4773177662,0.9610122609022268
2744,433552,float64,True,2,3,32x0e+32x1o,64x0e+32x1o,3,RealAgnosticResidualNonLinearInteractionBlock,RealAgnosticResidualNonLinearInteractionBlock,24425254912,27340570624,NVIDIA GH200 120GB,0.15106796500185737,571557.4790007577,0.571928006039783
2744,433552,float32,True,1,2,258x0e+258x1o,258x0e+128x1o,3,RealAgnosticResidualInteractionBlock,RealAgnosticResidualInteractionBlock,8491395584,8617197568,NVIDIA GH200 120GB,0.02203654299955815,3918152.54262265,3.920760166498547
2744,433552,float64,True,1,2,258x0e+258x1o,258x0e+128x1o,3,RealAgnosticResidualInteractionBlock,RealAgnosticResidualInteractionBlock,16906488832,17169383424,NVIDIA GH200 120GB,0.029789987002004636,2897905.9992084256,2.9003033802661933
2744,433552,float32,True,2,2,258x0e+258x1o,258x0e+128x1o,3,RealAgnosticResidualInteractionBlock,RealAgnosticResidualInteractionBlock,23790649344,32323403776,NVIDIA GH200 120GB,0.13573138049832778,636873.2489629979,0.6365513979360466
2744,433552,float64,True,2,2,258x0e+258x1o,258x0e+128x1o,3,RealAgnosticResidualInteractionBlock,RealAgnosticResidualInteractionBlock,47506627072,64546144256,NVIDIA GH200 120GB,0.23965928350298782,360272.896397957,0.3605118013253297
2744,433552,float32,True,1,2,258x0e+258x1o,258x0e+128x1o,3,RealAgnosticResidualNonLinearInteractionBlock,RealAgnosticResidualInteractionBlock,8490839040,8627683328,NVIDIA GH200 120GB,0.02207451050344389,3912879.7597346217,3.914016575204264
2744,433552,float64,True,1,2,258x0e+258x1o,258x0e+128x1o,3,RealAgnosticResidualNonLinearInteractionBlock,RealAgnosticResidualInteractionBlock,16906518528,17169383424,NVIDIA GH200 120GB,0.03010300149981049,2863191.2651324226,2.870145689643072
2744,433552,float32,True,2,2,258x0e+258x1o,258x0e+128x1o,3,RealAgnosticResidualNonLinearInteractionBlock,RealAgnosticResidualInteractionBlock,25433976320,34108080128,NVIDIA GH200 120GB,0.14894897749763913,579458.4980450296,0.5800644049494698
2744,433552,float64,True,2,2,258x0e+258x1o,258x0e+128x1o,3,RealAgnosticResidualNonLinearInteractionBlock,RealAgnosticResidualInteractionBlock,50790661120,68125982720,NVIDIA GH200 120GB,0.259746511499543,332484.3186880932,0.33263199378965297
2744,433552,float32,True,1,2,258x0e+258x1o,258x0e+128x1o,3,RealAgnosticResidualInteractionBlock,RealAgnosticResidualNonLinearInteractionBlock,10090075648,10366222336,NVIDIA GH200 120GB,0.034998451999854296,2465421.70777445,2.4686806147986116
2744,433552,float64,True,1,2,258x0e+258x1o,258x0e+128x1o,3,RealAgnosticResidualInteractionBlock,RealAgnosticResidualNonLinearInteractionBlock,20103532032,20648558592,NVIDIA GH200 120GB,0.05482472799485549,1577728.4803019778,1.5759312113341883
2744,433552,float32,True,2,2,258x0e+258x1o,258x0e+128x1o,3,RealAgnosticResidualInteractionBlock,RealAgnosticResidualNonLinearInteractionBlock,25486767616,34061942784,NVIDIA GH200 120GB,0.14842190600393224,580415.8165881942,0.5821243125506753
2744,433552,float64,True,2,2,258x0e+258x1o,258x0e+128x1o,3,RealAgnosticResidualInteractionBlock,RealAgnosticResidualNonLinearInteractionBlock,50893717504,67998056448,NVIDIA GH200 120GB,0.25996520799890277,332267.96008960035,0.33235216614203494
2744,433552,float32,True,1,2,258x0e+258x1o,258x0e+128x1o,3,RealAgnosticResidualNonLinearInteractionBlock,RealAgnosticResidualNonLinearInteractionBlock,10090057216,10366222336,NVIDIA GH200 120GB,0.03532231499775662,2447718.133898952,2.446045793020288
2744,433552,float64,True,1,2,258x0e+258x1o,258x0e+128x1o,3,RealAgnosticResidualNonLinearInteractionBlock,RealAgnosticResidualNonLinearInteractionBlock,20103513600,20648558592,NVIDIA GH200 120GB,0.054513153998414055,1578607.0617632982,1.5849385636815956
2744,433552,float32,True,2,2,258x0e+258x1o,258x0e+128x1o,3,RealAgnosticResidualNonLinearInteractionBlock,RealAgnosticResidualNonLinearInteractionBlock,27127888896,35844521984,NVIDIA GH200 120GB,0.16188131899980363,533754.1301006025,0.533724339125905
2744,433552,float64,True,2,2,258x0e+258x1o,258x0e+128x1o,3,RealAgnosticResidualNonLinearInteractionBlock,RealAgnosticResidualNonLinearInteractionBlock,54178936320,71563214848,NVIDIA GH200 120GB,0.28741374750461546,301126.57043631206,0.30061192531722075
2744,433552,float32,True,1,3,32x0e+32x1o,64x0e+64x1o,3,RealAgnosticResidualInteractionBlock,RealAgnosticResidualInteractionBlock,2351987200,2409627648,NVIDIA GH200 120GB,0.012556999005028047,6881078.4677763395,6.880624898146754
2744,433552,float64,True,1,3,32x0e+32x1o,64x0e+64x1o,3,RealAgnosticResidualInteractionBlock,RealAgnosticResidualInteractionBlock,4631598592,4693426176,NVIDIA GH200 120GB,0.015378370000689756,5617907.779694376,5.618280740814844
2744,433552,float32,True,2,3,32x0e+32x1o,64x0e+64x1o,3,RealAgnosticResidualInteractionBlock,RealAgnosticResidualInteractionBlock,9425368064,9680453632,NVIDIA GH200 120GB,0.035433965000265744,2438242.8488799995,2.4383384698650583
2744,433552,float64,True,2,3,32x0e+32x1o,64x0e+64x1o,3,RealAgnosticResidualInteractionBlock,RealAgnosticResidualInteractionBlock,18767142912,19293798400,NVIDIA GH200 120GB,0.044714470001053996,1930757.6949847748,1.9322604069323288
2744,433552,float32,True,1,3,32x0e+32x1o,64x0e+64x1o,3,RealAgnosticResidualNonLinearInteractionBlock,RealAgnosticResidualInteractionBlock,2355230208,2409627648,NVIDIA GH200 120GB,0.012846591002016794,6705639.845262027,6.725519632907751
2744,433552,float64,True,1,3,32x0e+32x1o,64x0e+64x1o,3,RealAgnosticResidualNonLinearInteractionBlock,RealAgnosticResidualInteractionBlock,4631625216,4693426176,NVIDIA GH200 120GB,0.015376384995761327,5608936.686442278,5.619006029298638
2744,433552,float32,True,2,3,32x0e+32x1o,64x0e+64x1o,3,RealAgnosticResidualNonLinearInteractionBlock,RealAgnosticResidualInteractionBlock,10245015040,10353639424,NVIDIA GH200 120GB,0.043856156000401825,1969930.1912973728,1.9700769032107688
2744,433552,float64,True,2,3,32x0e+32x1o,64x0e+64x1o,3,RealAgnosticResidualNonLinearInteractionBlock,RealAgnosticResidualInteractionBlock,20406861312,20635975680,NVIDIA GH200 120GB,0.06273043749752105,1375029.2082046047,1.3773218145244772
2744,433552,float32,True,1,3,32x0e+32x1o,64x0e+64x1o,3,RealAgnosticResidualInteractionBlock,RealAgnosticResidualNonLinearInteractionBlock,3167226880,3198156800,NVIDIA GH200 120GB,0.020803449504455784,4147885.578909198,4.153157387744491
2744,433552,float64,True,1,3,32x0e+32x1o,64x0e+64x1o,3,RealAgnosticResidualInteractionBlock,RealAgnosticResidualNonLinearInteractionBlock,6251593728,6341787648,NVIDIA GH200 120GB,0.032434328000817914,2660563.893666887,2.663844307112551
2744,433552,float32,True,2,3,32x0e+32x1o,64x0e+64x1o,3,RealAgnosticResidualInteractionBlock,RealAgnosticResidualNonLinearInteractionBlock,10257475072,10500440064,NVIDIA GH200 120GB,0.04280491750250803,2018966.2896380473,2.0184596780250224
2744,433552,float64,True,2,3,32x0e+32x1o,64x0e+64x1o,3,RealAgnosticResidualInteractionBlock,RealAgnosticResidualNonLinearInteractionBlock,20427120640,20885536768,NVIDIA GH200 120GB,0.06081730099685956,1419323.6753521047,1.4206483777447056
2744,433552,float32,True,1,3,32x0e+32x1o,64x0e+64x1o,3,RealAgnosticResidualNonLinearInteractionBlock,RealAgnosticResidualNonLinearInteractionBlock,3167208960,3198156800,NVIDIA GH200 120GB,0.020722411998576717,4161547.5052401563,4.169398813513323
2744,433552,float64,True,1,3,32x0e+32x1o,64x0e+64x1o,3,RealAgnosticResidualNonLinearInteractionBlock,RealAgnosticResidualNonLinearInteractionBlock,6251575808,6343884800,NVIDIA GH200 120GB,0.03260923599736998,2644334.6628167434,2.6495560953028274
2744,433552,float32,True,2,3,32x0e+32x1o,64x0e+64x1o,3,RealAgnosticResidualNonLinearInteractionBlock,RealAgnosticResidualNonLinearInteractionBlock,11076401664,11171528704,NVIDIA GH200 120GB,0.05058117200314882,1707136.9293461049,1.708145473470274
2744,433552,float64,True,2,3,32x0e+32x1o,64x0e+64x1o,3,RealAgnosticResidualNonLinearInteractionBlock,RealAgnosticResidualNonLinearInteractionBlock,22064548864,27996979200,NVIDIA GH200 120GB,0.07886482200410683,1091240.2551958247,1.0955454891599297
2744,433552,float32,True,1,3,32x0e+32x1o,128x0e+16x1o,3,RealAgnosticResidualInteractionBlock,RealAgnosticResidualInteractionBlock,2351987200,2409627648,NVIDIA GH200 120GB,0.012838887050747871,6719439.393473141,6.729555268964467
2744,433552,float64,True,1,3,32x0e+32x1o,128x0e+16x1o,3,RealAgnosticResidualInteractionBlock,RealAgnosticResidualInteractionBlock,4631598592,4693426176,NVIDIA GH200 120GB,0.015433400054462254,5592583.785776502,5.59824793597696
2744,433552,float32,True,2,3,32x0e+32x1o,128x0e+16x1o,3,RealAgnosticResidualInteractionBlock,RealAgnosticResidualInteractionBlock,13062008832,19042140160,NVIDIA GH200 120GB,0.08413760247640312,1026447.7719095312,1.0268892558975802
2744,433552,float64,True,2,3,32x0e+32x1o,128x0e+16x1o,3,RealAgnosticResidualInteractionBlock,RealAgnosticResidualInteractionBlock,26038056960,38004588544,NVIDIA GH200 120GB,0.13412639359012246,644072.7108827959,0.6441685166308893
2744,433552,float32,True,1,3,32x0e+32x1o,128x0e+16x1o,3,RealAgnosticResidualNonLinearInteractionBlock,RealAgnosticResidualInteractionBlock,2355241472,2409627648,NVIDIA GH200 120GB,0.012925572460517287,6655558.112616002,6.6844234763233255
2744,433552,float64,True,1,3,32x0e+32x1o,128x0e+16x1o,3,RealAgnosticResidualNonLinearInteractionBlock,RealAgnosticResidualInteractionBlock,4631593984,4693426176,NVIDIA GH200 120GB,0.015523253008723259,5557280.604949436,5.565843702440958
2744,433552,float32,True,2,3,32x0e+32x1o,128x0e+16x1o,3,RealAgnosticResidualNonLinearInteractionBlock,RealAgnosticResidualInteractionBlock,13879880704,19933429760,NVIDIA GH200 120GB,0.09256574418395758,932759.002936886,0.9333906485783307
2744,433552,float64,True,2,3,32x0e+32x1o,128x0e+16x1o,3,RealAgnosticResidualNonLinearInteractionBlock,RealAgnosticResidualInteractionBlock,27674920960,39791362048,NVIDIA GH200 120GB,0.15131063607987016,569205.9677050458,0.5710107513816364
2744,433552,float32,True,1,3,32x0e+32x1o,128x0e+16x1o,3,RealAgnosticResidualInteractionBlock,RealAgnosticResidualNonLinearInteractionBlock,3167242752,3198156800,NVIDIA GH200 120GB,0.021519150002859533,4012686.39657165,4.015028474104177
2744,433552,float64,True,1,3,32x0e+32x1o,128x0e+16x1o,3,RealAgnosticResidualInteractionBlock,RealAgnosticResidualNonLinearInteractionBlock,6251609600,6341787648,NVIDIA GH200 120GB,0.03271023114211857,2640823.7754690074,2.6413754040627686
2744,433552,float32,True,2,3,32x0e+32x1o,128x0e+16x1o,3,RealAgnosticResidualInteractionBlock,RealAgnosticResidualNonLinearInteractionBlock,13894377472,19860029440,NVIDIA GH200 120GB,0.09116191486828029,948999.2845086709,0.9477642075074797
2744,433552,float64,True,2,3,32x0e+32x1o,128x0e+16x1o,3,RealAgnosticResidualInteractionBlock,RealAgnosticResidualNonLinearInteractionBlock,27698051584,39596326912,NVIDIA GH200 120GB,0.149662590585649,576700.9077703519,0.577298573156496
2744,433552,float32,True,1,3,32x0e+32x1o,128x0e+16x1o,3,RealAgnosticResidualNonLinearInteractionBlock,RealAgnosticResidualNonLinearInteractionBlock,3167237120,3198156800,NVIDIA GH200 120GB,0.02125920553226024,4052728.716625087,4.06412176922089
2744,433552,float64,True,1,3,32x0e+32x1o,128x0e+16x1o,3,RealAgnosticResidualNonLinearInteractionBlock,RealAgnosticResidualNonLinearInteractionBlock,6251603968,6341787648,NVIDIA GH200 120GB,0.03281003702431917,2632088.5168832066,2.6333405212544974
2744,433552,float32,True,2,3,32x0e+32x1o,128x0e+16x1o,3,RealAgnosticResidualNonLinearInteractionBlock,RealAgnosticResidualNonLinearInteractionBlock,14712855040,20753416192,NVIDIA GH200 120GB,0.09885937604121864,873798.1979800846,0.8739686963427344
2744,433552,float64,True,2,3,32x0e+32x1o,128x0e+16x1o,3,RealAgnosticResidualNonLinearInteractionBlock,RealAgnosticResidualNonLinearInteractionBlock,29334606336,41383100416,NVIDIA GH200 120GB,0.16724488453473896,516196.05591392965,0.5166077290815647
2744,433552,float32,True,1,3,32x0e+32x1o,128x0e+32x1o,3,RealAgnosticResidualInteractionBlock,RealAgnosticResidualInteractionBlock,2351987200,2409627648,NVIDIA GH200 120GB,0.012797673000022769,6746069.816178937,6.751227352023004
2744,433552,float64,True,1,3,32x0e+32x1o,128x0e+32x1o,3,RealAgnosticResidualInteractionBlock,RealAgnosticResidualInteractionBlock,4631598592,4693426176,NVIDIA GH200 120GB,0.015436232089996338,5591967.3956141835,5.597220843549813
2744,433552,float32,True,2,3,32x0e+32x1o,128x0e+32x1o,3,RealAgnosticResidualInteractionBlock,RealAgnosticResidualInteractionBlock,15156428800,17567842304,NVIDIA GH200 120GB,0.09407536196522415,918518.5026803992,0.9184126236148694
2744,433552,float64,True,2,3,32x0e+32x1o,128x0e+32x1o,3,RealAgnosticResidualInteractionBlock,RealAgnosticResidualInteractionBlock,30228265984,35064381440,NVIDIA GH200 120GB,0.15084781835321337,572275.3489752448,0.5727626752790854
2744,433552,float32,True,1,3,32x0e+32x1o,128x0e+32x1o,3,RealAgnosticResidualNonLinearInteractionBlock,RealAgnosticResidualInteractionBlock,2355241472,2409627648,NVIDIA GH200 120GB,0.013141662580892444,6554577.567215115,6.574510604588405
2744,433552,float64,True,1,3,32x0e+32x1o,128x0e+32x1o,3,RealAgnosticResidualNonLinearInteractionBlock,RealAgnosticResidualInteractionBlock,4631593984,4693426176,NVIDIA GH200 120GB,0.015636674128472805,5517525.7238867385,5.525471675762196
2744,433552,float32,True,2,3,32x0e+32x1o,128x0e+32x1o,3,RealAgnosticResidualNonLinearInteractionBlock,RealAgnosticResidualInteractionBlock,15976652800,18461229056,NVIDIA GH200 120GB,0.10274624894373119,840918.3932992003,0.8409066110755714
2744,433552,float64,True,2,3,32x0e+32x1o,128x0e+32x1o,3,RealAgnosticResidualNonLinearInteractionBlock,RealAgnosticResidualInteractionBlock,31866763264,36849057792,NVIDIA GH200 120GB,0.16862780239898711,512052.07296389225,0.5123710252451169
2744,433552,float32,True,1,3,32x0e+32x1o,128x0e+32x1o,3,RealAgnosticResidualInteractionBlock,RealAgnosticResidualNonLinearInteractionBlock,3167242752,3198156800,NVIDIA GH200 120GB,0.02115640905685723,4078236.54433357,4.083868853537599
2744,433552,float64,True,1,3,32x0e+32x1o,128x0e+32x1o,3,RealAgnosticResidualInteractionBlock,RealAgnosticResidualNonLinearInteractionBlock,6251609600,6341787648,NVIDIA GH200 120GB,0.032687959959730506,2637818.9082172704,2.643175043852211
2744,433552,float32,True,2,3,32x0e+32x1o,128x0e+32x1o,3,RealAgnosticResidualInteractionBlock,RealAgnosticResidualNonLinearInteractionBlock,15989421568,18385731584,NVIDIA GH200 120GB,0.10081256460398436,856867.2670448935,0.8570360285882983
2744,433552,float64,True,2,3,32x0e+32x1o,128x0e+32x1o,3,RealAgnosticResidualInteractionBlock,RealAgnosticResidualNonLinearInteractionBlock,31887461888,36656119808,NVIDIA GH200 120GB,0.16647521185223013,518606.3341725229,0.518996185910801
2744,433552,float32,True,1,3,32x0e+32x1o,128x0e+32x1o,3,RealAgnosticResidualNonLinearInteractionBlock,RealAgnosticResidualNonLinearInteractionBlock,3167237120,3198156800,NVIDIA GH200 120GB,0.021191767882555723,4068525.117605519,4.077054848789717
2744,433552,float64,True,1,3,32x0e+32x1o,128x0e+32x1o,3,RealAgnosticResidualNonLinearInteractionBlock,RealAgnosticResidualNonLinearInteractionBlock,6251603968,6341787648,NVIDIA GH200 120GB,0.032757366076111794,2635041.3521637837,2.6375746999697554
2744,433552,float32,True,2,3,32x0e+32x1o,128x0e+32x1o,3,RealAgnosticResidualNonLinearInteractionBlock,RealAgnosticResidualNonLinearInteractionBlock,16808909824,19279118336,NVIDIA GH200 120GB,0.10901413799729198,792195.186944655,0.7925577506483266
2744,433552,float64,True,2,3,32x0e+32x1o,128x0e+32x1o,3,RealAgnosticResidualNonLinearInteractionBlock,RealAgnosticResidualNonLinearInteractionBlock,33526017024,38440796160,NVIDIA GH200 120GB,0.1861429144628346,463858.6998531255,0.4641594886881965
2744,433552,float32,True,1,3,64x0e+64x1o,64x0e+32x1o,3,RealAgnosticResidualInteractionBlock,RealAgnosticResidualInteractionBlock,3801477120,5037359104,NVIDIA GH200 120GB,0.014830031897872686,5813622.173121824,5.826015789783551
2744,433552,float64,True,1,3,64x0e+64x1o,64x0e+32x1o,3,RealAgnosticResidualInteractionBlock,RealAgnosticResidualInteractionBlock,7519206912,8516534272,NVIDIA GH200 120GB,0.01846346550155431,4676848.951643455,4.679511546341427
2744,433552,float32,True,2,3,64x0e+64x1o,64x0e+32x1o,3,RealAgnosticResidualInteractionBlock,RealAgnosticResidualInteractionBlock,10894856704,13128171520,NVIDIA GH200 120GB,0.07836282486096025,1103290.7328551237,1.1025636218870387
2744,433552,float64,True,2,3,64x0e+64x1o,64x0e+32x1o,3,RealAgnosticResidualInteractionBlock,RealAgnosticResidualInteractionBlock,21714998784,26153582592,NVIDIA GH200 120GB,0.12139924895018339,711742.5873064264,0.711701272842755
2744,433552,float32,True,1,3,64x0e+64x1o,64x0e+32x1o,3,RealAgnosticResidualNonLinearInteractionBlock,RealAgnosticResidualInteractionBlock,3795940352,4066377728,NVIDIA GH200 120GB,0.015228627948090434,5656977.238980661,5.673524909434404
2744,433552,float64,True,1,3,64x0e+64x1o,64x0e+32x1o,3,RealAgnosticResidualNonLinearInteractionBlock,RealAgnosticResidualInteractionBlock,7518706176,8724152320,NVIDIA GH200 120GB,0.018991786986589432,4536731.006002862,4.549334934148597
2744,433552,float32,True,2,3,64x0e+64x1o,64x0e+32x1o,3,RealAgnosticResidualNonLinearInteractionBlock,RealAgnosticResidualInteractionBlock,11832500224,14084472832,NVIDIA GH200 120GB,0.08764664444606751,987681.4948938489,0.9857764726311385
2744,433552,float64,True,2,3,64x0e+64x1o,64x0e+32x1o,3,RealAgnosticResidualNonLinearInteractionBlock,RealAgnosticResidualInteractionBlock,23591094784,28049408000,NVIDIA GH200 120GB,0.14019718603231013,615975.7784637053,0.6162748514801722
2744,433552,float32,True,1,3,64x0e+64x1o,64x0e+32x1o,3,RealAgnosticResidualInteractionBlock,RealAgnosticResidualNonLinearInteractionBlock,4719867392,4957667328,NVIDIA GH200 120GB,0.023522268049418926,3672364.055138809,3.673115186787201
2744,433552,float64,True,1,3,64x0e+64x1o,64x0e+32x1o,3,RealAgnosticResidualInteractionBlock,RealAgnosticResidualNonLinearInteractionBlock,9362806272,9827254272,NVIDIA GH200 120GB,0.036499871988780797,2365847.7963607954,2.3671315895726246
2744,433552,float32,True,2,3,64x0e+64x1o,64x0e+32x1o,3,RealAgnosticResidualInteractionBlock,RealAgnosticResidualNonLinearInteractionBlock,11858159616,14103347200,NVIDIA GH200 120GB,0.0863134014653042,1000970.3959710468,1.0010033034641859
2744,433552,float64,True,2,3,64x0e+64x1o,64x0e+32x1o,3,RealAgnosticResidualInteractionBlock,RealAgnosticResidualNonLinearInteractionBlock,23639477760,28095545344,NVIDIA GH200 120GB,0.13874519406817853,622266.8350477433,0.6227242722190692
2744,433552,float32,True,1,3,64x0e+64x1o,64x0e+32x1o,3,RealAgnosticResidualNonLinearInteractionBlock,RealAgnosticResidualNonLinearInteractionBlock,4719861760,4957667328,NVIDIA GH200 120GB,0.023714183014817536,3637228.582215519,3.643389272403521
2744,433552,float64,True,1,3,64x0e+64x1o,64x0e+32x1o,3,RealAgnosticResidualNonLinearInteractionBlock,RealAgnosticResidualNonLinearInteractionBlock,9362800640,9827254272,NVIDIA GH200 120GB,0.03704244806431234,2329306.28567603,2.3324592329857383
2744,433552,float32,True,2,3,64x0e+64x1o,64x0e+32x1o,3,RealAgnosticResidualNonLinearInteractionBlock,RealAgnosticResidualNonLinearInteractionBlock,12796466176,15057551360,NVIDIA GH200 120GB,0.09433402493596077,916550.3531328747,0.9158943452126969
2744,433552,float64,True,2,3,64x0e+64x1o,64x0e+32x1o,3,RealAgnosticResidualNonLinearInteractionBlock,RealAgnosticResidualNonLinearInteractionBlock,25513318400,28428992512,NVIDIA GH200 120GB,0.158536302507855,545577.7560932339,0.5449855877376675
2744,433552,float32,True,1,3,64x0e+64x1o,64x0e+16x1o,3,RealAgnosticResidualInteractionBlock,RealAgnosticResidualInteractionBlock,3801477120,5037359104,NVIDIA GH200 120GB,0.015086750965565443,5722134.861653293,5.726879180096666
2744,433552,float64,True,1,3,64x0e+64x1o,64x0e+16x1o,3,RealAgnosticResidualInteractionBlock,RealAgnosticResidualInteractionBlock,7519206912,8516534272,NVIDIA GH200 120GB,0.018761537969112396,4601660.490591397,4.605166172530341
2744,433552,float32,True,2,3,64x0e+64x1o,64x0e+16x1o,3,RealAgnosticResidualInteractionBlock,RealAgnosticResidualInteractionBlock,8797470720,10181672960,NVIDIA GH200 120GB,0.06861715903505683,1259389.6522677357,1.259160262753779
2744,433552,float64,True,2,3,64x0e+64x1o,64x0e+16x1o,3,RealAgnosticResidualInteractionBlock,RealAgnosticResidualInteractionBlock,17520360448,19939721216,NVIDIA GH200 120GB,0.10443659301381558,826852.2963695674,0.8272962331179304
2744,433552,float32,True,1,3,64x0e+64x1o,64x0e+16x1o,3,RealAgnosticResidualNonLinearInteractionBlock,RealAgnosticResidualInteractionBlock,3795902464,4066377728,NVIDIA GH200 120GB,0.01544520491734147,4820511.163610942,5.593969161457506
2744,433552,float64,True,1,3,64x0e+64x1o,64x0e+16x1o,3,RealAgnosticResidualNonLinearInteractionBlock,RealAgnosticResidualInteractionBlock,7518710784,8724152320,NVIDIA GH200 120GB,0.01877917000092566,4587457.7024352085,4.60084231602042
2744,433552,float32,True,2,3,64x0e+64x1o,64x0e+16x1o,3,RealAgnosticResidualNonLinearInteractionBlock,RealAgnosticResidualInteractionBlock,9735387648,10831790080,NVIDIA GH200 120GB,0.07747424184344709,1115032.301278,1.1152093643535006
2744,433552,float64,True,2,3,64x0e+64x1o,64x0e+16x1o,3,RealAgnosticResidualNonLinearInteractionBlock,RealAgnosticResidualInteractionBlock,19395296256,21776826368,NVIDIA GH200 120GB,0.12307068007066846,700497.3370440019,0.7020356103532396
2744,433552,float32,True,1,3,64x0e+64x1o,64x0e+16x1o,3,RealAgnosticResidualInteractionBlock,RealAgnosticResidualNonLinearInteractionBlock,4719872000,4957667328,NVIDIA GH200 120GB,0.024032485554926097,3591410.1628680215,3.5951337535409453
2744,433552,float64,True,1,3,64x0e+64x1o,64x0e+16x1o,3,RealAgnosticResidualInteractionBlock,RealAgnosticResidualNonLinearInteractionBlock,9362810880,9827254272,NVIDIA GH200 120GB,0.03693442209623754,2337978.1493415916,2.3392812205068036
2744,433552,float32,True,2,3,64x0e+64x1o,64x0e+16x1o,3,RealAgnosticResidualInteractionBlock,RealAgnosticResidualNonLinearInteractionBlock,9762838528,10934550528,NVIDIA GH200 120GB,0.07599951792508364,1136612.802388633,1.1368493164018305
2744,433552,float64,True,2,3,64x0e+64x1o,64x0e+16x1o,3,RealAgnosticResidualInteractionBlock,RealAgnosticResidualNonLinearInteractionBlock,19443484672,21764243456,NVIDIA GH200 120GB,0.12199637503363192,707325.37382804,0.7082177644719466
2744,433552,float32,True,1,3,64x0e+64x1o,64x0e+16x1o,3,RealAgnosticResidualNonLinearInteractionBlock,RealAgnosticResidualNonLinearInteractionBlock,4719861760,4957667328,NVIDIA GH200 120GB,0.024045652942731977,3586616.2723581595,3.593165060053618
2744,433552,float64,True,1,3,64x0e+64x1o,64x0e+16x1o,3,RealAgnosticResidualNonLinearInteractionBlock,RealAgnosticResidualNonLinearInteractionBlock,9362800640,9827254272,NVIDIA GH200 120GB,0.036890951567329466,2339411.482707306,2.342037717360363
2744,433552,float32,True,2,3,64x0e+64x1o,64x0e+16x1o,3,RealAgnosticResidualNonLinearInteractionBlock,RealAgnosticResidualNonLinearInteractionBlock,10697724416,11918114816,NVIDIA GH200 120GB,0.08481610391754657,1018837.1603742938,1.018674473470194
2744,433552,float64,True,2,3,64x0e+64x1o,64x0e+16x1o,3,RealAgnosticResidualNonLinearInteractionBlock,RealAgnosticResidualNonLinearInteractionBlock,21317539328,23710400512,NVIDIA GH200 120GB,0.1398732999805361,617506.5735845675,0.6177018774278071
2744,433552,float32,True,1,3,32x0e+32x1o,128x0e+64x1o,3,RealAgnosticResidualInteractionBlock,RealAgnosticResidualInteractionBlock,2351987200,2409627648,NVIDIA GH200 120GB,0.012665301001106855,6811427.8910146365,6.821788127455421
2744,433552,float64,True,1,3,32x0e+32x1o,128x0e+64x1o,3,RealAgnosticResidualInteractionBlock,RealAgnosticResidualInteractionBlock,4631598592,4693426176,NVIDIA GH200 120GB,0.015354177994595375,5622204.912662766,5.62713289050137
2744,433552,float32,True,2,3,32x0e+32x1o,128x0e+64x1o,3,RealAgnosticResidualInteractionBlock,RealAgnosticResidualInteractionBlock,19211493376,22118662144,NVIDIA GH200 120GB,0.11220360599691048,769934.4532853294,0.7700287279749193
2744,433552,float64,True,2,3,32x0e+32x1o,128x0e+64x1o,3,RealAgnosticResidualInteractionBlock,RealAgnosticResidualInteractionBlock,38333424640,44166021120,NVIDIA GH200 120GB,0.1904091864998918,453713.88921989343,0.4537596194186203
2744,433552,float32,True,1,3,32x0e+32x1o,128x0e+64x1o,3,RealAgnosticResidualNonLinearInteractionBlock,RealAgnosticResidualInteractionBlock,2355241472,2409627648,NVIDIA GH200 120GB,0.012822288997995201,6724582.477314613,6.7382664681406625
2744,433552,float64,True,1,3,32x0e+32x1o,128x0e+64x1o,3,RealAgnosticResidualNonLinearInteractionBlock,RealAgnosticResidualInteractionBlock,4631593984,4693426176,NVIDIA GH200 120GB,0.015318466997996438,5632927.78728295,5.640251078081155
2744,433552,float32,True,2,3,32x0e+32x1o,128x0e+64x1o,3,RealAgnosticResidualNonLinearInteractionBlock,RealAgnosticResidualInteractionBlock,20032010240,24566038528,NVIDIA GH200 120GB,0.12041995899926405,717156.2139836261,0.7174890335291348
2744,433552,float64,True,2,3,32x0e+32x1o,128x0e+64x1o,3,RealAgnosticResidualNonLinearInteractionBlock,RealAgnosticResidualInteractionBlock,39974830592,49060773888,NVIDIA GH200 120GB,0.20835369950145832,414686.74668338394,0.4146794619281299
2744,433552,float32,True,1,3,32x0e+32x1o,128x0e+64x1o,3,RealAgnosticResidualInteractionBlock,RealAgnosticResidualNonLinearInteractionBlock,3167242752,3198156800,NVIDIA GH200 120GB,0.02071170700219227,4155203.2383194673,4.171553797610928
2744,433552,float64,True,1,3,32x0e+32x1o,128x0e+64x1o,3,RealAgnosticResidualInteractionBlock,RealAgnosticResidualNonLinearInteractionBlock,6251609600,6341787648,NVIDIA GH200 120GB,0.03247850800107699,2657949.9747689064,2.6602207218735225
2744,433552,float32,True,2,3,32x0e+32x1o,128x0e+64x1o,3,RealAgnosticResidualInteractionBlock,RealAgnosticResidualNonLinearInteractionBlock,20043459072,24492638208,NVIDIA GH200 120GB,0.11932917699596146,724199.1453578089,0.7240475646867497
2744,433552,float64,True,2,3,32x0e+32x1o,128x0e+64x1o,3,RealAgnosticResidualInteractionBlock,RealAgnosticResidualNonLinearInteractionBlock,39994163712,48865738752,NVIDIA GH200 120GB,0.20665637650017743,417762.70699732803,0.4180853330694387
2744,433552,float32,True,1,3,32x0e+32x1o,128x0e+64x1o,3,RealAgnosticResidualNonLinearInteractionBlock,RealAgnosticResidualNonLinearInteractionBlock,3167237120,3198156800,NVIDIA GH200 120GB,0.020868886000243947,4136238.6561032836,4.140134744086964
2744,433552,float64,True,1,3,32x0e+32x1o,128x0e+64x1o,3,RealAgnosticResidualNonLinearInteractionBlock,RealAgnosticResidualNonLinearInteractionBlock,6251603968,6341787648,NVIDIA GH200 120GB,0.032460204005474225,2658114.2291028528,2.66172079465148
2744,433552,float32,True,2,3,32x0e+32x1o,128x0e+64x1o,3,RealAgnosticResidualNonLinearInteractionBlock,RealAgnosticResidualNonLinearInteractionBlock,20863851520,25383927808,NVIDIA GH200 120GB,0.12716034099867102,679161.2875344169,0.6794571272886331
2744,433552,float64,True,2,3,32x0e+32x1o,128x0e+64x1o,3,RealAgnosticResidualNonLinearInteractionBlock,RealAgnosticResidualNonLinearInteractionBlock,41634017792,47544532992,NVIDIA GH200 120GB,0.2240047474988387,385160.7038223854,0.38570611098520546
2744,433552,float32,True,1,3,32x0e+32x1o,128x0e+128x1o,3,RealAgnosticResidualInteractionBlock,RealAgnosticResidualInteractionBlock,2351987200,2409627648,NVIDIA GH200 120GB,0.012982107498828555,6648834.288708147,6.655313862390705
2744,433552,float64,True,1,3,32x0e+32x1o,128x0e+128x1o,3,RealAgnosticResidualInteractionBlock,RealAgnosticResidualInteractionBlock,4631598592,4693426176,NVIDIA GH200 120GB,0.015583530501317,5540993.185134731,5.5443148773442665
2744,433552,float32,True,2,3,32x0e+32x1o,128x0e+128x1o,3,RealAgnosticResidualInteractionBlock,RealAgnosticResidualInteractionBlock,16971845632,17228103680,NVIDIA GH200 120GB,0.04880487799528055,1771190.3139077937,1.770314844519331
2744,433552,float64,True,2,3,32x0e+32x1o,128x0e+128x1o,3,RealAgnosticResidualInteractionBlock,RealAgnosticResidualInteractionBlock,33863393280,34384904192,NVIDIA GH200 120GB,0.06499367050128058,1329590.1881345583,1.3293602182122897
2744,433552,float32,True,1,3,32x0e+32x1o,128x0e+128x1o,3,RealAgnosticResidualNonLinearInteractionBlock,RealAgnosticResidualInteractionBlock,2355230208,2409627648,NVIDIA GH200 120GB,0.01302849000057904,6603898.970232623,6.631620394701153
2744,433552,float64,True,1,3,32x0e+32x1o,128x0e+128x1o,3,RealAgnosticResidualNonLinearInteractionBlock,RealAgnosticResidualInteractionBlock,4631625216,4693426176,NVIDIA GH200 120GB,0.015579065999190789,5533591.617589772,5.545903714926673
2744,433552,float32,True,2,3,32x0e+32x1o,128x0e+128x1o,3,RealAgnosticResidualNonLinearInteractionBlock,RealAgnosticResidualInteractionBlock,17793715200,17941135360,NVIDIA GH200 120GB,0.057014431498828344,1513876.708177929,1.5154057968950465
2744,433552,float64,True,2,3,32x0e+32x1o,128x0e+128x1o,3,RealAgnosticResidualNonLinearInteractionBlock,RealAgnosticResidualInteractionBlock,35507527680,35783704576,NVIDIA GH200 120GB,0.08324514999549137,1035733.3606862341,1.0378983040414906
2744,433552,float32,True,1,3,32x0e+32x1o,128x0e+128x1o,3,RealAgnosticResidualInteractionBlock,RealAgnosticResidualNonLinearInteractionBlock,3167226880,3198156800,NVIDIA GH200 120GB,0.021056688005046453,4098977.772361809,4.103209392630662
2744,433552,float64,True,1,3,32x0e+32x1o,128x0e+128x1o,3,RealAgnosticResidualInteractionBlock,RealAgnosticResidualNonLinearInteractionBlock,6251593728,6341787648,NVIDIA GH200 120GB,0.03262579899455886,2645390.5207518637,2.648211006706971
2744,433552,float32,True,2,3,32x0e+32x1o,128x0e+128x1o,3,RealAgnosticResidualInteractionBlock,RealAgnosticResidualNonLinearInteractionBlock,17803760128,18045992960,NVIDIA GH200 120GB,0.055108234999352135,1567884.952906549,1.567823756304584
2744,433552,float64,True,2,3,32x0e+32x1o,128x0e+128x1o,3,RealAgnosticResidualInteractionBlock,RealAgnosticResidualNonLinearInteractionBlock,35522668544,35976642560,NVIDIA GH200 120GB,0.08145739700557897,1058276.8847057356,1.06067715365472
2744,433552,float32,True,1,3,32x0e+32x1o,128x0e+128x1o,3,RealAgnosticResidualNonLinearInteractionBlock,RealAgnosticResidualNonLinearInteractionBlock,3167208960,3198156800,NVIDIA GH200 120GB,0.02103739250014769,4105854.061918411,4.106972857942991
2744,433552,float64,True,1,3,32x0e+32x1o,128x0e+128x1o,3,RealAgnosticResidualNonLinearInteractionBlock,RealAgnosticResidualNonLinearInteractionBlock,6251575808,6341787648,NVIDIA GH200 120GB,0.032629798995913006,2648223.134631152,2.647886369475396
2744,433552,float32,True,2,3,32x0e+32x1o,128x0e+128x1o,3,RealAgnosticResidualNonLinearInteractionBlock,RealAgnosticResidualNonLinearInteractionBlock,18625348096,24528289792,NVIDIA GH200 120GB,0.06317070349905407,1365488.4703583664,1.3677226184649625
2744,433552,float64,True,2,3,32x0e+32x1o,128x0e+128x1o,3,RealAgnosticResidualNonLinearInteractionBlock,RealAgnosticResidualNonLinearInteractionBlock,37170283008,48983179264,NVIDIA GH200 120GB,0.09985564099770272,864951.7362868238,0.8652490649175015
2744,433552,float32,True,1,3,32x0e+32x1o,258x0e+64x1o,3,RealAgnosticResidualInteractionBlock,RealAgnosticResidualInteractionBlock,2351987200,2409627648,NVIDIA GH200 120GB,0.012771598998369882,6754803.271353274,6.765010396194539
2744,433552,float64,True,1,3,32x0e+32x1o,258x0e+64x1o,3,RealAgnosticResidualInteractionBlock,RealAgnosticResidualInteractionBlock,4631598592,4693426176,NVIDIA GH200 120GB,0.01536322299944004,5617088.541195993,5.623819949964218
2744,433552,float32,True,2,3,32x0e+32x1o,258x0e+64x1o,3,RealAgnosticResidualInteractionBlock,RealAgnosticResidualInteractionBlock,28453900288,33101447168,NVIDIA GH200 120GB,0.15611451500080875,553718.7656933038,0.5534398899394615
2744,433552,float64,True,2,3,32x0e+32x1o,258x0e+64x1o,3,RealAgnosticResidualInteractionBlock,RealAgnosticResidualInteractionBlock,56823078400,66119008256,NVIDIA GH200 120GB,0.2657686905004084,324829.77985560894,0.32509472743881107
2744,433552,float32,True,1,3,32x0e+32x1o,258x0e+64x1o,3,RealAgnosticResidualNonLinearInteractionBlock,RealAgnosticResidualInteractionBlock,2355241472,2409627648,NVIDIA GH200 120GB,0.012859934002335649,6702552.2003978705,6.71854147807507
2744,433552,float64,True,1,3,32x0e+32x1o,258x0e+64x1o,3,RealAgnosticResidualNonLinearInteractionBlock,RealAgnosticResidualInteractionBlock,4631593984,4693426176,NVIDIA GH200 120GB,0.015637937001883984,5505813.533712653,5.525025455057848
2744,433552,float32,True,2,3,32x0e+32x1o,258x0e+64x1o,3,RealAgnosticResidualNonLinearInteractionBlock,RealAgnosticResidualInteractionBlock,29272999936,34326183936,NVIDIA GH200 120GB,0.16534859499734011,522345.95662556106,0.5225324110034917
2744,433552,float64,True,2,3,32x0e+32x1o,258x0e+64x1o,3,RealAgnosticResidualNonLinearInteractionBlock,RealAgnosticResidualInteractionBlock,58460940800,68570578944,NVIDIA GH200 120GB,0.2845198540017009,303577.87195354345,0.30366949365678886
2744,433552,float32,True,1,3,32x0e+32x1o,258x0e+64x1o,3,RealAgnosticResidualInteractionBlock,RealAgnosticResidualNonLinearInteractionBlock,3167242752,3198156800,NVIDIA GH200 120GB,0.020833697497437242,4142356.0571669275,4.1471275087212955
2744,433552,float64,True,1,3,32x0e+32x1o,258x0e+64x1o,3,RealAgnosticResidualInteractionBlock,RealAgnosticResidualNonLinearInteractionBlock,6251609600,6343884800,NVIDIA GH200 120GB,0.03255938999791397,2650786.8828872647,2.6536123682149917
2744,433552,float32,True,2,3,32x0e+32x1o,258x0e+64x1o,3,RealAgnosticResidualInteractionBlock,RealAgnosticResidualNonLinearInteractionBlock,29285210624,33919336448,NVIDIA GH200 120GB,0.1630016675007937,529707.9585229516,0.5300559271860167
2744,433552,float64,True,2,3,32x0e+32x1o,258x0e+64x1o,3,RealAgnosticResidualInteractionBlock,RealAgnosticResidualNonLinearInteractionBlock,58482370560,67710746624,NVIDIA GH200 120GB,0.2815396484984376,306258.2812389041,0.3068839520856313
2744,433552,float32,True,1,3,32x0e+32x1o,258x0e+64x1o,3,RealAgnosticResidualNonLinearInteractionBlock,RealAgnosticResidualNonLinearInteractionBlock,3167237120,3198156800,NVIDIA GH200 120GB,0.02106204400479328,4097702.1971886647,4.102165961686206
2744,433552,float64,True,1,3,32x0e+32x1o,258x0e+64x1o,3,RealAgnosticResidualNonLinearInteractionBlock,RealAgnosticResidualNonLinearInteractionBlock,6251603968,6341787648,NVIDIA GH200 120GB,0.03223450299992692,2678768.534231353,2.680357752070689
2744,433552,float32,True,2,3,32x0e+32x1o,258x0e+64x1o,3,RealAgnosticResidualNonLinearInteractionBlock,RealAgnosticResidualNonLinearInteractionBlock,30105860608,35144073216,NVIDIA GH200 120GB,0.1710611409980629,505123.7511261607,0.5050825657767499
2744,433552,float64,True,2,3,32x0e+32x1o,258x0e+64x1o,3,RealAgnosticResidualNonLinearInteractionBlock,RealAgnosticResidualNonLinearInteractionBlock,60120833024,70162317312,NVIDIA GH200 120GB,0.30009454450191697,287856.5905662682,0.28790926587286925
2744,433552,float32,True,1,3,32x0e+32x1o,258x0e+16x1o,3,RealAgnosticResidualInteractionBlock,RealAgnosticResidualInteractionBlock,2351987200,2409627648,NVIDIA GH200 120GB,0.01218608400085941,7085931.3336352175,7.090054523988735
2744,433552,float64,True,1,3,32x0e+32x1o,258x0e+16x1o,3,RealAgnosticResidualInteractionBlock,RealAgnosticResidualInteractionBlock,4631598592,4693426176,NVIDIA GH200 120GB,0.01486248100263765,5807992.348028682,5.813295908312115
2744,433552,float32,True,2,3,32x0e+32x1o,258x0e+16x1o,3,RealAgnosticResidualInteractionBlock,RealAgnosticResidualInteractionBlock,23206954496,35051798528,NVIDIA GH200 120GB,0.12435621999611612,694549.5550638755,0.6947782748840262
2744,433552,float64,True,2,3,32x0e+32x1o,258x0e+16x1o,3,RealAgnosticResidualInteractionBlock,RealAgnosticResidualInteractionBlock,46329752064,70011322368,NVIDIA GH200 120GB,0.20492734200161067,421516.2653209139,0.4216128465635441
2744,433552,float32,True,1,3,32x0e+32x1o,258x0e+16x1o,3,RealAgnosticResidualNonLinearInteractionBlock,RealAgnosticResidualInteractionBlock,2355241472,2409627648,NVIDIA GH200 120GB,0.012385469999571797,6965568.992320443,6.975916134227213
2744,433552,float64,True,1,3,32x0e+32x1o,258x0e+16x1o,3,RealAgnosticResidualNonLinearInteractionBlock,RealAgnosticResidualInteractionBlock,4631593984,4693426176,NVIDIA GH200 120GB,0.01493977499922039,5776034.446298599,5.7832196271033975
2744,433552,float32,True,2,3,32x0e+32x1o,258x0e+16x1o,3,RealAgnosticResidualNonLinearInteractionBlock,RealAgnosticResidualInteractionBlock,24027404800,35720790016,NVIDIA GH200 120GB,0.13317612150422065,648838.2621320795,0.6487649514350949
2744,433552,float64,True,2,3,32x0e+32x1o,258x0e+16x1o,3,RealAgnosticResidualNonLinearInteractionBlock,RealAgnosticResidualInteractionBlock,47970141696,71353499648,NVIDIA GH200 120GB,0.2230129380004655,387464.02655679703,0.3874214687930781
2744,433552,float32,True,1,3,32x0e+32x1o,258x0e+16x1o,3,RealAgnosticResidualInteractionBlock,RealAgnosticResidualNonLinearInteractionBlock,3167242752,3198156800,NVIDIA GH200 120GB,0.02050492900161771,4204181.859654612,4.213621027080054
2744,433552,float64,True,1,3,32x0e+32x1o,258x0e+16x1o,3,RealAgnosticResidualInteractionBlock,RealAgnosticResidualNonLinearInteractionBlock,6251609600,6341787648,NVIDIA GH200 120GB,0.031843871001910884,2709952.1243438963,2.7132379726954468
2744,433552,float32,True,2,3,32x0e+32x1o,258x0e+16x1o,3,RealAgnosticResidualInteractionBlock,RealAgnosticResidualNonLinearInteractionBlock,24038423552,35869687808,NVIDIA GH200 120GB,0.13087653000184218,659861.8830047646,0.6601642020825572
2744,433552,float64,True,2,3,32x0e+32x1o,258x0e+16x1o,3,RealAgnosticResidualInteractionBlock,RealAgnosticResidualNonLinearInteractionBlock,47988270080,71603060736,NVIDIA GH200 120GB,0.22147345050325384,390245.13517421565,0.39011448010438
2744,433552,float32,True,1,3,32x0e+32x1o,258x0e+16x1o,3,RealAgnosticResidualNonLinearInteractionBlock,RealAgnosticResidualNonLinearInteractionBlock,3167237120,3198156800,NVIDIA GH200 120GB,0.02051529700111132,4206633.272157488,4.211491551661167
2744,433552,float64,True,1,3,32x0e+32x1o,258x0e+16x1o,3,RealAgnosticResidualNonLinearInteractionBlock,RealAgnosticResidualNonLinearInteractionBlock,6251603968,6341787648,NVIDIA GH200 120GB,0.031678820501838345,2725402.9646885544,2.7273742718731007
2744,433552,float32,True,2,3,32x0e+32x1o,258x0e+16x1o,3,RealAgnosticResidualNonLinearInteractionBlock,RealAgnosticResidualNonLinearInteractionBlock,24860393984,36540776448,NVIDIA GH200 120GB,0.13897896500202478,621635.3950540095,0.6216768127373897
2744,433552,float64,True,2,3,32x0e+32x1o,258x0e+16x1o,3,RealAgnosticResidualNonLinearInteractionBlock,RealAgnosticResidualNonLinearInteractionBlock,49629551104,72945238016,NVIDIA GH200 120GB,0.2382163850015786,362753.1728294894,0.36269545438458173
2744,433552,float32,True,1,3,64x0e+64x1o,64x0e+64x1o,3,RealAgnosticResidualInteractionBlock,RealAgnosticResidualInteractionBlock,3801477120,5037359104,NVIDIA GH200 120GB,0.015192853985354304,5690555.970845147,5.686884115603847
2744,433552,float64,True,1,3,64x0e+64x1o,64x0e+64x1o,3,RealAgnosticResidualInteractionBlock,RealAgnosticResidualInteractionBlock,7519206912,8516534272,NVIDIA GH200 120GB,0.018749393057078123,4600984.654133866,4.608149167121064
2744,433552,float32,True,2,3,64x0e+64x1o,64x0e+64x1o,3,RealAgnosticResidualInteractionBlock,RealAgnosticResidualInteractionBlock,9716859392,10066329600,NVIDIA GH200 120GB,0.038550310069695115,2242017.901280558,2.241227109296849
2744,433552,float64,True,2,3,64x0e+64x1o,64x0e+64x1o,3,RealAgnosticResidualInteractionBlock,RealAgnosticResidualInteractionBlock,19359739392,20493369344,NVIDIA GH200 120GB,0.048569324892014265,1778773.5066017925,1.778900575457779
2744,433552,float32,True,1,3,64x0e+64x1o,64x0e+64x1o,3,RealAgnosticResidualNonLinearInteractionBlock,RealAgnosticResidualInteractionBlock,3795929088,4066377728,NVIDIA GH200 120GB,0.015326898079365492,5620901.473232307,5.637148466219645
2744,433552,float64,True,1,3,64x0e+64x1o,64x0e+64x1o,3,RealAgnosticResidualNonLinearInteractionBlock,RealAgnosticResidualInteractionBlock,7518737408,8724152320,NVIDIA GH200 120GB,0.018899725982919335,4567158.240973817,4.571494850141435
2744,433552,float32,True,2,3,64x0e+64x1o,64x0e+64x1o,3,RealAgnosticResidualNonLinearInteractionBlock,RealAgnosticResidualInteractionBlock,10654448640,11215568896,NVIDIA GH200 120GB,0.047279600985348225,1826946.2377038735,1.8274265898896873
2744,433552,float64,True,2,3,64x0e+64x1o,64x0e+64x1o,3,RealAgnosticResidualNonLinearInteractionBlock,RealAgnosticResidualInteractionBlock,21233801216,22508732416,NVIDIA GH200 120GB,0.06768510886467993,1275779.4829323278,1.2764993873724277
2744,433552,float32,True,1,3,64x0e+64x1o,64x0e+64x1o,3,RealAgnosticResidualInteractionBlock,RealAgnosticResidualNonLinearInteractionBlock,4719851520,4959764480,NVIDIA GH200 120GB,0.023914560675621033,3612015.5231415285,3.6128616858965694
2744,433552,float64,True,1,3,64x0e+64x1o,64x0e+64x1o,3,RealAgnosticResidualInteractionBlock,RealAgnosticResidualNonLinearInteractionBlock,9362790400,9827254272,NVIDIA GH200 120GB,0.03698260989040136,2335649.7803529757,2.3362331716460245
2744,433552,float32,True,2,3,64x0e+64x1o,64x0e+64x1o,3,RealAgnosticResidualInteractionBlock,RealAgnosticResidualNonLinearInteractionBlock,10683048960,11234443264,NVIDIA GH200 120GB,0.04579649050720036,1881732.7111454082,1.886607446184457
2744,433552,float64,True,2,3,64x0e+64x1o,64x0e+64x1o,3,RealAgnosticResidualInteractionBlock,RealAgnosticResidualNonLinearInteractionBlock,21285050368,22372417536,NVIDIA GH200 120GB,0.06616758299060166,1304316.0444226754,1.3057753675583423
2744,433552,float32,True,1,3,64x0e+64x1o,64x0e+64x1o,3,RealAgnosticResidualNonLinearInteractionBlock,RealAgnosticResidualNonLinearInteractionBlock,4719833600,4959764480,NVIDIA GH200 120GB,0.024010558030568063,3583922.498047771,3.598416991808494
2744,433552,float64,True,1,3,64x0e+64x1o,64x0e+64x1o,3,RealAgnosticResidualNonLinearInteractionBlock,RealAgnosticResidualNonLinearInteractionBlock,9362772480,9827254272,NVIDIA GH200 120GB,0.037135821999982,2326203.0766914478,2.3265945210541426
2744,433552,float32,True,2,3,64x0e+64x1o,64x0e+64x1o,3,RealAgnosticResidualNonLinearInteractionBlock,RealAgnosticResidualNonLinearInteractionBlock,11617777152,12270436352,NVIDIA GH200 120GB,0.05470083304680884,1576088.2573765335,1.579500625265897
2744,433552,float64,True,2,3,64x0e+64x1o,64x0e+64x1o,3,RealAgnosticResidualNonLinearInteractionBlock,RealAgnosticResidualNonLinearInteractionBlock,23157516800,24427626496,NVIDIA GH200 120GB,0.08895886410027742,971248.6154746386,0.9712354229546706
2744,433552,float32,True,1,3,32x0e+32x1o,258x0e+32x1o,3,RealAgnosticResidualInteractionBlock,RealAgnosticResidualInteractionBlock,2351987200,2409627648,NVIDIA GH200 120GB,0.01325243499741191,6508554.996683648,6.519556595966945
2744,433552,float64,True,1,3,32x0e+32x1o,258x0e+32x1o,3,RealAgnosticResidualInteractionBlock,RealAgnosticResidualInteractionBlock,4631598592,4693426176,NVIDIA GH200 120GB,0.015782611997565255,5470531.497532011,5.474379019982797
2744,433552,float32,True,2,3,32x0e+32x1o,258x0e+32x1o,3,RealAgnosticResidualInteractionBlock,RealAgnosticResidualInteractionBlock,24402219008,36628856832,NVIDIA GH200 120GB,0.13667945199995302,632102.115259151,0.6321359848591558
2744,433552,float64,True,2,3,32x0e+32x1o,258x0e+32x1o,3,RealAgnosticResidualInteractionBlock,RealAgnosticResidualInteractionBlock,48716999168,73175924736,NVIDIA GH200 120GB,0.2253167550006765,383933.6302453463,0.3834601647788714
2744,433552,float32,True,1,3,32x0e+32x1o,258x0e+32x1o,3,RealAgnosticResidualNonLinearInteractionBlock,RealAgnosticResidualInteractionBlock,2355241472,2409627648,NVIDIA GH200 120GB,0.013366816005145665,6442660.696600696,6.463768182844712
2744,433552,float64,True,1,3,32x0e+32x1o,258x0e+32x1o,3,RealAgnosticResidualNonLinearInteractionBlock,RealAgnosticResidualInteractionBlock,4631593984,4693426176,NVIDIA GH200 120GB,0.01573032600208535,5488001.093184524,5.492575296185602
2744,433552,float32,True,2,3,32x0e+32x1o,258x0e+32x1o,3,RealAgnosticResidualNonLinearInteractionBlock,RealAgnosticResidualInteractionBlock,25221351936,37297848320,NVIDIA GH200 120GB,0.1454564429986931,594235.3512318893,0.5939922510051775
2744,433552,float64,True,2,3,32x0e+32x1o,258x0e+32x1o,3,RealAgnosticResidualNonLinearInteractionBlock,RealAgnosticResidualInteractionBlock,50354798592,74518102016,NVIDIA GH200 120GB,0.24225598700286355,356633.8659328853,0.3566475325085721
2744,433552,float32,True,1,3,32x0e+32x1o,258x0e+32x1o,3,RealAgnosticResidualInteractionBlock,RealAgnosticResidualNonLinearInteractionBlock,3167242752,3198156800,NVIDIA GH200 120GB,0.02120525899954373,4067865.475565657,4.074460962813944
2744,433552,float64,True,1,3,32x0e+32x1o,258x0e+32x1o,3,RealAgnosticResidualInteractionBlock,RealAgnosticResidualNonLinearInteractionBlock,6251609600,6343884800,NVIDIA GH200 120GB,0.03271667599619832,2638377.7565222215,2.640855079838786
2744,433552,float32,True,2,3,32x0e+32x1o,258x0e+32x1o,3,RealAgnosticResidualInteractionBlock,RealAgnosticResidualNonLinearInteractionBlock,25233529344,37446746112,NVIDIA GH200 120GB,0.14344625000376254,602873.7899760274,0.6023161985603233
2744,433552,float64,True,2,3,32x0e+32x1o,258x0e+32x1o,3,RealAgnosticResidualInteractionBlock,RealAgnosticResidualNonLinearInteractionBlock,50377380864,74767663104,NVIDIA GH200 120GB,0.24116546049845056,358178.1702032506,0.35826025759005864
2744,433552,float32,True,1,3,32x0e+32x1o,258x0e+32x1o,3,RealAgnosticResidualNonLinearInteractionBlock,RealAgnosticResidualNonLinearInteractionBlock,3167237120,3198156800,NVIDIA GH200 120GB,0.02127428100357065,4055674.5561891873,4.061241834001287
2744,433552,float64,True,1,3,32x0e+32x1o,258x0e+32x1o,3,RealAgnosticResidualNonLinearInteractionBlock,RealAgnosticResidualNonLinearInteractionBlock,6251603968,6341787648,NVIDIA GH200 120GB,0.03287948750221403,2621249.445179768,2.627778185234244
2744,433552,float32,True,2,3,32x0e+32x1o,258x0e+32x1o,3,RealAgnosticResidualNonLinearInteractionBlock,RealAgnosticResidualNonLinearInteractionBlock,26052880896,38115737600,NVIDIA GH200 120GB,0.15189019449826446,568502.6477230772,0.568831979479671
2744,433552,float64,True,2,3,32x0e+32x1o,258x0e+32x1o,3,RealAgnosticResidualNonLinearInteractionBlock,RealAgnosticResidualNonLinearInteractionBlock,52012007936,76109840384,NVIDIA GH200 120GB,0.258840398000757,334002.97983013664,0.3337964269385312
2744,433552,float32,True,1,3,64x0e+64x1o,128x0e+32x1o,3,RealAgnosticResidualInteractionBlock,RealAgnosticResidualInteractionBlock,3801477120,5037359104,NVIDIA GH200 120GB,0.014914394123479724,5776440.055454402,5.793061339580702
2744,433552,float64,True,1,3,64x0e+64x1o,128x0e+32x1o,3,RealAgnosticResidualInteractionBlock,RealAgnosticResidualInteractionBlock,7519206912,8516534272,NVIDIA GH200 120GB,0.01862864790018648,4634701.724454914,4.638017770422034
2744,433552,float32,True,2,3,64x0e+64x1o,128x0e+32x1o,3,RealAgnosticResidualInteractionBlock,RealAgnosticResidualInteractionBlock,15447071232,17840472064,NVIDIA GH200 120GB,0.09628854994662106,898996.7826928318,0.8973029508482274
2744,433552,float64,True,2,3,64x0e+64x1o,128x0e+32x1o,3,RealAgnosticResidualInteractionBlock,RealAgnosticResidualInteractionBlock,30814728704,35706109952,NVIDIA GH200 120GB,0.15404087700881064,560310.2481229228,0.5608900811117701
2744,433552,float32,True,1,3,64x0e+64x1o,128x0e+32x1o,3,RealAgnosticResidualNonLinearInteractionBlock,RealAgnosticResidualInteractionBlock,3795940352,4066377728,NVIDIA GH200 120GB,0.015105780912563205,5713897.327841007,5.719664577429604
2744,433552,float64,True,1,3,64x0e+64x1o,128x0e+32x1o,3,RealAgnosticResidualNonLinearInteractionBlock,RealAgnosticResidualInteractionBlock,7518706176,8724152320,NVIDIA GH200 120GB,0.01855628192424774,4644886.119917029,4.656105159035118
2744,433552,float32,True,2,3,64x0e+64x1o,128x0e+32x1o,3,RealAgnosticResidualNonLinearInteractionBlock,RealAgnosticResidualInteractionBlock,16385509376,18903728128,NVIDIA GH200 120GB,0.10521735588554293,821356.7356115587,0.8211573012154693
2744,433552,float64,True,2,3,64x0e+64x1o,128x0e+32x1o,3,RealAgnosticResidualNonLinearInteractionBlock,RealAgnosticResidualInteractionBlock,32691196928,37262196736,NVIDIA GH200 120GB,0.1727262600325048,500076.6932805118,0.500213459052148
2744,433552,float32,True,1,3,64x0e+64x1o,128x0e+32x1o,3,RealAgnosticResidualInteractionBlock,RealAgnosticResidualNonLinearInteractionBlock,4719867392,4957667328,NVIDIA GH200 120GB,0.02370053145568818,3639392.927371018,3.6454878727735793
2744,433552,float64,True,1,3,64x0e+64x1o,128x0e+32x1o,3,RealAgnosticResidualInteractionBlock,RealAgnosticResidualNonLinearInteractionBlock,9362806272,9827254272,NVIDIA GH200 120GB,0.03667417517863214,2353244.182848828,2.3558812046668782
2744,433552,float32,True,2,3,64x0e+64x1o,128x0e+32x1o,3,RealAgnosticResidualInteractionBlock,RealAgnosticResidualNonLinearInteractionBlock,16410486784,18868076544,NVIDIA GH200 120GB,0.10400476353242993,830728.5465275813,0.8307311806257744
2744,433552,float64,True,2,3,64x0e+64x1o,128x0e+32x1o,3,RealAgnosticResidualInteractionBlock,RealAgnosticResidualNonLinearInteractionBlock,32738553856,37639684096,NVIDIA GH200 120GB,0.17127104999963194,504286.5631266951,0.5044635389354224
2744,433552,float32,True,1,3,64x0e+64x1o,128x0e+32x1o,3,RealAgnosticResidualNonLinearInteractionBlock,RealAgnosticResidualNonLinearInteractionBlock,4719861760,4959764480,NVIDIA GH200 120GB,0.023608565563336015,3651181.3895276785,3.65968867393531
2744,433552,float64,True,1,3,64x0e+64x1o,128x0e+32x1o,3,RealAgnosticResidualNonLinearInteractionBlock,RealAgnosticResidualNonLinearInteractionBlock,9362800640,9827254272,NVIDIA GH200 120GB,0.036697022966109216,2352815.923896377,2.354414418842448
2744,433552,float32,True,2,3,64x0e+64x1o,128x0e+32x1o,3,RealAgnosticResidualNonLinearInteractionBlock,RealAgnosticResidualNonLinearInteractionBlock,17349324800,19654508544,NVIDIA GH200 120GB,0.11211543111130595,770197.0974832538,0.7706343287769533
2744,433552,float64,True,2,3,64x0e+64x1o,128x0e+32x1o,3,RealAgnosticResidualNonLinearInteractionBlock,RealAgnosticResidualNonLinearInteractionBlock,34616216064,39195770880,NVIDIA GH200 120GB,0.19030170352198184,454109.9207177069,0.4540159042245247
2744,433552,float32,True,1,3,64x0e+64x1o,128x0e+16x1o,3,RealAgnosticResidualInteractionBlock,RealAgnosticResidualInteractionBlock,3801477120,5037359104,NVIDIA GH200 120GB,0.014980568084865808,5764557.49030886,5.767471534493143
2744,433552,float64,True,1,3,64x0e+64x1o,128x0e+16x1o,3,RealAgnosticResidualInteractionBlock,RealAgnosticResidualInteractionBlock,7519206912,8516534272,NVIDIA GH200 120GB,0.01866386306937784,4627804.717692293,4.629266710692823
2744,433552,float32,True,2,3,64x0e+64x1o,128x0e+16x1o,3,RealAgnosticResidualInteractionBlock,RealAgnosticResidualInteractionBlock,13354258944,15177089024,NVIDIA GH200 120GB,0.08633274689782411,1000158.0618089993,1.0007789987529934
2744,433552,float64,True,2,3,64x0e+64x1o,128x0e+16x1o,3,RealAgnosticResidualInteractionBlock,RealAgnosticResidualInteractionBlock,26632835584,38650511360,NVIDIA GH200 120GB,0.1368926544673741,630986.3114514812,0.6311514692747221
2744,433552,float32,True,1,3,64x0e+64x1o,128x0e+16x1o,3,RealAgnosticResidualNonLinearInteractionBlock,RealAgnosticResidualInteractionBlock,3795902464,4066377728,NVIDIA GH200 120GB,0.015288079041056335,4834311.332475215,5.651462146942836
2744,433552,float64,True,1,3,64x0e+64x1o,128x0e+16x1o,3,RealAgnosticResidualNonLinearInteractionBlock,RealAgnosticResidualInteractionBlock,7518710784,8724152320,NVIDIA GH200 120GB,0.018626488046720624,4624040.263850098,4.6385555765146815
2744,433552,float32,True,2,3,64x0e+64x1o,128x0e+16x1o,3,RealAgnosticResidualNonLinearInteractionBlock,RealAgnosticResidualInteractionBlock,14289191424,16018046976,NVIDIA GH200 120GB,0.09485111618414521,910454.4259827243,0.9109012468789709
2744,433552,float64,True,2,3,64x0e+64x1o,128x0e+16x1o,3,RealAgnosticResidualNonLinearInteractionBlock,RealAgnosticResidualInteractionBlock,28503515136,32323403776,NVIDIA GH200 120GB,0.1555196065455675,555030.6366567194,0.5555569610747739
2744,433552,float32,True,1,3,64x0e+64x1o,128x0e+16x1o,3,RealAgnosticResidualInteractionBlock,RealAgnosticResidualNonLinearInteractionBlock,4719872000,4959764480,NVIDIA GH200 120GB,0.02353080757893622,3666368.7454005964,3.671782182152627
2744,433552,float64,True,1,3,64x0e+64x1o,128x0e+16x1o,3,RealAgnosticResidualInteractionBlock,RealAgnosticResidualNonLinearInteractionBlock,9362810880,9827254272,NVIDIA GH200 120GB,0.03659684909507632,2359018.0457860124,2.360858984759541
2744,433552,float32,True,2,3,64x0e+64x1o,128x0e+16x1o,3,RealAgnosticResidualInteractionBlock,RealAgnosticResidualNonLinearInteractionBlock,14319722496,16122904576,NVIDIA GH200 120GB,0.0935375178232789,923822.3575978398,0.9236935297260735
2744,433552,float64,True,2,3,64x0e+64x1o,128x0e+16x1o,3,RealAgnosticResidualInteractionBlock,RealAgnosticResidualNonLinearInteractionBlock,28557420544,40584085504,NVIDIA GH200 120GB,0.15420375345274806,560271.5601380912,0.5602976455853595
2744,433552,float32,True,1,3,64x0e+64x1o,128x0e+16x1o,3,RealAgnosticResidualNonLinearInteractionBlock,RealAgnosticResidualNonLinearInteractionBlock,4719861760,4957667328,NVIDIA GH200 120GB,0.023636548430658877,3650551.5140219615,3.65535603700627
2744,433552,float64,True,1,3,64x0e+64x1o,128x0e+16x1o,3,RealAgnosticResidualNonLinearInteractionBlock,RealAgnosticResidualNonLinearInteractionBlock,9362800640,9827254272,NVIDIA GH200 120GB,0.03671356709674001,2352456.1979393,2.3533534557493847
2744,433552,float32,True,2,3,64x0e+64x1o,128x0e+16x1o,3,RealAgnosticResidualNonLinearInteractionBlock,RealAgnosticResidualNonLinearInteractionBlock,15252646400,17186160640,NVIDIA GH200 120GB,0.10248144448269159,842553.5301453265,0.8430794514668689
2744,433552,float64,True,2,3,64x0e+64x1o,128x0e+16x1o,3,RealAgnosticResidualNonLinearInteractionBlock,RealAgnosticResidualNonLinearInteractionBlock,30428979200,34256977920,NVIDIA GH200 120GB,0.17337949050124735,498556.9178976866,0.4983288378009071
2744,433552,float32,True,1,3,32x0e+32x1o,64x0e+128x1o,3,RealAgnosticResidualInteractionBlock,RealAgnosticResidualInteractionBlock,2351987200,2409627648,NVIDIA GH200 120GB,0.012639933032914996,6832725.474918636,6.835479252541151
2744,433552,float64,True,1,3,32x0e+32x1o,64x0e+128x1o,3,RealAgnosticResidualInteractionBlock,RealAgnosticResidualInteractionBlock,4631598592,4693426176,NVIDIA GH200 120GB,0.015341483056545258,5626650.321418717,5.631789291918456
2744,433552,float32,True,2,3,32x0e+32x1o,64x0e+128x1o,3,RealAgnosticResidualInteractionBlock,RealAgnosticResidualInteractionBlock,22765204480,29007806464,NVIDIA GH200 120GB,0.137661644956097,627498.2613394661,0.6276257996739372
2744,433552,float64,True,2,3,32x0e+32x1o,64x0e+128x1o,3,RealAgnosticResidualInteractionBlock,RealAgnosticResidualInteractionBlock,45440736256,57935921152,NVIDIA GH200 120GB,0.24526001850608736,352138.54337996984,0.35227918731424035
2744,433552,float32,True,1,3,32x0e+32x1o,64x0e+128x1o,3,RealAgnosticResidualNonLinearInteractionBlock,RealAgnosticResidualInteractionBlock,2355241472,2409627648,NVIDIA GH200 120GB,0.012869495199993253,6698927.470397861,6.713550038858191
2744,433552,float64,True,1,3,32x0e+32x1o,64x0e+128x1o,3,RealAgnosticResidualNonLinearInteractionBlock,RealAgnosticResidualInteractionBlock,4631593984,4693426176,NVIDIA GH200 120GB,0.015402888879179955,5610796.167051684,5.6093373572789105
2744,433552,float32,True,2,3,32x0e+32x1o,64x0e+128x1o,3,RealAgnosticResidualNonLinearInteractionBlock,RealAgnosticResidualInteractionBlock,23587649024,29901193216,NVIDIA GH200 120GB,0.14586337853688747,592440.8200571844,0.592335107459137
2744,433552,float64,True,2,3,32x0e+32x1o,64x0e+128x1o,3,RealAgnosticResidualNonLinearInteractionBlock,RealAgnosticResidualInteractionBlock,47084885504,59722694656,NVIDIA GH200 120GB,0.2629739405820146,328849.74125411926,0.3285496646883691
2744,433552,float32,True,1,3,32x0e+32x1o,64x0e+128x1o,3,RealAgnosticResidualInteractionBlock,RealAgnosticResidualNonLinearInteractionBlock,3167242752,3198156800,NVIDIA GH200 120GB,0.020804931526072323,4150013.7916494836,4.152861541107465
2744,433552,float64,True,1,3,32x0e+32x1o,64x0e+128x1o,3,RealAgnosticResidualInteractionBlock,RealAgnosticResidualNonLinearInteractionBlock,6251609600,6341787648,NVIDIA GH200 120GB,0.03247347008436918,2659465.2594668153,2.660633427087544
2744,433552,float32,True,2,3,32x0e+32x1o,64x0e+128x1o,3,RealAgnosticResidualInteractionBlock,RealAgnosticResidualNonLinearInteractionBlock,23596514816,29827792896,NVIDIA GH200 120GB,0.14411767246201634,598946.7364730715,0.5995100984077549
2744,433552,float64,True,2,3,32x0e+32x1o,64x0e+128x1o,3,RealAgnosticResidualInteractionBlock,RealAgnosticResidualNonLinearInteractionBlock,47100028416,59527659520,NVIDIA GH200 120GB,0.2603769793640822,331603.95416460524,0.3318265701177363
2744,433552,float32,True,1,3,32x0e+32x1o,64x0e+128x1o,3,RealAgnosticResidualNonLinearInteractionBlock,RealAgnosticResidualNonLinearInteractionBlock,3167237120,3198156800,NVIDIA GH200 120GB,0.021212278865277767,4069522.4240068244,4.0731125848730745
2744,433552,float64,True,1,3,32x0e+32x1o,64x0e+128x1o,3,RealAgnosticResidualNonLinearInteractionBlock,RealAgnosticResidualNonLinearInteractionBlock,6251603968,6341787648,NVIDIA GH200 120GB,0.032507806085050106,2652033.4659042866,2.6578231632719804
2744,433552,float32,True,2,3,32x0e+32x1o,64x0e+128x1o,3,RealAgnosticResidualNonLinearInteractionBlock,RealAgnosticResidualNonLinearInteractionBlock,24418149888,30721179648,NVIDIA GH200 120GB,0.1530483909882605,564672.784455307,0.5645273331009881
2744,433552,float64,True,2,3,32x0e+32x1o,64x0e+128x1o,3,RealAgnosticResidualNonLinearInteractionBlock,RealAgnosticResidualNonLinearInteractionBlock,48743594496,61314433024,NVIDIA GH200 120GB,0.27987689489964396,308713.88718370494,0.3087071550903858
2744,433552,float32,True,1,3,64x0e+64x1o,64x0e+128x1o,3,RealAgnosticResidualInteractionBlock,RealAgnosticResidualInteractionBlock,3801477120,5037359104,NVIDIA GH200 120GB,0.01497910008765757,5767428.988360857,5.768036764183957
2744,433552,float64,True,1,3,64x0e+64x1o,64x0e+128x1o,3,RealAgnosticResidualInteractionBlock,RealAgnosticResidualInteractionBlock,7519206912,8516534272,NVIDIA GH200 120GB,0.01857518986798823,4648430.735037426,4.6513656449293395
2744,433552,float32,True,2,3,64x0e+64x1o,64x0e+128x1o,3,RealAgnosticResidualInteractionBlock,RealAgnosticResidualInteractionBlock,23052953088,29282533376,NVIDIA GH200 120GB,0.13973598252050579,618332.5886087187,0.6183088882444513
2744,433552,float64,True,2,3,64x0e+64x1o,64x0e+128x1o,3,RealAgnosticResidualInteractionBlock,RealAgnosticResidualInteractionBlock,46028251648,58581843968,NVIDIA GH200 120GB,0.24935559334699064,346166.36779199436,0.34649312991255077
2744,433552,float32,True,1,3,64x0e+64x1o,64x0e+128x1o,3,RealAgnosticResidualNonLinearInteractionBlock,RealAgnosticResidualInteractionBlock,3795940352,4066377728,NVIDIA GH200 120GB,0.015100792981684208,5719474.413885004,5.72155383527175
2744,433552,float64,True,1,3,64x0e+64x1o,64x0e+128x1o,3,RealAgnosticResidualNonLinearInteractionBlock,RealAgnosticResidualInteractionBlock,7518706176,8724152320,NVIDIA GH200 120GB,0.018582662451080978,4649753.480502661,4.649495207021532
2744,433552,float32,True,2,3,64x0e+64x1o,64x0e+128x1o,3,RealAgnosticResidualNonLinearInteractionBlock,RealAgnosticResidualInteractionBlock,23992112128,30402412544,NVIDIA GH200 120GB,0.14909084036480635,579296.9155964433,0.5795124622585142
2744,433552,float64,True,2,3,64x0e+64x1o,64x0e+128x1o,3,RealAgnosticResidualNonLinearInteractionBlock,RealAgnosticResidualInteractionBlock,47907815424,60580429824,NVIDIA GH200 120GB,0.2682547925505787,321912.4166345389,0.32208185053659205
2744,433552,float32,True,1,3,64x0e+64x1o,64x0e+128x1o,3,RealAgnosticResidualInteractionBlock,RealAgnosticResidualNonLinearInteractionBlock,4719867392,4957667328,NVIDIA GH200 120GB,0.023680903017520905,3644601.7285524444,3.648509515708705
2744,433552,float64,True,1,3,64x0e+64x1o,64x0e+128x1o,3,RealAgnosticResidualInteractionBlock,RealAgnosticResidualNonLinearInteractionBlock,9362806272,9827254272,NVIDIA GH200 120GB,0.03649225598201156,2367453.5292730294,2.36762561466712
2744,433552,float32,True,2,3,64x0e+64x1o,64x0e+128x1o,3,RealAgnosticResidualInteractionBlock,RealAgnosticResidualNonLinearInteractionBlock,24017942016,30255611904,NVIDIA GH200 120GB,0.14749478898011148,585388.3565360941,0.5857834069761635
2744,433552,float64,True,2,3,64x0e+64x1o,64x0e+128x1o,3,RealAgnosticResidualInteractionBlock,RealAgnosticResidualNonLinearInteractionBlock,47951294976,60404269056,NVIDIA GH200 120GB,0.2667240669252351,323990.75916109944,0.32393027369449423
2744,433552,float32,True,1,3,64x0e+64x1o,64x0e+128x1o,3,RealAgnosticResidualNonLinearInteractionBlock,RealAgnosticResidualNonLinearInteractionBlock,4719861760,4959764480,NVIDIA GH200 120GB,0.023589098011143506,3658643.7261927025,3.662708932710551
2744,433552,float64,True,1,3,64x0e+64x1o,64x0e+128x1o,3,RealAgnosticResidualNonLinearInteractionBlock,RealAgnosticResidualNonLinearInteractionBlock,9362800640,9827254272,NVIDIA GH200 120GB,0.03652964695356786,2360925.753237218,2.365202163322887
2744,433552,float32,True,2,3,64x0e+64x1o,64x0e+128x1o,3,RealAgnosticResidualNonLinearInteractionBlock,RealAgnosticResidualNonLinearInteractionBlock,24958498304,31264342016,NVIDIA GH200 120GB,0.15647624898701906,552334.6043193181,0.5521604752115931
2744,433552,float64,True,2,3,64x0e+64x1o,64x0e+128x1o,3,RealAgnosticResidualNonLinearInteractionBlock,RealAgnosticResidualNonLinearInteractionBlock,49833439232,62402854912,NVIDIA GH200 120GB,0.28446772950701416,303598.30844045896,0.3037251365901229
2744,433552,float32,True,1,3,64x0e+64x1o,128x0e+64x1o,3,RealAgnosticResidualInteractionBlock,RealAgnosticResidualInteractionBlock,3801477120,5037359104,NVIDIA GH200 120GB,0.015000183135271072,5741241.273010673,5.759929676914484
2744,433552,float64,True,1,3,64x0e+64x1o,128x0e+64x1o,3,RealAgnosticResidualInteractionBlock,RealAgnosticResidualInteractionBlock,7519206912,8516534272,NVIDIA GH200 120GB,0.018581705982796848,4648062.073522351,4.649734533523999
2744,433552,float32,True,2,3,64x0e+64x1o,128x0e+64x1o,3,RealAgnosticResidualInteractionBlock,RealAgnosticResidualInteractionBlock,19500307968,22615687168,NVIDIA GH200 120GB,0.11615388514474034,746528.8833129249,0.7438408099077894
2744,433552,float64,True,2,3,64x0e+64x1o,128x0e+64x1o,3,RealAgnosticResidualInteractionBlock,RealAgnosticResidualInteractionBlock,38922268672,48140124160,NVIDIA GH200 120GB,0.1948873430956155,443517.8718974442,0.44333304886613645
2744,433552,float32,True,1,3,64x0e+64x1o,128x0e+64x1o,3,RealAgnosticResidualNonLinearInteractionBlock,RealAgnosticResidualInteractionBlock,3795940352,4066377728,NVIDIA GH200 120GB,0.015074501163326204,5714782.169649594,5.73153294187917
2744,433552,float64,True,1,3,64x0e+64x1o,128x0e+64x1o,3,RealAgnosticResidualNonLinearInteractionBlock,RealAgnosticResidualInteractionBlock,7518706176,8724152320,NVIDIA GH200 120GB,0.01869287039153278,4622644.4804193955,4.622083082496319
2744,433552,float32,True,2,3,64x0e+64x1o,128x0e+64x1o,3,RealAgnosticResidualNonLinearInteractionBlock,RealAgnosticResidualInteractionBlock,20439230976,24954011648,NVIDIA GH200 120GB,0.12417524307966232,696621.319484696,0.6957908666590786
2744,433552,float64,True,2,3,64x0e+64x1o,128x0e+64x1o,3,RealAgnosticResidualNonLinearInteractionBlock,RealAgnosticResidualInteractionBlock,40800347136,50029658112,NVIDIA GH200 120GB,0.21334257209673524,404944.43235070823,0.4049824615446369
2744,433552,float32,True,1,3,64x0e+64x1o,128x0e+64x1o,3,RealAgnosticResidualInteractionBlock,RealAgnosticResidualNonLinearInteractionBlock,4719867392,4957667328,NVIDIA GH200 120GB,0.023700435529462993,3640871.9390050853,3.645502627687689
2744,433552,float64,True,1,3,64x0e+64x1o,128x0e+64x1o,3,RealAgnosticResidualInteractionBlock,RealAgnosticResidualNonLinearInteractionBlock,9362806272,9827254272,NVIDIA GH200 120GB,0.03681164397858083,2345526.347817328,2.347083440507916
2744,433552,float32,True,2,3,64x0e+64x1o,128x0e+64x1o,3,RealAgnosticResidualInteractionBlock,RealAgnosticResidualNonLinearInteractionBlock,20464720384,25031606272,NVIDIA GH200 120GB,0.1228578060399741,703485.8773401744,0.7032520177992446
2744,433552,float64,True,2,3,64x0e+64x1o,128x0e+64x1o,3,RealAgnosticResidualInteractionBlock,RealAgnosticResidualNonLinearInteractionBlock,40845038592,49962549248,NVIDIA GH200 120GB,0.21224202506709844,407535.39904631296,0.4070824332395312
2744,433552,float32,True,1,3,64x0e+64x1o,128x0e+64x1o,3,RealAgnosticResidualNonLinearInteractionBlock,RealAgnosticResidualNonLinearInteractionBlock,4719861760,4959764480,NVIDIA GH200 120GB,0.023686547065153718,3644973.811972015,3.6476401462122228
2744,433552,float64,True,1,3,64x0e+64x1o,128x0e+64x1o,3,RealAgnosticResidualNonLinearInteractionBlock,RealAgnosticResidualNonLinearInteractionBlock,9362800640,9827254272,NVIDIA GH200 120GB,0.03690823295619339,2341900.8996549454,2.3409411147520585
2744,433552,float32,True,2,3,64x0e+64x1o,128x0e+64x1o,3,RealAgnosticResidualNonLinearInteractionBlock,RealAgnosticResidualNonLinearInteractionBlock,21403876864,24484249600,NVIDIA GH200 120GB,0.13167010352481157,656577.2353779894,0.6561854034216584
2744,433552,float64,True,2,3,64x0e+64x1o,128x0e+64x1o,3,RealAgnosticResidualNonLinearInteractionBlock,RealAgnosticResidualNonLinearInteractionBlock,42725656576,48855252992,NVIDIA GH200 120GB,0.2308976324275136,374079.14453631296,0.3741917969952499
2744,433552,float32,True,1,3,64x0e+64x1o,128x0e+128x1o,3,RealAgnosticResidualInteractionBlock,RealAgnosticResidualInteractionBlock,3801477120,5037359104,NVIDIA GH200 120GB,0.015039701014757156,5741531.743213278,5.744795053786187
2744,433552,float64,True,1,3,64x0e+64x1o,128x0e+128x1o,3,RealAgnosticResidualInteractionBlock,RealAgnosticResidualInteractionBlock,7519206912,8516534272,NVIDIA GH200 120GB,0.018625614000484347,4634290.4812201215,4.638773250522277
2744,433552,float32,True,2,3,64x0e+64x1o,128x0e+128x1o,3,RealAgnosticResidualInteractionBlock,RealAgnosticResidualInteractionBlock,17264574976,17834180608,NVIDIA GH200 120GB,0.05160413309931755,1674880.8488464477,1.6742844964319847
2744,433552,float64,True,2,3,64x0e+64x1o,128x0e+128x1o,3,RealAgnosticResidualInteractionBlock,RealAgnosticResidualInteractionBlock,34456683008,35586572288,NVIDIA GH200 120GB,0.0692489119246602,1248602.7600162867,1.2476730333900328
2744,433552,float32,True,1,3,64x0e+64x1o,128x0e+128x1o,3,RealAgnosticResidualNonLinearInteractionBlock,RealAgnosticResidualInteractionBlock,3795929088,4068474880,NVIDIA GH200 120GB,0.015384746016934514,5611266.484405113,5.6159523143831285
2744,433552,float64,True,1,3,64x0e+64x1o,128x0e+128x1o,3,RealAgnosticResidualNonLinearInteractionBlock,RealAgnosticResidualInteractionBlock,7518737408,8724152320,NVIDIA GH200 120GB,0.01885855186264962,4554905.192593091,4.581475853992791
2744,433552,float32,True,2,3,64x0e+64x1o,128x0e+128x1o,3,RealAgnosticResidualNonLinearInteractionBlock,RealAgnosticResidualInteractionBlock,18203556352,18731761664,NVIDIA GH200 120GB,0.059926360147073865,1442650.966803876,1.441769528266916
2744,433552,float64,True,2,3,64x0e+64x1o,128x0e+128x1o,3,RealAgnosticResidualNonLinearInteractionBlock,RealAgnosticResidualInteractionBlock,36334851584,37362860032,NVIDIA GH200 120GB,0.08932248514611274,967744.5572926988,0.9672816408843511
2744,433552,float32,True,1,3,64x0e+64x1o,128x0e+128x1o,3,RealAgnosticResidualInteractionBlock,RealAgnosticResidualNonLinearInteractionBlock,4719851520,4959764480,NVIDIA GH200 120GB,0.024248368106782436,3561025.995852019,3.5631263769801205
2744,433552,float64,True,1,3,64x0e+64x1o,128x0e+128x1o,3,RealAgnosticResidualInteractionBlock,RealAgnosticResidualNonLinearInteractionBlock,9362790400,9827254272,NVIDIA GH200 120GB,0.03687911410816014,2339477.7723172815,2.3427894646981913
2744,433552,float32,True,2,3,64x0e+64x1o,128x0e+128x1o,3,RealAgnosticResidualInteractionBlock,RealAgnosticResidualNonLinearInteractionBlock,18228559872,18473811968,NVIDIA GH200 120GB,0.058786205016076565,1468266.1360771237,1.4697325669580432
2744,433552,float64,True,2,3,64x0e+64x1o,128x0e+128x1o,3,RealAgnosticResidualInteractionBlock,RealAgnosticResidualNonLinearInteractionBlock,36381252608,36853252096,NVIDIA GH200 120GB,0.08754908537957817,988575.7370178342,0.9868749584921854
2744,433552,float32,True,1,3,64x0e+64x1o,128x0e+128x1o,3,RealAgnosticResidualNonLinearInteractionBlock,RealAgnosticResidualNonLinearInteractionBlock,4719833600,4959764480,NVIDIA GH200 120GB,0.02409221208654344,3586458.2490592566,3.5862211277916733
2744,433552,float64,True,1,3,64x0e+64x1o,128x0e+128x1o,3,RealAgnosticResidualNonLinearInteractionBlock,RealAgnosticResidualNonLinearInteractionBlock,9362772480,9827254272,NVIDIA GH200 120GB,0.03707865998148918,2329629.638480995,2.3301812968196147
2744,433552,float32,True,2,3,64x0e+64x1o,128x0e+128x1o,3,RealAgnosticResidualNonLinearInteractionBlock,RealAgnosticResidualNonLinearInteractionBlock,19169087488,19371393024,NVIDIA GH200 120GB,0.06760592316277325,1271254.9668441096,1.2779945300351372
2744,433552,float64,True,2,3,64x0e+64x1o,128x0e+128x1o,3,RealAgnosticResidualNonLinearInteractionBlock,RealAgnosticResidualNonLinearInteractionBlock,38261143552,38629539840,NVIDIA GH200 120GB,0.1076189159648493,803589.7200386028,0.8028328405409709
2744,433552,float32,True,1,3,32x0e+32x1o,258x0e+128x1o,3,RealAgnosticResidualInteractionBlock,RealAgnosticResidualInteractionBlock,2351987200,2409627648,NVIDIA GH200 120GB,0.01426520500172046,6033532.971932234,6.056695293869223
2744,433552,float64,True,1,3,32x0e+32x1o,258x0e+128x1o,3,RealAgnosticResidualInteractionBlock,RealAgnosticResidualInteractionBlock,4631598592,4693426176,NVIDIA GH200 120GB,0.015994724999472965,5405107.333553398,5.401780899818342
2744,433552,float32,True,2,3,32x0e+32x1o,258x0e+128x1o,3,RealAgnosticResidualInteractionBlock,RealAgnosticResidualInteractionBlock,36558142976,45881491456,NVIDIA GH200 120GB,0.20262915799685288,426309.7816988242,0.426394704760812
2744,433552,float64,True,2,3,32x0e+32x1o,258x0e+128x1o,3,RealAgnosticResidualInteractionBlock,RealAgnosticResidualInteractionBlock,73031791616,97941192704,NVIDIA GH200 120GB,0.3598264024985838,240185.1498098635,0.2401157875021138
2744,433552,float32,True,1,3,32x0e+32x1o,258x0e+128x1o,3,RealAgnosticResidualNonLinearInteractionBlock,RealAgnosticResidualInteractionBlock,2355241472,2409627648,NVIDIA GH200 120GB,0.01466225199692417,5864861.887678498,5.892682789664568
2744,433552,float64,True,1,3,32x0e+32x1o,258x0e+128x1o,3,RealAgnosticResidualNonLinearInteractionBlock,RealAgnosticResidualInteractionBlock,4631593984,4693426176,NVIDIA GH200 120GB,0.016835088004881982,5102934.270452765,5.132138303936695
2744,433552,float32,True,2,3,32x0e+32x1o,258x0e+128x1o,3,RealAgnosticResidualNonLinearInteractionBlock,RealAgnosticResidualInteractionBlock,37379399168,46552580096,NVIDIA GH200 120GB,0.21399117399778333,403795.9917162062,0.40375496982363857
2744,433552,float64,True,2,3,32x0e+32x1o,258x0e+128x1o,3,RealAgnosticResidualNonLinearInteractionBlock,RealAgnosticResidualInteractionBlock,74674604544,93017079808,NVIDIA GH200 120GB,0.3780813074990874,228591.39789100995,0.22852227361229316
2744,433552,float32,True,1,3,32x0e+32x1o,258x0e+128x1o,3,RealAgnosticResidualInteractionBlock,RealAgnosticResidualNonLinearInteractionBlock,3167242752,3198156800,NVIDIA GH200 120GB,0.022934728003747296,3757094.4550447892,3.7672127607479426
2744,433552,float64,True,1,3,32x0e+32x1o,258x0e+128x1o,3,RealAgnosticResidualInteractionBlock,RealAgnosticResidualNonLinearInteractionBlock,6251609600,6341787648,NVIDIA GH200 120GB,0.03460147800069535,2493471.2421525605,2.49700316264709
2744,433552,float32,True,2,3,32x0e+32x1o,258x0e+128x1o,3,RealAgnosticResidualInteractionBlock,RealAgnosticResidualNonLinearInteractionBlock,37390276608,49834622976,NVIDIA GH200 120GB,0.20967188500071643,411757.2152033657,0.4120724149530338
2744,433552,float64,True,2,3,32x0e+32x1o,258x0e+128x1o,3,RealAgnosticResidualInteractionBlock,RealAgnosticResidualNonLinearInteractionBlock,74691083776,99532931072,NVIDIA GH200 120GB,0.3753128714997729,230102.89903693902,0.23020793199748357
2744,433552,float32,True,1,3,32x0e+32x1o,258x0e+128x1o,3,RealAgnosticResidualNonLinearInteractionBlock,RealAgnosticResidualNonLinearInteractionBlock,3167237120,3198156800,NVIDIA GH200 120GB,0.023272494498087326,3692276.659067772,3.712537132927494
2744,433552,float64,True,1,3,32x0e+32x1o,258x0e+128x1o,3,RealAgnosticResidualNonLinearInteractionBlock,RealAgnosticResidualNonLinearInteractionBlock,6251603968,6343884800,NVIDIA GH200 120GB,0.034745602002658416,2482418.687731885,2.4866456477970784
2744,433552,float32,True,2,3,32x0e+32x1o,258x0e+128x1o,3,RealAgnosticResidualNonLinearInteractionBlock,RealAgnosticResidualNonLinearInteractionBlock,38212731392,47370469376,NVIDIA GH200 120GB,0.2150813134976488,401653.2463690026,0.401708538017388
2744,433552,float64,True,2,3,32x0e+32x1o,258x0e+128x1o,3,RealAgnosticResidualNonLinearInteractionBlock,RealAgnosticResidualNonLinearInteractionBlock,76332610560,94608818176,NVIDIA GH200 120GB,0.39042790250096004,221279.11900593576,0.2212956590616306
2744,433552,float32,True,1,3,64x0e+64x1o,258x0e+16x1o,3,RealAgnosticResidualInteractionBlock,RealAgnosticResidualInteractionBlock,3801477120,5037359104,NVIDIA GH200 120GB,0.01516052894294262,5697534.312077241,5.699009600863569
2744,433552,float64,True,1,3,64x0e+64x1o,258x0e+16x1o,3,RealAgnosticResidualInteractionBlock,RealAgnosticResidualInteractionBlock,7519206912,8516534272,NVIDIA GH200 120GB,0.01881728903390467,4589779.001796599,4.591522181772621
2744,433552,float32,True,2,3,64x0e+64x1o,258x0e+16x1o,3,RealAgnosticResidualInteractionBlock,RealAgnosticResidualInteractionBlock,23497018368,35114713088,NVIDIA GH200 120GB,0.12841942149680108,672604.8310624735,0.6727954307297065
2744,433552,float64,True,2,3,64x0e+64x1o,258x0e+16x1o,3,RealAgnosticResidualInteractionBlock,RealAgnosticResidualInteractionBlock,46922301440,70590136320,NVIDIA GH200 120GB,0.21017720946110785,411081.9288509705,0.4110816782729616
2744,433552,float32,True,1,3,64x0e+64x1o,258x0e+16x1o,3,RealAgnosticResidualNonLinearInteractionBlock,RealAgnosticResidualInteractionBlock,3795902464,4068474880,NVIDIA GH200 120GB,0.01583052589558065,4670607.844443929,5.4578098396667905
2744,433552,float64,True,1,3,64x0e+64x1o,258x0e+16x1o,3,RealAgnosticResidualNonLinearInteractionBlock,RealAgnosticResidualInteractionBlock,7518710784,8724152320,NVIDIA GH200 120GB,0.019219964975491166,4485294.783669059,4.495325569540589
2744,433552,float32,True,2,3,64x0e+64x1o,258x0e+16x1o,3,RealAgnosticResidualNonLinearInteractionBlock,RealAgnosticResidualInteractionBlock,24435665920,36020682752,NVIDIA GH200 120GB,0.13737937493715435,628403.0697845123,0.6289153669502762
2744,433552,float64,True,2,3,64x0e+64x1o,258x0e+16x1o,3,RealAgnosticResidualNonLinearInteractionBlock,RealAgnosticResidualInteractionBlock,48797104640,72548876288,NVIDIA GH200 120GB,0.22907006449531764,376970.7116482596,0.3771771758582016
2744,433552,float32,True,1,3,64x0e+64x1o,258x0e+16x1o,3,RealAgnosticResidualInteractionBlock,RealAgnosticResidualNonLinearInteractionBlock,4719872000,4957667328,NVIDIA GH200 120GB,0.024290702072903514,3551079.4159668437,3.5569165411805836
2744,433552,float64,True,1,3,64x0e+64x1o,258x0e+16x1o,3,RealAgnosticResidualInteractionBlock,RealAgnosticResidualNonLinearInteractionBlock,9362810880,9827254272,NVIDIA GH200 120GB,0.037265053018927574,2317982.413692691,2.318526152535351
2744,433552,float32,True,2,3,64x0e+64x1o,258x0e+16x1o,3,RealAgnosticResidualInteractionBlock,RealAgnosticResidualNonLinearInteractionBlock,24462894080,36203134976,NVIDIA GH200 120GB,0.13572917552664876,636650.4083669165,0.636561738953733
2744,433552,float64,True,2,3,64x0e+64x1o,258x0e+16x1o,3,RealAgnosticResidualInteractionBlock,RealAgnosticResidualNonLinearInteractionBlock,48846491648,72297218048,NVIDIA GH200 120GB,0.22788628994021565,379071.8358029742,0.3791364545127591
2744,433552,float32,True,1,3,64x0e+64x1o,258x0e+16x1o,3,RealAgnosticResidualNonLinearInteractionBlock,RealAgnosticResidualNonLinearInteractionBlock,4719861760,4959764480,NVIDIA GH200 120GB,0.024361580843105912,3538820.7509388253,3.546567874902517
2744,433552,float64,True,1,3,64x0e+64x1o,258x0e+16x1o,3,RealAgnosticResidualNonLinearInteractionBlock,RealAgnosticResidualNonLinearInteractionBlock,9362800640,9827254272,NVIDIA GH200 120GB,0.037235360126942396,2319997.481748931,2.3203750334479385
2744,433552,float32,True,2,3,64x0e+64x1o,258x0e+16x1o,3,RealAgnosticResidualNonLinearInteractionBlock,RealAgnosticResidualNonLinearInteractionBlock,25402372096,37192990720,NVIDIA GH200 120GB,0.1449252018937841,596161.9980219604,0.5961696024637778
2744,433552,float64,True,2,3,64x0e+64x1o,258x0e+16x1o,3,RealAgnosticResidualNonLinearInteractionBlock,RealAgnosticResidualNonLinearInteractionBlock,50722836992,74258055168,NVIDIA GH200 120GB,0.247717535472475,349188.76136577287,0.3487843516415102
2744,433552,float32,True,1,3,64x0e+64x1o,258x0e+32x1o,3,RealAgnosticResidualInteractionBlock,RealAgnosticResidualInteractionBlock,3801477120,5037359104,NVIDIA GH200 120GB,0.014848185935989022,5814354.216381951,5.818892649410037
2744,433552,float64,True,1,3,64x0e+64x1o,258x0e+32x1o,3,RealAgnosticResidualInteractionBlock,RealAgnosticResidualInteractionBlock,7519206912,8516534272,NVIDIA GH200 120GB,0.018504946026951075,4668526.586273749,4.669021994128751
2744,433552,float32,True,2,3,64x0e+64x1o,258x0e+32x1o,3,RealAgnosticResidualInteractionBlock,RealAgnosticResidualInteractionBlock,24689376768,37058772992,NVIDIA GH200 120GB,0.13889701140578836,622124.0265244433,0.6220436215692355
2744,433552,float64,True,2,3,64x0e+64x1o,258x0e+32x1o,3,RealAgnosticResidualInteractionBlock,RealAgnosticResidualInteractionBlock,49304581632,73586966528,NVIDIA GH200 120GB,0.22910630307160318,377155.83911964303,0.3771175163740353
2744,433552,float32,True,1,3,64x0e+64x1o,258x0e+32x1o,3,RealAgnosticResidualNonLinearInteractionBlock,RealAgnosticResidualInteractionBlock,3795940352,4068474880,NVIDIA GH200 120GB,0.015703617595136166,5483760.646741424,5.501916961271422
2744,433552,float64,True,1,3,64x0e+64x1o,258x0e+32x1o,3,RealAgnosticResidualNonLinearInteractionBlock,RealAgnosticResidualInteractionBlock,7518706176,8724152320,NVIDIA GH200 120GB,0.01940959203056991,4441297.569559546,4.4514073177798315
2744,433552,float32,True,2,3,64x0e+64x1o,258x0e+32x1o,3,RealAgnosticResidualNonLinearInteractionBlock,RealAgnosticResidualInteractionBlock,25626053120,37681627136,NVIDIA GH200 120GB,0.14748587156645954,585346.3098010162,0.5858188251005911
2744,433552,float64,True,2,3,64x0e+64x1o,258x0e+32x1o,3,RealAgnosticResidualNonLinearInteractionBlock,RealAgnosticResidualInteractionBlock,51176367104,75711381504,NVIDIA GH200 120GB,0.24640813108999282,350520.38514913584,0.35063777975916355
2744,433552,float32,True,1,3,64x0e+64x1o,258x0e+32x1o,3,RealAgnosticResidualInteractionBlock,RealAgnosticResidualNonLinearInteractionBlock,4719867392,4957667328,NVIDIA GH200 120GB,0.023580961860716343,3656182.8558028513,3.6639726789064637
2744,433552,float64,True,1,3,64x0e+64x1o,258x0e+32x1o,3,RealAgnosticResidualInteractionBlock,RealAgnosticResidualNonLinearInteractionBlock,9362806272,9827254272,NVIDIA GH200 120GB,0.0364541825838387,2366424.747709185,2.3700984050676226
2744,433552,float32,True,2,3,64x0e+64x1o,258x0e+32x1o,3,RealAgnosticResidualInteractionBlock,RealAgnosticResidualNonLinearInteractionBlock,25653976064,37698404352,NVIDIA GH200 120GB,0.14552854548674077,593523.7317406473,0.5936979560334572
2744,433552,float64,True,2,3,64x0e+64x1o,258x0e+32x1o,3,RealAgnosticResidualInteractionBlock,RealAgnosticResidualNonLinearInteractionBlock,51228793856,75294048256,NVIDIA GH200 120GB,0.24544039997272193,351919.0842090085,0.3520202868378736
2744,433552,float32,True,1,3,64x0e+64x1o,258x0e+32x1o,3,RealAgnosticResidualNonLinearInteractionBlock,RealAgnosticResidualNonLinearInteractionBlock,4719861760,4959764480,NVIDIA GH200 120GB,0.023552932078018785,3657920.946257542,3.66833308540105
2744,433552,float64,True,1,3,64x0e+64x1o,258x0e+32x1o,3,RealAgnosticResidualNonLinearInteractionBlock,RealAgnosticResidualNonLinearInteractionBlock,9362800640,9827254272,NVIDIA GH200 120GB,0.036439607036300004,2369138.5377653847,2.3710464252243724
2744,433552,float32,True,2,3,64x0e+64x1o,258x0e+32x1o,3,RealAgnosticResidualNonLinearInteractionBlock,RealAgnosticResidualNonLinearInteractionBlock,26592138752,38770049024,NVIDIA GH200 120GB,0.15475297160446644,558456.9422503501,0.5583091497643742
2744,433552,float64,True,2,3,64x0e+64x1o,258x0e+32x1o,3,RealAgnosticResidualNonLinearInteractionBlock,RealAgnosticResidualNonLinearInteractionBlock,53104094208,77418463232,NVIDIA GH200 120GB,0.2651150580495596,325835.2446868267,0.3258962377906453
2744,433552,float32,True,1,3,128x0e+128x1o,64x0e+16x1o,3,RealAgnosticResidualInteractionBlock,RealAgnosticResidualInteractionBlock,6688753664,9202302976,NVIDIA GH200 120GB,0.020269209999241866,4262170.256231325,4.262622963757918
2744,433552,float64,True,1,3,128x0e+128x1o,64x0e+16x1o,3,RealAgnosticResidualInteractionBlock,RealAgnosticResidualInteractionBlock,13301538816,13511950336,NVIDIA GH200 120GB,0.025856945001578424,3338387.7041902035,3.341462032530361
2744,433552,float32,True,2,3,128x0e+128x1o,64x0e+16x1o,3,RealAgnosticResidualInteractionBlock,RealAgnosticResidualInteractionBlock,9389431808,14092861440,NVIDIA GH200 120GB,0.07449132699912298,1163158.8665094024,1.1598665707890696
2744,433552,float64,True,2,3,128x0e+128x1o,64x0e+16x1o,3,RealAgnosticResidualInteractionBlock,RealAgnosticResidualInteractionBlock,18700209664,28059893760,NVIDIA GH200 120GB,0.11301785599789582,764762.9401402033,0.7644809684020958
2744,433552,float32,True,1,3,128x0e+128x1o,64x0e+16x1o,3,RealAgnosticResidualNonLinearInteractionBlock,RealAgnosticResidualInteractionBlock,6689709056,6788481024,NVIDIA GH200 120GB,0.020519601996056736,4205884.62921376,4.210607984336321
2744,433552,float64,True,1,3,128x0e+128x1o,64x0e+16x1o,3,RealAgnosticResidualNonLinearInteractionBlock,RealAgnosticResidualInteractionBlock,13301534208,13511950336,NVIDIA GH200 120GB,0.026047690997074824,3319986.647440079,3.316992665864425
2744,433552,float32,True,2,3,128x0e+128x1o,64x0e+16x1o,3,RealAgnosticResidualNonLinearInteractionBlock,RealAgnosticResidualInteractionBlock,10563674112,15481176064,NVIDIA GH200 120GB,0.08463268350169528,1020754.8383944428,1.0208821985216778
2744,433552,float64,True,2,3,128x0e+128x1o,64x0e+16x1o,3,RealAgnosticResidualNonLinearInteractionBlock,RealAgnosticResidualInteractionBlock,21048930304,30836523008,NVIDIA GH200 120GB,0.1344506134992116,642502.270303778,0.6426151413619741
2744,433552,float32,True,1,3,128x0e+128x1o,64x0e+16x1o,3,RealAgnosticResidualInteractionBlock,RealAgnosticResidualNonLinearInteractionBlock,7835318784,8074035200,NVIDIA GH200 120GB,0.03072441300173523,2807289.3955002096,2.812096035654786
2744,433552,float64,True,1,3,128x0e+128x1o,64x0e+16x1o,3,RealAgnosticResidualInteractionBlock,RealAgnosticResidualNonLinearInteractionBlock,15593200128,16080961536,NVIDIA GH200 120GB,0.04658140399988042,1852514.7874797487,1.8548174288654289
2744,433552,float32,True,2,3,128x0e+128x1o,64x0e+16x1o,3,RealAgnosticResidualInteractionBlock,RealAgnosticResidualNonLinearInteractionBlock,10616525824,15185477632,NVIDIA GH200 120GB,0.08435350750005455,1024552.945906709,1.0242609058069594
2744,433552,float64,True,2,3,128x0e+128x1o,64x0e+16x1o,3,RealAgnosticResidualInteractionBlock,RealAgnosticResidualNonLinearInteractionBlock,21151400960,30305943552,NVIDIA GH200 120GB,0.13369065249935375,645058.4763002532,0.6462680702408694
2744,433552,float32,True,1,3,128x0e+128x1o,64x0e+16x1o,3,RealAgnosticResidualNonLinearInteractionBlock,RealAgnosticResidualNonLinearInteractionBlock,7834234368,8088715264,NVIDIA GH200 120GB,0.030716606001078617,2812404.743926372,2.8128107642154885
2744,433552,float64,True,1,3,128x0e+128x1o,64x0e+16x1o,3,RealAgnosticResidualNonLinearInteractionBlock,RealAgnosticResidualNonLinearInteractionBlock,15593379328,16091447296,NVIDIA GH200 120GB,0.04667592950136168,1848922.2912580185,1.8510611555679775
2744,433552,float32,True,2,3,128x0e+128x1o,64x0e+16x1o,3,RealAgnosticResidualNonLinearInteractionBlock,RealAgnosticResidualNonLinearInteractionBlock,11791586304,16726884352,NVIDIA GH200 120GB,0.09383706000517122,920363.5142783239,0.9207449593501611
2744,433552,float64,True,2,3,128x0e+128x1o,64x0e+16x1o,3,RealAgnosticResidualNonLinearInteractionBlock,RealAgnosticResidualNonLinearInteractionBlock,23500498432,33367785472,NVIDIA GH200 120GB,0.1549021700011508,557348.8385175354,0.5577713985501824
2744,433552,float32,True,1,3,128x0e+128x1o,64x0e+32x1o,3,RealAgnosticResidualInteractionBlock,RealAgnosticResidualInteractionBlock,6688753664,9202302976,NVIDIA GH200 120GB,0.019780295999225928,4368066.121159411,4.367983168875791
2744,433552,float64,True,1,3,128x0e+128x1o,64x0e+32x1o,3,RealAgnosticResidualInteractionBlock,RealAgnosticResidualInteractionBlock,13301538816,13511950336,NVIDIA GH200 120GB,0.025391855000634678,3399975.9476623824,3.402665933538153
2744,433552,float32,True,2,3,128x0e+128x1o,64x0e+32x1o,3,RealAgnosticResidualInteractionBlock,RealAgnosticResidualInteractionBlock,11484992000,16538140672,NVIDIA GH200 120GB,0.08344550350011559,1035039.1221058083,1.0354062996321942
2744,433552,float64,True,2,3,128x0e+128x1o,64x0e+32x1o,3,RealAgnosticResidualInteractionBlock,RealAgnosticResidualInteractionBlock,22896656384,32946257920,NVIDIA GH200 120GB,0.12940051150144427,667572.2643795601,0.6676944240597973
2744,433552,float32,True,1,3,128x0e+128x1o,64x0e+32x1o,3,RealAgnosticResidualNonLinearInteractionBlock,RealAgnosticResidualInteractionBlock,6689709056,6788481024,NVIDIA GH200 120GB,0.019918820002203574,4332586.97529646,4.337606343671049
2744,433552,float64,True,1,3,128x0e+128x1o,64x0e+32x1o,3,RealAgnosticResidualNonLinearInteractionBlock,RealAgnosticResidualInteractionBlock,13301534208,13511950336,NVIDIA GH200 120GB,0.02545740400091745,3389835.882903101,3.3939045786792033
2744,433552,float32,True,2,3,128x0e+128x1o,64x0e+32x1o,3,RealAgnosticResidualNonLinearInteractionBlock,RealAgnosticResidualInteractionBlock,12660856320,17647534080,NVIDIA GH200 120GB,0.09343992000503931,924348.074038667,0.9246583258562332
2744,433552,float64,True,2,3,128x0e+128x1o,64x0e+32x1o,3,RealAgnosticResidualNonLinearInteractionBlock,RealAgnosticResidualInteractionBlock,25246830592,35169239040,NVIDIA GH200 120GB,0.14987022650166182,575859.1472479053,0.5764987617406582
2744,433552,float32,True,1,3,128x0e+128x1o,64x0e+32x1o,3,RealAgnosticResidualInteractionBlock,RealAgnosticResidualNonLinearInteractionBlock,7835318784,8074035200,NVIDIA GH200 120GB,0.029602719001559308,2914029.054237402,2.9186508170228866
2744,433552,float64,True,1,3,128x0e+128x1o,64x0e+32x1o,3,RealAgnosticResidualInteractionBlock,RealAgnosticResidualNonLinearInteractionBlock,15593200128,16080961536,NVIDIA GH200 120GB,0.04585958600000595,1881051.1245216127,1.88401177455001
2744,433552,float32,True,2,3,128x0e+128x1o,64x0e+32x1o,3,RealAgnosticResidualInteractionBlock,RealAgnosticResidualNonLinearInteractionBlock,12712034816,14218690560,NVIDIA GH200 120GB,0.09259501799533609,932923.8949314657,0.9330955581687114
2744,433552,float64,True,2,3,128x0e+128x1o,64x0e+32x1o,3,RealAgnosticResidualInteractionBlock,RealAgnosticResidualNonLinearInteractionBlock,25348339200,28366077952,NVIDIA GH200 120GB,0.14995235199967283,575307.0354820963,0.5761830264602219
2744,433552,float32,True,1,3,128x0e+128x1o,64x0e+32x1o,3,RealAgnosticResidualNonLinearInteractionBlock,RealAgnosticResidualNonLinearInteractionBlock,7834234368,8088715264,NVIDIA GH200 120GB,0.029614910497912206,2915687.9316641237,2.9174493033193882
2744,433552,float64,True,1,3,128x0e+128x1o,64x0e+32x1o,3,RealAgnosticResidualNonLinearInteractionBlock,RealAgnosticResidualNonLinearInteractionBlock,15593379328,16091447296,NVIDIA GH200 120GB,0.04592697600310203,1877926.8787408134,1.8812473086441468
2744,433552,float32,True,2,3,128x0e+128x1o,64x0e+32x1o,3,RealAgnosticResidualNonLinearInteractionBlock,RealAgnosticResidualNonLinearInteractionBlock,13887669760,18895339520,NVIDIA GH200 120GB,0.10253247700165957,841893.3579361587,0.8426598335140343
2744,433552,float64,True,2,3,128x0e+128x1o,64x0e+32x1o,3,RealAgnosticResidualNonLinearInteractionBlock,RealAgnosticResidualNonLinearInteractionBlock,27697404928,37702598656,NVIDIA GH200 120GB,0.16967695450148312,508444.65741446236,0.5092029159401538
2744,433552,float32,True,1,3,128x0e+128x1o,64x0e+64x1o,3,RealAgnosticResidualInteractionBlock,RealAgnosticResidualInteractionBlock,6688753664,9202302976,NVIDIA GH200 120GB,0.01997267499609734,4324841.4437710885,4.325910275758383
2744,433552,float64,True,1,3,128x0e+128x1o,64x0e+64x1o,3,RealAgnosticResidualInteractionBlock,RealAgnosticResidualInteractionBlock,13301538816,13511950336,NVIDIA GH200 120GB,0.025527930003590882,3379637.689556938,3.384528239769012
2744,433552,float32,True,2,3,128x0e+128x1o,64x0e+64x1o,3,RealAgnosticResidualInteractionBlock,RealAgnosticResidualInteractionBlock,10315133440,10586423296,NVIDIA GH200 120GB,0.043723155999032315,1975341.5938077997,1.9760696140487255
2744,433552,float64,True,2,3,128x0e+128x1o,64x0e+64x1o,3,RealAgnosticResidualInteractionBlock,RealAgnosticResidualInteractionBlock,20552766464,21061697536,NVIDIA GH200 120GB,0.0563750750006875,1531802.605174939,1.532592196089253
2744,433552,float32,True,1,3,128x0e+128x1o,64x0e+64x1o,3,RealAgnosticResidualNonLinearInteractionBlock,RealAgnosticResidualInteractionBlock,6689697792,6788481024,NVIDIA GH200 120GB,0.020293656998546794,4249486.207050905,4.257487943458737
2744,433552,float64,True,1,3,128x0e+128x1o,64x0e+64x1o,3,RealAgnosticResidualNonLinearInteractionBlock,RealAgnosticResidualInteractionBlock,13301565440,13511950336,NVIDIA GH200 120GB,0.02562379900336964,3368749.5895057935,3.3718653502018974
2744,433552,float32,True,2,3,128x0e+128x1o,64x0e+64x1o,3,RealAgnosticResidualNonLinearInteractionBlock,RealAgnosticResidualInteractionBlock,11488498176,11700011008,NVIDIA GH200 120GB,0.053444333003426436,1615733.5868848197,1.6166353875996675
2744,433552,float64,True,2,3,128x0e+128x1o,64x0e+64x1o,3,RealAgnosticResidualNonLinearInteractionBlock,RealAgnosticResidualInteractionBlock,22898119168,23330816000,NVIDIA GH200 120GB,0.0778649999992922,1108348.5429449563,1.1096127913797649
2744,433552,float32,True,1,3,128x0e+128x1o,64x0e+64x1o,3,RealAgnosticResidualInteractionBlock,RealAgnosticResidualNonLinearInteractionBlock,7835302912,8074035200,NVIDIA GH200 120GB,0.03009940699848812,2869880.652977573,2.870488445315213
2744,433552,float64,True,1,3,128x0e+128x1o,64x0e+64x1o,3,RealAgnosticResidualInteractionBlock,RealAgnosticResidualNonLinearInteractionBlock,15593184256,16080961536,NVIDIA GH200 120GB,0.046029021501453826,1876126.5883195116,1.8770766177871294
2744,433552,float32,True,2,3,128x0e+128x1o,64x0e+64x1o,3,RealAgnosticResidualInteractionBlock,RealAgnosticResidualNonLinearInteractionBlock,11542227456,11819548672,NVIDIA GH200 120GB,0.05258474300353555,1642372.0215724884,1.6430621329496824
2744,433552,float64,True,2,3,128x0e+128x1o,64x0e+64x1o,3,RealAgnosticResidualInteractionBlock,RealAgnosticResidualNonLinearInteractionBlock,23004191744,23586668544,NVIDIA GH200 120GB,0.07777991500188364,1112619.8894008358,1.1108266189016485
2744,433552,float32,True,1,3,128x0e+128x1o,64x0e+64x1o,3,RealAgnosticResidualNonLinearInteractionBlock,RealAgnosticResidualNonLinearInteractionBlock,7833286656,8088715264,NVIDIA GH200 120GB,0.03011457499815151,2866697.573503896,2.8690426481297977
2744,433552,float64,True,1,3,128x0e+128x1o,64x0e+64x1o,3,RealAgnosticResidualNonLinearInteractionBlock,RealAgnosticResidualNonLinearInteractionBlock,15593351168,16091447296,NVIDIA GH200 120GB,0.04625463000047603,1867196.147497209,1.867921114040061
2744,433552,float32,True,2,3,128x0e+128x1o,64x0e+64x1o,3,RealAgnosticResidualNonLinearInteractionBlock,RealAgnosticResidualNonLinearInteractionBlock,12714340864,12945719296,NVIDIA GH200 120GB,0.0629179009993095,1372285.9656337986,1.3732180925893922
2744,433552,float64,True,2,3,128x0e+128x1o,64x0e+64x1o,3,RealAgnosticResidualNonLinearInteractionBlock,RealAgnosticResidualNonLinearInteractionBlock,25349360640,25818038272,NVIDIA GH200 120GB,0.09838549800042529,877632.9256661051,0.8781782046742959
2744,433552,float32,True,1,3,128x0e+128x1o,258x0e+16x1o,3,RealAgnosticResidualInteractionBlock,RealAgnosticResidualInteractionBlock,6688753664,9202302976,NVIDIA GH200 120GB,0.01983629446476698,4348525.35694026,4.355652218889107
2744,433552,float64,True,1,3,128x0e+128x1o,258x0e+16x1o,3,RealAgnosticResidualInteractionBlock,RealAgnosticResidualInteractionBlock,13301538816,13511950336,NVIDIA GH200 120GB,0.025570094119757414,3376999.8674024073,3.3789472809660386
2744,433552,float32,True,2,3,128x0e+128x1o,258x0e+16x1o,3,RealAgnosticResidualInteractionBlock,RealAgnosticResidualInteractionBlock,24097374720,36133928960,NVIDIA GH200 120GB,0.13391049846541137,645362.5563325537,0.6452070673332371
2744,433552,float64,True,2,3,128x0e+128x1o,258x0e+16x1o,3,RealAgnosticResidualInteractionBlock,RealAgnosticResidualInteractionBlock,48118444032,72133640192,NVIDIA GH200 120GB,0.2197592139709741,392761.47989603126,0.3931575765984118
2744,433552,float32,True,1,3,128x0e+128x1o,258x0e+16x1o,3,RealAgnosticResidualNonLinearInteractionBlock,RealAgnosticResidualInteractionBlock,6689709056,6788481024,NVIDIA GH200 120GB,0.019991410081274807,4316261.711031958,4.321856219683452
2744,433552,float64,True,1,3,128x0e+128x1o,258x0e+16x1o,3,RealAgnosticResidualNonLinearInteractionBlock,RealAgnosticResidualInteractionBlock,13301534208,13511950336,NVIDIA GH200 120GB,0.025715945987030864,3360550.726167122,3.359783071700862
2744,433552,float32,True,2,3,128x0e+128x1o,258x0e+16x1o,3,RealAgnosticResidualNonLinearInteractionBlock,RealAgnosticResidualInteractionBlock,25271094272,36891000832,NVIDIA GH200 120GB,0.1440647745039314,599334.4562233026,0.5997302275834419
2744,433552,float64,True,2,3,128x0e+128x1o,258x0e+16x1o,3,RealAgnosticResidualNonLinearInteractionBlock,RealAgnosticResidualInteractionBlock,50467424768,73643589632,NVIDIA GH200 120GB,0.2414165270747617,357701.85592504026,0.35788767673409416
2744,433552,float32,True,1,3,128x0e+128x1o,258x0e+16x1o,3,RealAgnosticResidualInteractionBlock,RealAgnosticResidualNonLinearInteractionBlock,7835318784,8074035200,NVIDIA GH200 120GB,0.030285537941381335,2849857.880563421,2.8528467999224607
2744,433552,float64,True,1,3,128x0e+128x1o,258x0e+16x1o,3,RealAgnosticResidualInteractionBlock,RealAgnosticResidualNonLinearInteractionBlock,15593200128,16080961536,NVIDIA GH200 120GB,0.04641440790146589,1857884.4542839867,1.861490944437347
2744,433552,float32,True,2,3,128x0e+128x1o,258x0e+16x1o,3,RealAgnosticResidualInteractionBlock,RealAgnosticResidualNonLinearInteractionBlock,25323446272,37367054336,NVIDIA GH200 120GB,0.14368969958741218,601200.9528346531,0.6012957104655886
2744,433552,float64,True,2,3,128x0e+128x1o,258x0e+16x1o,3,RealAgnosticResidualInteractionBlock,RealAgnosticResidualNonLinearInteractionBlock,50569609728,74658611200,NVIDIA GH200 120GB,0.2400036280741915,360017.1905902632,0.3599945579709798
2744,433552,float32,True,1,3,128x0e+128x1o,258x0e+16x1o,3,RealAgnosticResidualNonLinearInteractionBlock,RealAgnosticResidualNonLinearInteractionBlock,7834234368,8088715264,NVIDIA GH200 120GB,0.030517499893903732,2828213.8145039524,2.8311624576186047
2744,433552,float64,True,1,3,128x0e+128x1o,258x0e+16x1o,3,RealAgnosticResidualNonLinearInteractionBlock,RealAgnosticResidualNonLinearInteractionBlock,15593379328,16091447296,NVIDIA GH200 120GB,0.04667737544514239,1847284.3276777165,1.8510038145041308
2744,433552,float32,True,2,3,128x0e+128x1o,258x0e+16x1o,3,RealAgnosticResidualNonLinearInteractionBlock,RealAgnosticResidualNonLinearInteractionBlock,26497284608,38136709120,NVIDIA GH200 120GB,0.1532743925927207,563497.7469351686,0.5636949430266626
2744,433552,float64,True,2,3,128x0e+128x1o,258x0e+16x1o,3,RealAgnosticResidualNonLinearInteractionBlock,RealAgnosticResidualNonLinearInteractionBlock,52917640704,76183240704,NVIDIA GH200 120GB,0.2614712184295058,330635.0412758715,0.33043789874446144
2744,433552,float32,True,1,3,128x0e+128x1o,258x0e+32x1o,3,RealAgnosticResidualInteractionBlock,RealAgnosticResidualInteractionBlock,6688753664,9202302976,NVIDIA GH200 120GB,0.020101316506043077,4295590.698571879,4.29822593828745
2744,433552,float64,True,1,3,128x0e+128x1o,258x0e+32x1o,3,RealAgnosticResidualInteractionBlock,RealAgnosticResidualInteractionBlock,13301538816,13511950336,NVIDIA GH200 120GB,0.02561146393418312,3369667.34757097,3.373489317987935
2744,433552,float32,True,2,3,128x0e+128x1o,258x0e+32x1o,3,RealAgnosticResidualInteractionBlock,RealAgnosticResidualInteractionBlock,25285075456,37461426176,NVIDIA GH200 120GB,0.14306873048190027,603901.3400869331,0.6039055474175088
2744,433552,float64,True,2,3,128x0e+128x1o,258x0e+32x1o,3,RealAgnosticResidualInteractionBlock,RealAgnosticResidualInteractionBlock,50491923456,74799120384,NVIDIA GH200 120GB,0.236127223004587,366266.16412039817,0.3659044429549811
2744,433552,float32,True,1,3,128x0e+128x1o,258x0e+32x1o,3,RealAgnosticResidualNonLinearInteractionBlock,RealAgnosticResidualInteractionBlock,6689709056,6788481024,NVIDIA GH200 120GB,0.02021814603358507,4268502.573991786,4.273388858527282
2744,433552,float64,True,1,3,128x0e+128x1o,258x0e+32x1o,3,RealAgnosticResidualNonLinearInteractionBlock,RealAgnosticResidualInteractionBlock,13301534208,13511950336,NVIDIA GH200 120GB,0.02591628790833056,3332283.6866830573,3.3338107797539744
2744,433552,float32,True,2,3,128x0e+128x1o,258x0e+32x1o,3,RealAgnosticResidualNonLinearInteractionBlock,RealAgnosticResidualInteractionBlock,26463741952,30196891648,NVIDIA GH200 120GB,0.15488100494258106,558482.8283164476,0.5578476200618082
2744,433552,float64,True,2,3,128x0e+128x1o,258x0e+32x1o,3,RealAgnosticResidualNonLinearInteractionBlock,RealAgnosticResidualInteractionBlock,52845892608,60272148480,NVIDIA GH200 120GB,0.2573272610316053,335560.63739910023,0.3357592182562742
2744,433552,float32,True,1,3,128x0e+128x1o,258x0e+32x1o,3,RealAgnosticResidualInteractionBlock,RealAgnosticResidualNonLinearInteractionBlock,7835318784,8074035200,NVIDIA GH200 120GB,0.03054239507764578,2823690.744437877,2.828854769914127
2744,433552,float64,True,1,3,128x0e+128x1o,258x0e+32x1o,3,RealAgnosticResidualInteractionBlock,RealAgnosticResidualNonLinearInteractionBlock,15593200128,16080961536,NVIDIA GH200 120GB,0.046568020014092326,1852822.412988262,1.8553505168107598
2744,433552,float32,True,2,3,128x0e+128x1o,258x0e+32x1o,3,RealAgnosticResidualInteractionBlock,RealAgnosticResidualNonLinearInteractionBlock,26511372288,38694551552,NVIDIA GH200 120GB,0.15334287250880152,563187.210286036,0.5634432079328685
2744,433552,float64,True,2,3,128x0e+128x1o,258x0e+32x1o,3,RealAgnosticResidualInteractionBlock,RealAgnosticResidualNonLinearInteractionBlock,52943314432,77321994240,NVIDIA GH200 120GB,0.2577080335468054,335470.7866354453,0.33526312242147427
2744,433552,float32,True,1,3,128x0e+128x1o,258x0e+32x1o,3,RealAgnosticResidualNonLinearInteractionBlock,RealAgnosticResidualNonLinearInteractionBlock,7833314816,8088715264,NVIDIA GH200 120GB,0.03051990014500916,2829032.098195502,2.8309397995893764
2744,433552,float64,True,1,3,128x0e+128x1o,258x0e+32x1o,3,RealAgnosticResidualNonLinearInteractionBlock,RealAgnosticResidualNonLinearInteractionBlock,15593379328,16091447296,NVIDIA GH200 120GB,0.046579700079746544,1853515.663903994,1.8548852794689386
2744,433552,float32,True,2,3,128x0e+128x1o,258x0e+32x1o,3,RealAgnosticResidualNonLinearInteractionBlock,RealAgnosticResidualNonLinearInteractionBlock,27690658816,31442599936,NVIDIA GH200 120GB,0.1638885885477066,527099.7090609763,0.5271874067964756
2744,433552,float64,True,2,3,128x0e+128x1o,258x0e+32x1o,3,RealAgnosticResidualNonLinearInteractionBlock,RealAgnosticResidualNonLinearInteractionBlock,55296070144,62811799552,NVIDIA GH200 120GB,0.2779171875445172,310900.66104429733,0.3108839750551963
2744,433552,float32,True,1,3,64x0e+64x1o,258x0e+64x1o,3,RealAgnosticResidualInteractionBlock,RealAgnosticResidualInteractionBlock,3801477120,5037359104,NVIDIA GH200 120GB,0.01507093955297023,5737265.574948587,5.732887435207847
2744,433552,float64,True,1,3,64x0e+64x1o,258x0e+64x1o,3,RealAgnosticResidualInteractionBlock,RealAgnosticResidualInteractionBlock,7519206912,8516534272,NVIDIA GH200 120GB,0.018658904009498656,4627129.086816467,4.6304970514890105
2744,433552,float32,True,2,3,64x0e+64x1o,258x0e+64x1o,3,RealAgnosticResidualInteractionBlock,RealAgnosticResidualInteractionBlock,28741642240,33365688320,NVIDIA GH200 120GB,0.15841102588456124,545418.0258488305,0.5454165801751844
2744,433552,float64,True,2,3,64x0e+64x1o,258x0e+64x1o,3,RealAgnosticResidualInteractionBlock,RealAgnosticResidualInteractionBlock,57410718208,67092086784,NVIDIA GH200 120GB,0.27017799101304263,319673.41649356304,0.319789186661874
2744,433552,float32,True,1,3,64x0e+64x1o,258x0e+64x1o,3,RealAgnosticResidualNonLinearInteractionBlock,RealAgnosticResidualInteractionBlock,3795940352,4068474880,NVIDIA GH200 120GB,0.015207192045636475,5671252.114316207,5.681522252149861
2744,433552,float64,True,1,3,64x0e+64x1o,258x0e+64x1o,3,RealAgnosticResidualNonLinearInteractionBlock,RealAgnosticResidualInteractionBlock,7518706176,8724152320,NVIDIA GH200 120GB,0.018806803971529007,4590548.230522935,4.594082021102474
2744,433552,float32,True,2,3,64x0e+64x1o,258x0e+64x1o,3,RealAgnosticResidualNonLinearInteractionBlock,RealAgnosticResidualInteractionBlock,29679356928,34603008000,NVIDIA GH200 120GB,0.16734760894905776,516141.86018438364,0.5162906153400794
2744,433552,float64,True,2,3,64x0e+64x1o,258x0e+64x1o,3,RealAgnosticResidualNonLinearInteractionBlock,RealAgnosticResidualInteractionBlock,59286457344,74918658048,NVIDIA GH200 120GB,0.28794551210012287,299689.3319464255,0.3000567689693926
2744,433552,float32,True,1,3,64x0e+64x1o,258x0e+64x1o,3,RealAgnosticResidualInteractionBlock,RealAgnosticResidualNonLinearInteractionBlock,4719867392,4957667328,NVIDIA GH200 120GB,0.02383604005444795,3623579.1504335995,3.6247631654687225
2744,433552,float64,True,1,3,64x0e+64x1o,258x0e+64x1o,3,RealAgnosticResidualInteractionBlock,RealAgnosticResidualNonLinearInteractionBlock,9362806272,9827254272,NVIDIA GH200 120GB,0.036811646074056625,2345451.0026252614,2.3470833069019226
2744,433552,float32,True,2,3,64x0e+64x1o,258x0e+64x1o,3,RealAgnosticResidualInteractionBlock,RealAgnosticResidualNonLinearInteractionBlock,29706855936,34454110208,NVIDIA GH200 120GB,0.16598655842244625,520607.6162548539,0.5205240762936151
2744,433552,float64,True,2,3,64x0e+64x1o,258x0e+64x1o,3,RealAgnosticResidualInteractionBlock,RealAgnosticResidualNonLinearInteractionBlock,59336396288,75063361536,NVIDIA GH200 120GB,0.2876644959906116,300593.7868474493,0.3003498909466388
2744,433552,float32,True,1,3,64x0e+64x1o,258x0e+64x1o,3,RealAgnosticResidualNonLinearInteractionBlock,RealAgnosticResidualNonLinearInteractionBlock,4719861760,4959764480,NVIDIA GH200 120GB,0.023870166623964906,3612896.276251405,3.6195809338531006
2744,433552,float64,True,1,3,64x0e+64x1o,258x0e+64x1o,3,RealAgnosticResidualNonLinearInteractionBlock,RealAgnosticResidualNonLinearInteractionBlock,9362800640,9827254272,NVIDIA GH200 120GB,0.0368859157897532,2340181.424307082,2.3423574594832663
2744,433552,float32,True,2,3,64x0e+64x1o,258x0e+64x1o,3,RealAgnosticResidualNonLinearInteractionBlock,RealAgnosticResidualNonLinearInteractionBlock,30645502464,35244736512,NVIDIA GH200 120GB,0.1748901824466884,494266.3134980555,0.4940243002281573
2744,433552,float64,True,2,3,64x0e+64x1o,258x0e+64x1o,3,RealAgnosticResidualNonLinearInteractionBlock,RealAgnosticResidualNonLinearInteractionBlock,61212259328,71473037312,NVIDIA GH200 120GB,0.3063636386068538,282040.16456931934,0.2820178020893473
2744,433552,float32,True,1,3,128x0e+128x1o,128x0e+16x1o,3,RealAgnosticResidualInteractionBlock,RealAgnosticResidualInteractionBlock,6688753664,9202302976,NVIDIA GH200 120GB,0.019914841497666202,4335994.743174644,4.338472892697896
2744,433552,float64,True,1,3,128x0e+128x1o,128x0e+16x1o,3,RealAgnosticResidualInteractionBlock,RealAgnosticResidualInteractionBlock,13301538816,13511950336,NVIDIA GH200 120GB,0.025464680998993572,3388606.2656854563,3.3929347084070973
2744,433552,float32,True,2,3,128x0e+128x1o,128x0e+16x1o,3,RealAgnosticResidualInteractionBlock,RealAgnosticResidualInteractionBlock,13952654336,15921577984,NVIDIA GH200 120GB,0.09168759700696683,939757.8763782195,0.94233029134175
2744,433552,float64,True,2,3,128x0e+128x1o,128x0e+16x1o,3,RealAgnosticResidualInteractionBlock,RealAgnosticResidualInteractionBlock,27826520576,31721521152,NVIDIA GH200 120GB,0.14487258100052713,596363.0627766683,0.5963861443159187
2744,433552,float32,True,1,3,128x0e+128x1o,128x0e+16x1o,3,RealAgnosticResidualNonLinearInteractionBlock,RealAgnosticResidualInteractionBlock,6689709056,6788481024,NVIDIA GH200 120GB,0.02022356999805197,4270258.4116984,4.272242735002893
2744,433552,float64,True,1,3,128x0e+128x1o,128x0e+16x1o,3,RealAgnosticResidualNonLinearInteractionBlock,RealAgnosticResidualInteractionBlock,13301534208,13511950336,NVIDIA GH200 120GB,0.02569830699940212,3360479.1588058122,3.362089183618599
2744,433552,float32,True,2,3,128x0e+128x1o,128x0e+16x1o,3,RealAgnosticResidualNonLinearInteractionBlock,RealAgnosticResidualInteractionBlock,15124861440,18587058176,NVIDIA GH200 120GB,0.1022925844990823,844061.7711999088,0.8446360058560758
2744,433552,float64,True,2,3,128x0e+128x1o,128x0e+16x1o,3,RealAgnosticResidualNonLinearInteractionBlock,RealAgnosticResidualInteractionBlock,30170065408,33946599424,NVIDIA GH200 120GB,0.16567499850134482,520970.4406710863,0.5215029472253092
2744,433552,float32,True,1,3,128x0e+128x1o,128x0e+16x1o,3,RealAgnosticResidualInteractionBlock,RealAgnosticResidualNonLinearInteractionBlock,7835318784,8074035200,NVIDIA GH200 120GB,0.030201453999325167,2858226.6299871304,2.8607894176860014
2744,433552,float64,True,1,3,128x0e+128x1o,128x0e+16x1o,3,RealAgnosticResidualInteractionBlock,RealAgnosticResidualNonLinearInteractionBlock,15593200128,16080961536,NVIDIA GH200 120GB,0.04619790099968668,1868870.809429499,1.8702148394271414
2744,433552,float32,True,2,3,128x0e+128x1o,128x0e+16x1o,3,RealAgnosticResidualInteractionBlock,RealAgnosticResidualNonLinearInteractionBlock,15178825216,17154703360,NVIDIA GH200 120GB,0.10103210599845625,855147.7304704412,0.8551737009354252
2744,433552,float64,True,2,3,128x0e+128x1o,128x0e+16x1o,3,RealAgnosticResidualInteractionBlock,RealAgnosticResidualNonLinearInteractionBlock,30276952576,34246492160,NVIDIA GH200 120GB,0.16524646550169564,521786.63042529725,0.5228553587375424
2744,433552,float32,True,1,3,128x0e+128x1o,128x0e+16x1o,3,RealAgnosticResidualNonLinearInteractionBlock,RealAgnosticResidualNonLinearInteractionBlock,7833314816,8088715264,NVIDIA GH200 120GB,0.030291210998257156,2847997.1652664724,2.8523125075775657
2744,433552,float64,True,1,3,128x0e+128x1o,128x0e+16x1o,3,RealAgnosticResidualNonLinearInteractionBlock,RealAgnosticResidualNonLinearInteractionBlock,15593379328,16091447296,NVIDIA GH200 120GB,0.04631900200183736,1863810.8289433853,1.8653251638835553
2744,433552,float32,True,2,3,128x0e+128x1o,128x0e+16x1o,3,RealAgnosticResidualNonLinearInteractionBlock,RealAgnosticResidualNonLinearInteractionBlock,16353857024,19834863616,NVIDIA GH200 120GB,0.111430699005723,775183.5899511479,0.7753698107517262
2744,433552,float64,True,2,3,128x0e+128x1o,128x0e+16x1o,3,RealAgnosticResidualNonLinearInteractionBlock,RealAgnosticResidualNonLinearInteractionBlock,32622238208,39585841152,NVIDIA GH200 120GB,0.18574314850047813,464067.8170642029,0.46515847662492704
2744,433552,float32,True,1,3,128x0e+128x1o,128x0e+32x1o,3,RealAgnosticResidualInteractionBlock,RealAgnosticResidualInteractionBlock,6688753664,9202302976,NVIDIA GH200 120GB,0.01984649149744655,4354126.656483911,4.353414305552003
2744,433552,float64,True,1,3,128x0e+128x1o,128x0e+32x1o,3,RealAgnosticResidualInteractionBlock,RealAgnosticResidualInteractionBlock,13301538816,13511950336,NVIDIA GH200 120GB,0.025384859003679594,3399306.5790154664,3.40360369886144
2744,433552,float32,True,2,3,128x0e+128x1o,128x0e+32x1o,3,RealAgnosticResidualInteractionBlock,RealAgnosticResidualInteractionBlock,16041679360,18803064832,NVIDIA GH200 120GB,0.10152476450093673,852245.8213611364,0.8510238898333305
2744,433552,float64,True,2,3,128x0e+128x1o,128x0e+32x1o,3,RealAgnosticResidualInteractionBlock,RealAgnosticResidualInteractionBlock,32000368640,37497077760,NVIDIA GH200 120GB,0.16128816900163656,535786.6225612448,0.5356871525965635
2744,433552,float32,True,1,3,128x0e+128x1o,128x0e+32x1o,3,RealAgnosticResidualNonLinearInteractionBlock,RealAgnosticResidualInteractionBlock,6689709056,6788481024,NVIDIA GH200 120GB,0.019970711997302715,4318458.834470929,4.326335486269562
2744,433552,float64,True,1,3,128x0e+128x1o,128x0e+32x1o,3,RealAgnosticResidualNonLinearInteractionBlock,RealAgnosticResidualInteractionBlock,13301534208,13511950336,NVIDIA GH200 120GB,0.02541953000036301,3398355.025708286,3.3989613497482503
2744,433552,float32,True,2,3,128x0e+128x1o,128x0e+32x1o,3,RealAgnosticResidualNonLinearInteractionBlock,RealAgnosticResidualInteractionBlock,17218832384,21026045952,NVIDIA GH200 120GB,0.11164032499800669,773412.1164752801,0.773913906122565
2744,433552,float64,True,2,3,128x0e+128x1o,128x0e+32x1o,3,RealAgnosticResidualNonLinearInteractionBlock,RealAgnosticResidualInteractionBlock,34353523712,41938845696,NVIDIA GH200 120GB,0.18233683699872927,473397.5033230914,0.4738482986880053
2744,433552,float32,True,1,3,128x0e+128x1o,128x0e+32x1o,3,RealAgnosticResidualInteractionBlock,RealAgnosticResidualNonLinearInteractionBlock,7835318784,8074035200,NVIDIA GH200 120GB,0.02974405749773723,2900797.6412523394,2.9047819049762413
2744,433552,float64,True,1,3,128x0e+128x1o,128x0e+32x1o,3,RealAgnosticResidualInteractionBlock,RealAgnosticResidualNonLinearInteractionBlock,15593200128,16080961536,NVIDIA GH200 120GB,0.04587136549889692,1882632.5954539354,1.883527971324021
2744,433552,float32,True,2,3,128x0e+128x1o,128x0e+32x1o,3,RealAgnosticResidualInteractionBlock,RealAgnosticResidualNonLinearInteractionBlock,17268334080,20038287360,NVIDIA GH200 120GB,0.11051648249849677,781863.1629166439,0.7817838393578551
2744,433552,float64,True,2,3,128x0e+128x1o,128x0e+32x1o,3,RealAgnosticResidualInteractionBlock,RealAgnosticResidualNonLinearInteractionBlock,34452462080,40019951616,NVIDIA GH200 120GB,0.18175906000033137,474233.14384250995,0.47535457104500034
2744,433552,float32,True,1,3,128x0e+128x1o,128x0e+32x1o,3,RealAgnosticResidualNonLinearInteractionBlock,RealAgnosticResidualNonLinearInteractionBlock,7833314816,8088715264,NVIDIA GH200 120GB,0.029810103500494733,2894918.3087230828,2.898346193214864
2744,433552,float64,True,1,3,128x0e+128x1o,128x0e+32x1o,3,RealAgnosticResidualNonLinearInteractionBlock,RealAgnosticResidualNonLinearInteractionBlock,15593379328,16091447296,NVIDIA GH200 120GB,0.04593936400124221,1879122.0292555492,1.8807400119353792
2744,433552,float32,True,2,3,128x0e+128x1o,128x0e+32x1o,3,RealAgnosticResidualNonLinearInteractionBlock,RealAgnosticResidualNonLinearInteractionBlock,18445577216,22271754240,NVIDIA GH200 120GB,0.12075276000541635,715320.7945911903,0.7155115957277046
2744,433552,float64,True,2,3,128x0e+128x1o,128x0e+32x1o,3,RealAgnosticResidualNonLinearInteractionBlock,RealAgnosticResidualNonLinearInteractionBlock,36806531584,44470108160,NVIDIA GH200 120GB,0.20322877249782323,425120.7460389204,0.4251366523454519
2744,433552,float32,True,1,3,128x0e+128x1o,258x0e+128x1o,3,RealAgnosticResidualInteractionBlock,RealAgnosticResidualInteractionBlock,6688753664,9202302976,NVIDIA GH200 120GB,0.021648544818162918,3982300.3240978876,3.991030377594306
2744,433552,float64,True,1,3,128x0e+128x1o,258x0e+128x1o,3,RealAgnosticResidualInteractionBlock,RealAgnosticResidualInteractionBlock,13301538816,13511950336,NVIDIA GH200 120GB,0.02641245094127953,3270888.08848898,3.2711844952248277
2744,433552,float32,True,2,3,128x0e+128x1o,258x0e+128x1o,3,RealAgnosticResidualInteractionBlock,RealAgnosticResidualInteractionBlock,37442548736,46995079168,NVIDIA GH200 120GB,0.21147670794744045,408384.0154302031,0.40855563167492426
2744,433552,float32,True,1,3,128x0e+128x1o,258x0e+128x1o,3,RealAgnosticResidualNonLinearInteractionBlock,RealAgnosticResidualInteractionBlock,20496074240,20692598784,NVIDIA GH200 120GB,0.0219622835284099,3925813.707046939,3.934017147544561
2744,433552,float64,True,1,3,128x0e+128x1o,258x0e+128x1o,3,RealAgnosticResidualNonLinearInteractionBlock,RealAgnosticResidualInteractionBlock,27106277376,27353153536,NVIDIA GH200 120GB,0.027478105504997075,3146581.0868406035,3.1443215757464644
2744,433552,float32,True,2,3,128x0e+128x1o,258x0e+128x1o,3,RealAgnosticResidualNonLinearInteractionBlock,RealAgnosticResidualInteractionBlock,52430710272,64906854400,NVIDIA GH200 120GB,0.22424340259749442,384944.06579462317,0.3852956162776554
2744,433552,float32,True,1,3,128x0e+128x1o,258x0e+128x1o,3,RealAgnosticResidualInteractionBlock,RealAgnosticResidualNonLinearInteractionBlock,7835268096,8074035200,NVIDIA GH200 120GB,0.03297100099734962,2611702.5850972044,2.6204845890770887
2744,433552,float64,True,1,3,128x0e+128x1o,258x0e+128x1o,3,RealAgnosticResidualInteractionBlock,RealAgnosticResidualNonLinearInteractionBlock,15593149440,16080961536,NVIDIA GH200 120GB,0.048288004007190466,1786804.450993594,1.7892642650363921
2744,433552,float32,True,2,3,128x0e+128x1o,258x0e+128x1o,3,RealAgnosticResidualInteractionBlock,RealAgnosticResidualNonLinearInteractionBlock,38669607936,48228204544,NVIDIA GH200 120GB,0.22124831343535334,390713.77480127214,0.3905114514025223
2744,433552,float32,True,1,3,128x0e+128x1o,258x0e+128x1o,3,RealAgnosticResidualNonLinearInteractionBlock,RealAgnosticResidualNonLinearInteractionBlock,24091567104,24293408768,NVIDIA GH200 120GB,0.03320870653260499,2591388.5941608897,2.601727348674984
2744,433552,float64,True,1,3,128x0e+128x1o,258x0e+128x1o,3,RealAgnosticResidualNonLinearInteractionBlock,RealAgnosticResidualNonLinearInteractionBlock,31847318528,32298237952,NVIDIA GH200 120GB,0.048041098983958364,1796456.1901322592,1.798460106602687
2744,433552,float32,True,2,3,128x0e+128x1o,258x0e+128x1o,3,RealAgnosticResidualNonLinearInteractionBlock,RealAgnosticResidualNonLinearInteractionBlock,39850187776,52273610752,NVIDIA GH200 120GB,0.2342242910526693,368443.3030675946,0.36887719720142736
2744,433552,float64,True,2,3,128x0e+128x1o,258x0e+128x1o,3,RealAgnosticResidualNonLinearInteractionBlock,RealAgnosticResidualNonLinearInteractionBlock,79619370496,87075848192,NVIDIA GH200 120GB,0.41744652192573994,206945.15784939897,0.20697261915472326
2744,433552,float32,True,1,3,128x0e+128x1o,258x0e+64x1o,3,RealAgnosticResidualInteractionBlock,RealAgnosticResidualInteractionBlock,6688753664,9202302976,NVIDIA GH200 120GB,0.020052796113304794,4309210.342411826,4.308626064505519
2744,433552,float64,True,1,3,128x0e+128x1o,258x0e+64x1o,3,RealAgnosticResidualInteractionBlock,RealAgnosticResidualInteractionBlock,13301538816,13511950336,NVIDIA GH200 120GB,0.02563461591489613,3369236.067959465,3.3704425409312826
2744,433552,float32,True,2,3,128x0e+128x1o,258x0e+64x1o,3,RealAgnosticResidualInteractionBlock,RealAgnosticResidualInteractionBlock,29337166848,34217132032,NVIDIA GH200 120GB,0.16421725798863918,526100.5108144023,0.526132277802235
2744,433552,float64,True,2,3,128x0e+128x1o,258x0e+64x1o,3,RealAgnosticResidualInteractionBlock,RealAgnosticResidualInteractionBlock,58597491712,68304240640,NVIDIA GH200 120GB,0.2801510611316189,308570.65149526775,0.30840504280441783
2744,433552,float32,True,1,3,128x0e+128x1o,258x0e+64x1o,3,RealAgnosticResidualNonLinearInteractionBlock,RealAgnosticResidualInteractionBlock,6689709056,6788481024,NVIDIA GH200 120GB,0.020113005070015788,4287336.2415544605,4.29572804756083
2744,433552,float64,True,1,3,128x0e+128x1o,258x0e+64x1o,3,RealAgnosticResidualNonLinearInteractionBlock,RealAgnosticResidualInteractionBlock,13301534208,13511950336,NVIDIA GH200 120GB,0.02569559297990054,3352832.213634925,3.3624442941473784
2744,433552,float32,True,2,3,128x0e+128x1o,258x0e+64x1o,3,RealAgnosticResidualNonLinearInteractionBlock,RealAgnosticResidualInteractionBlock,30515598336,35542532096,NVIDIA GH200 120GB,0.17473631049506366,494509.0743823713,0.4944593356424383
2744,433552,float64,True,2,3,128x0e+128x1o,258x0e+64x1o,3,RealAgnosticResidualNonLinearInteractionBlock,RealAgnosticResidualInteractionBlock,60954192384,70973915136,NVIDIA GH200 120GB,0.2997819666052237,288188.30068358424,0.2882094642930216
2744,433552,float32,True,1,3,128x0e+128x1o,258x0e+64x1o,3,RealAgnosticResidualInteractionBlock,RealAgnosticResidualNonLinearInteractionBlock,7835318784,8074035200,NVIDIA GH200 120GB,0.030012167058885098,2875025.078467645,2.878832435874413
2744,433552,float64,True,1,3,128x0e+128x1o,258x0e+64x1o,3,RealAgnosticResidualInteractionBlock,RealAgnosticResidualNonLinearInteractionBlock,15593200128,16080961536,NVIDIA GH200 120GB,0.04617446009069681,1868188.3778474987,1.8711642719869679
2744,433552,float32,True,2,3,128x0e+128x1o,258x0e+64x1o,3,RealAgnosticResidualInteractionBlock,RealAgnosticResidualNonLinearInteractionBlock,30564100608,35450257408,NVIDIA GH200 120GB,0.17346192803233862,498019.72673167434,0.498092007739545
2744,433552,float64,True,2,3,128x0e+128x1o,258x0e+64x1o,3,RealAgnosticResidualInteractionBlock,RealAgnosticResidualNonLinearInteractionBlock,61048882688,70829211648,NVIDIA GH200 120GB,0.2998220135923475,288111.49553688354,0.28817096838484185
2744,433552,float32,True,1,3,128x0e+128x1o,258x0e+64x1o,3,RealAgnosticResidualNonLinearInteractionBlock,RealAgnosticResidualNonLinearInteractionBlock,7833314816,8088715264,NVIDIA GH200 120GB,0.030066564911976457,2868670.868942727,2.8736239158994903
2744,433552,float64,True,1,3,128x0e+128x1o,258x0e+64x1o,3,RealAgnosticResidualNonLinearInteractionBlock,RealAgnosticResidualNonLinearInteractionBlock,15593379328,16091447296,NVIDIA GH200 120GB,0.04633391147945076,1863127.004024273,1.8647249334500646
2744,433552,float32,True,2,3,128x0e+128x1o,258x0e+64x1o,3,RealAgnosticResidualNonLinearInteractionBlock,RealAgnosticResidualNonLinearInteractionBlock,31745382400,36794531840,NVIDIA GH200 120GB,0.18362999556120485,470373.09763450886,0.4705113657272971
2744,433552,float64,True,2,3,128x0e+128x1o,258x0e+64x1o,3,RealAgnosticResidualNonLinearInteractionBlock,RealAgnosticResidualNonLinearInteractionBlock,63405340672,73515663360,NVIDIA GH200 120GB,0.32005128799937665,270016.45265071886,0.26995673268519477
2744,433552,float32,True,1,3,258x0e+258x1o,64x0e+16x1o,3,RealAgnosticResidualInteractionBlock,RealAgnosticResidualInteractionBlock,12560846336,12746489856,NVIDIA GH200 120GB,0.031808571995497914,2716209.750894183,2.716248941078801
2744,433552,float64,True,1,3,258x0e+258x1o,64x0e+16x1o,3,RealAgnosticResidualInteractionBlock,RealAgnosticResidualInteractionBlock,25041723392,25463619584,NVIDIA GH200 120GB,0.04304386899457313,1999542.6316418303,2.0072545061154496
2744,433552,float32,True,2,3,258x0e+258x1o,64x0e+16x1o,3,RealAgnosticResidualInteractionBlock,RealAgnosticResidualInteractionBlock,12625151488,20162019328,NVIDIA GH200 120GB,0.0878364540039911,983545.8210211761,0.9836462660033405
2744,433552,float64,True,2,3,258x0e+258x1o,64x0e+16x1o,3,RealAgnosticResidualInteractionBlock,RealAgnosticResidualInteractionBlock,25171080192,40235958272,NVIDIA GH200 120GB,0.1340526294989104,647242.9918833813,0.6445229781986654
2744,433552,float32,True,1,3,258x0e+258x1o,64x0e+16x1o,3,RealAgnosticResidualNonLinearInteractionBlock,RealAgnosticResidualInteractionBlock,12557473280,12777947136,NVIDIA GH200 120GB,0.03188439349833061,2720036.0832339046,2.7097896657348586
2744,433552,float64,True,1,3,258x0e+258x1o,64x0e+16x1o,3,RealAgnosticResidualNonLinearInteractionBlock,RealAgnosticResidualInteractionBlock,25040912896,25482493952,NVIDIA GH200 120GB,0.04314372199951322,1992809.8850227944,2.0026088616317073
2744,433552,float32,True,2,3,258x0e+258x1o,64x0e+16x1o,3,RealAgnosticResidualNonLinearInteractionBlock,RealAgnosticResidualInteractionBlock,13522811392,20162019328,NVIDIA GH200 120GB,0.10277940149899223,839832.652263549,0.8406353679812698
2744,433552,float64,True,2,3,258x0e+258x1o,64x0e+16x1o,3,RealAgnosticResidualNonLinearInteractionBlock,RealAgnosticResidualInteractionBlock,26966009856,40229666816,NVIDIA GH200 120GB,0.15999179250138695,539632.6678300538,0.540027701728831
2744,433552,float32,True,1,3,258x0e+258x1o,64x0e+16x1o,3,RealAgnosticResidualInteractionBlock,RealAgnosticResidualNonLinearInteractionBlock,14162013696,14633926656,NVIDIA GH200 120GB,0.046623427002487006,1850278.6088676874,1.8531456298866924
2744,433552,float64,True,1,3,258x0e+258x1o,64x0e+16x1o,3,RealAgnosticResidualInteractionBlock,RealAgnosticResidualNonLinearInteractionBlock,28238905344,29150412800,NVIDIA GH200 120GB,0.07199689499975648,1200188.5262612354,1.200051752235874
2744,433552,float32,True,2,3,258x0e+258x1o,64x0e+16x1o,3,RealAgnosticResidualInteractionBlock,RealAgnosticResidualNonLinearInteractionBlock,14226759680,22015901696,NVIDIA GH200 120GB,0.10191238750121556,847148.3504925958,0.8477870268613761
2744,433552,float64,True,2,3,258x0e+258x1o,64x0e+16x1o,3,RealAgnosticResidualInteractionBlock,RealAgnosticResidualNonLinearInteractionBlock,28368551936,43920654336,NVIDIA GH200 120GB,0.1600095359972329,540289.341406638,0.53996781792739
2744,433552,float32,True,1,3,258x0e+258x1o,64x0e+16x1o,3,RealAgnosticResidualNonLinearInteractionBlock,RealAgnosticResidualNonLinearInteractionBlock,14162008064,14633926656,NVIDIA GH200 120GB,0.04675460699945688,1845629.4371882174,1.8479462355656986
2744,433552,float64,True,1,3,258x0e+258x1o,64x0e+16x1o,3,RealAgnosticResidualNonLinearInteractionBlock,RealAgnosticResidualNonLinearInteractionBlock,28238899712,29150412800,NVIDIA GH200 120GB,0.07231374899856746,1195319.6451660753,1.1947935378334704
2744,433552,float32,True,2,3,258x0e+258x1o,64x0e+16x1o,3,RealAgnosticResidualNonLinearInteractionBlock,RealAgnosticResidualNonLinearInteractionBlock,15124818944,22017998848,NVIDIA GH200 120GB,0.1164080520029529,743155.5204456972,0.7422166981868944
2744,433552,float64,True,2,3,258x0e+258x1o,64x0e+16x1o,3,RealAgnosticResidualNonLinearInteractionBlock,RealAgnosticResidualNonLinearInteractionBlock,30161269760,43920654336,NVIDIA GH200 120GB,0.1892612565025047,456403.1381364457,0.4565118165051207
2744,433552,float32,True,1,3,128x0e+128x1o,128x0e+128x1o,3,RealAgnosticResidualInteractionBlock,RealAgnosticResidualInteractionBlock,6688753664,9202302976,NVIDIA GH200 120GB,0.019684512000821996,4386291.079159707,4.389237589247428
2744,433552,float64,True,1,3,128x0e+128x1o,128x0e+128x1o,3,RealAgnosticResidualInteractionBlock,RealAgnosticResidualInteractionBlock,13301538816,13511950336,NVIDIA GH200 120GB,0.02517236849962501,3432308.3338030884,3.4323349430264023
2744,433552,float32,True,2,3,128x0e+128x1o,128x0e+128x1o,3,RealAgnosticResidualInteractionBlock,RealAgnosticResidualInteractionBlock,17864694272,18578669568,NVIDIA GH200 120GB,0.05571739700098988,1550696.029311229,1.5506826350567853
2744,433552,float64,True,2,3,128x0e+128x1o,128x0e+128x1o,3,RealAgnosticResidualInteractionBlock,RealAgnosticResidualInteractionBlock,35652471808,37044092928,NVIDIA GH200 120GB,0.0761559689999558,1132934.239213763,1.1345138291136463
2744,433552,float32,True,1,3,128x0e+128x1o,128x0e+128x1o,3,RealAgnosticResidualNonLinearInteractionBlock,RealAgnosticResidualInteractionBlock,6689697792,6788481024,NVIDIA GH200 120GB,0.01993228099672706,4329882.497809423,4.334677000298518
2744,433552,float64,True,1,3,128x0e+128x1o,128x0e+128x1o,3,RealAgnosticResidualNonLinearInteractionBlock,RealAgnosticResidualInteractionBlock,13301565440,13511950336,NVIDIA GH200 120GB,0.025294365499576088,3413625.5768787693,3.415780482868724
2744,433552,float32,True,2,3,128x0e+128x1o,128x0e+128x1o,3,RealAgnosticResidualNonLinearInteractionBlock,RealAgnosticResidualInteractionBlock,19040109568,19912458240,NVIDIA GH200 120GB,0.06581572649884038,1312650.8916391693,1.3127561541316772
2744,433552,float64,True,2,3,128x0e+128x1o,128x0e+128x1o,3,RealAgnosticResidualNonLinearInteractionBlock,RealAgnosticResidualInteractionBlock,38004807680,39709573120,NVIDIA GH200 120GB,0.0986675749954884,875530.2091284471,0.8756676142486595
2744,433552,float32,True,1,3,128x0e+128x1o,128x0e+128x1o,3,RealAgnosticResidualInteractionBlock,RealAgnosticResidualNonLinearInteractionBlock,7835302912,8074035200,NVIDIA GH200 120GB,0.029574045998742804,2917403.747392495,2.9214805442472387
2744,433552,float64,True,1,3,128x0e+128x1o,128x0e+128x1o,3,RealAgnosticResidualInteractionBlock,RealAgnosticResidualNonLinearInteractionBlock,15593184256,16080961536,NVIDIA GH200 120GB,0.045809463001205586,1883332.9867486395,1.8860731896753773
2744,433552,float32,True,2,3,128x0e+128x1o,128x0e+128x1o,3,RealAgnosticResidualInteractionBlock,RealAgnosticResidualNonLinearInteractionBlock,19091437056,19813892096,NVIDIA GH200 120GB,0.06510268850252032,1327171.3451142844,1.3271341320513237
2744,433552,float64,True,2,3,128x0e+128x1o,128x0e+128x1o,3,RealAgnosticResidualInteractionBlock,RealAgnosticResidualNonLinearInteractionBlock,38103325184,39569063936,NVIDIA GH200 120GB,0.09820336299890187,881192.0643906,0.8798069369677916
2744,433552,float32,True,1,3,128x0e+128x1o,128x0e+128x1o,3,RealAgnosticResidualNonLinearInteractionBlock,RealAgnosticResidualNonLinearInteractionBlock,7833286656,8088715264,NVIDIA GH200 120GB,0.02967303549667122,2907229.458857867,2.9117344603888786
2744,433552,float64,True,1,3,128x0e+128x1o,128x0e+128x1o,3,RealAgnosticResidualNonLinearInteractionBlock,RealAgnosticResidualNonLinearInteractionBlock,15593351168,16091447296,NVIDIA GH200 120GB,0.04602172999511822,1876342.4150957502,1.8773740146049471
2744,433552,float32,True,2,3,128x0e+128x1o,128x0e+128x1o,3,RealAgnosticResidualNonLinearInteractionBlock,RealAgnosticResidualNonLinearInteractionBlock,20267240448,21158166528,NVIDIA GH200 120GB,0.0753241185011575,1145683.7179926552,1.1470429620583253
2744,433552,float64,True,2,3,128x0e+128x1o,128x0e+128x1o,3,RealAgnosticResidualNonLinearInteractionBlock,RealAgnosticResidualNonLinearInteractionBlock,40454935552,42240835584,NVIDIA GH200 120GB,0.12010045799979707,719979.0872776466,0.7193977561696392
2744,433552,float32,True,1,3,258x0e+258x1o,64x0e+32x1o,3,RealAgnosticResidualInteractionBlock,RealAgnosticResidualInteractionBlock,12560846336,12746489856,NVIDIA GH200 120GB,0.03168657550122589,2722414.3927407437,2.726706771978479
2744,433552,float64,True,1,3,258x0e+258x1o,64x0e+32x1o,3,RealAgnosticResidualInteractionBlock,RealAgnosticResidualInteractionBlock,25041723392,25463619584,NVIDIA GH200 120GB,0.04263314550189534,2021777.1155195069,2.026592196819231
2744,433552,float32,True,2,3,258x0e+258x1o,64x0e+32x1o,3,RealAgnosticResidualInteractionBlock,RealAgnosticResidualInteractionBlock,12688046080,20822622208,NVIDIA GH200 120GB,0.09632983199844602,897125.9559012922,0.8969184125785021
2744,433552,float64,True,2,3,258x0e+258x1o,64x0e+32x1o,3,RealAgnosticResidualInteractionBlock,RealAgnosticResidualInteractionBlock,25295192576,41567649792,NVIDIA GH200 120GB,0.1486174915007723,581353.6635977846,0.581358217848476
2744,433552,float32,True,1,3,258x0e+258x1o,64x0e+32x1o,3,RealAgnosticResidualNonLinearInteractionBlock,RealAgnosticResidualInteractionBlock,12557473280,12777947136,NVIDIA GH200 120GB,0.03181426849914715,2715387.426992135,2.715762583141465
2744,433552,float64,True,1,3,258x0e+258x1o,64x0e+32x1o,3,RealAgnosticResidualNonLinearInteractionBlock,RealAgnosticResidualInteractionBlock,25040912896,25482493952,NVIDIA GH200 120GB,0.042939520499203354,2004653.2181225547,2.0121323898249623
2744,433552,float32,True,2,3,258x0e+258x1o,64x0e+32x1o,3,RealAgnosticResidualNonLinearInteractionBlock,RealAgnosticResidualInteractionBlock,14345815040,22328377344,NVIDIA GH200 120GB,0.11283804599952418,766120.6225083057,0.7656991862511013
2744,433552,float64,True,2,3,258x0e+258x1o,64x0e+32x1o,3,RealAgnosticResidualNonLinearInteractionBlock,RealAgnosticResidualInteractionBlock,28613546496,44562382848,NVIDIA GH200 120GB,0.18023202150288853,479654.07181635586,0.47938207250599635
2744,433552,float32,True,1,3,258x0e+258x1o,64x0e+32x1o,3,RealAgnosticResidualInteractionBlock,RealAgnosticResidualNonLinearInteractionBlock,14162013696,14633926656,NVIDIA GH200 120GB,0.0467301114986185,1848339.4842922897,1.8489149122307205
2744,433552,float64,True,1,3,258x0e+258x1o,64x0e+32x1o,3,RealAgnosticResidualInteractionBlock,RealAgnosticResidualNonLinearInteractionBlock,28238905344,29150412800,NVIDIA GH200 120GB,0.07181651599967154,1201949.3648862962,1.2030658797259834
2744,433552,float32,True,2,3,258x0e+258x1o,64x0e+32x1o,3,RealAgnosticResidualInteractionBlock,RealAgnosticResidualNonLinearInteractionBlock,14450617856,22676504576,NVIDIA GH200 120GB,0.11314395700173918,763765.1676842128,0.7636289404185495
2744,433552,float64,True,2,3,258x0e+258x1o,64x0e+32x1o,3,RealAgnosticResidualInteractionBlock,RealAgnosticResidualNonLinearInteractionBlock,28817474560,45252345856,NVIDIA GH200 120GB,0.17909538399908342,482488.54624998785,0.4824244939804936
2744,433552,float32,True,1,3,258x0e+258x1o,64x0e+32x1o,3,RealAgnosticResidualNonLinearInteractionBlock,RealAgnosticResidualNonLinearInteractionBlock,14162008064,14633926656,NVIDIA GH200 120GB,0.046607170999777736,1850941.5664892572,1.8537919840792747
2744,433552,float64,True,1,3,258x0e+258x1o,64x0e+32x1o,3,RealAgnosticResidualNonLinearInteractionBlock,RealAgnosticResidualNonLinearInteractionBlock,28238899712,29150412800,NVIDIA GH200 120GB,0.07201567800075281,1197642.673279731,1.1997387568731468
2744,433552,float32,True,2,3,258x0e+258x1o,64x0e+32x1o,3,RealAgnosticResidualNonLinearInteractionBlock,RealAgnosticResidualNonLinearInteractionBlock,16112134656,24016584704,NVIDIA GH200 120GB,0.12758627850053017,677924.5313346398,0.6771888091370342
2744,433552,float64,True,2,3,258x0e+258x1o,64x0e+32x1o,3,RealAgnosticResidualNonLinearInteractionBlock,RealAgnosticResidualNonLinearInteractionBlock,32136348160,49473912832,NVIDIA GH200 120GB,0.20550326900047367,421266.88464048965,0.42043126817511045
2744,433552,float32,True,1,3,128x0e+128x1o,128x0e+64x1o,3,RealAgnosticResidualInteractionBlock,RealAgnosticResidualInteractionBlock,6688753664,9202302976,NVIDIA GH200 120GB,0.02003215000149794,4309251.64023609,4.313066744884563
2744,433552,float64,True,1,3,128x0e+128x1o,128x0e+64x1o,3,RealAgnosticResidualInteractionBlock,RealAgnosticResidualInteractionBlock,13301538816,13511950336,NVIDIA GH200 120GB,0.025595109997084364,3371626.4758369834,3.375644801285955
2744,433552,float32,True,2,3,128x0e+128x1o,128x0e+64x1o,3,RealAgnosticResidualInteractionBlock,RealAgnosticResidualInteractionBlock,20095505920,24691867648,NVIDIA GH200 120GB,0.12040009699558141,717815.0010521649,0.7176073953094142
2744,433552,float64,True,2,3,128x0e+128x1o,128x0e+64x1o,3,RealAgnosticResidualInteractionBlock,RealAgnosticResidualInteractionBlock,40107267072,49266294784,NVIDIA GH200 120GB,0.2025487905011687,426608.59075215773,0.42656389004456424
2744,433552,float32,True,1,3,128x0e+128x1o,128x0e+64x1o,3,RealAgnosticResidualNonLinearInteractionBlock,RealAgnosticResidualInteractionBlock,6689709056,6788481024,NVIDIA GH200 120GB,0.0201245319985901,4286260.7291370835,4.293267540634141
2744,433552,float64,True,1,3,128x0e+128x1o,128x0e+64x1o,3,RealAgnosticResidualNonLinearInteractionBlock,RealAgnosticResidualInteractionBlock,13301534208,13511950336,NVIDIA GH200 120GB,0.025680676000774838,3363755.659609547,3.364397416851221
2744,433552,float32,True,2,3,128x0e+128x1o,128x0e+64x1o,3,RealAgnosticResidualNonLinearInteractionBlock,RealAgnosticResidualInteractionBlock,21274432512,25914507264,NVIDIA GH200 120GB,0.13125779899928602,658131.9846785954,0.658246600649383
2744,433552,float64,True,2,3,128x0e+128x1o,128x0e+64x1o,3,RealAgnosticResidualNonLinearInteractionBlock,RealAgnosticResidualInteractionBlock,42462933504,48603594752,NVIDIA GH200 120GB,0.22431979150132975,385588.0847971249,0.3851644093539015
2744,433552,float32,True,1,3,128x0e+128x1o,128x0e+64x1o,3,RealAgnosticResidualInteractionBlock,RealAgnosticResidualNonLinearInteractionBlock,7835318784,8074035200,NVIDIA GH200 120GB,0.03008449700428173,2870647.4625214003,2.8719110705990283
2744,433552,float64,True,1,3,128x0e+128x1o,128x0e+64x1o,3,RealAgnosticResidualInteractionBlock,RealAgnosticResidualNonLinearInteractionBlock,15593200128,16080961536,NVIDIA GH200 120GB,0.04634740150140715,1861406.142278638,1.8641821806855088
2744,433552,float32,True,2,3,128x0e+128x1o,128x0e+64x1o,3,RealAgnosticResidualInteractionBlock,RealAgnosticResidualNonLinearInteractionBlock,21322534400,25924993024,NVIDIA GH200 120GB,0.13003008650048287,664501.4238932322,0.66446160519688
2744,433552,float64,True,2,3,128x0e+128x1o,128x0e+64x1o,3,RealAgnosticResidualInteractionBlock,RealAgnosticResidualNonLinearInteractionBlock,42558878720,48681189376,NVIDIA GH200 120GB,0.223335753500578,386326.0031881841,0.38686147939038523
2744,433552,float32,True,1,3,128x0e+128x1o,128x0e+64x1o,3,RealAgnosticResidualNonLinearInteractionBlock,RealAgnosticResidualNonLinearInteractionBlock,7833314816,8088715264,NVIDIA GH200 120GB,0.03006225699937204,2871609.3691274235,2.8740357053631995
2744,433552,float64,True,1,3,128x0e+128x1o,128x0e+64x1o,3,RealAgnosticResidualNonLinearInteractionBlock,RealAgnosticResidualNonLinearInteractionBlock,15593379328,16091447296,NVIDIA GH200 120GB,0.046185709499695804,1868785.1445858062,1.8707085142985422
2744,433552,float32,True,2,3,128x0e+128x1o,128x0e+64x1o,3,RealAgnosticResidualNonLinearInteractionBlock,RealAgnosticResidualNonLinearInteractionBlock,22502748672,27160215552,NVIDIA GH200 120GB,0.14013087949933833,616288.4255153729,0.6165664577906825
2744,433552,float64,True,2,3,128x0e+128x1o,128x0e+64x1o,3,RealAgnosticResidualNonLinearInteractionBlock,RealAgnosticResidualNonLinearInteractionBlock,44912891904,51134857216,NVIDIA GH200 120GB,0.24401523099732003,354122.02914151765,0.3540762584649846
2744,433552,float32,True,1,3,258x0e+258x1o,64x0e+64x1o,3,RealAgnosticResidualInteractionBlock,RealAgnosticResidualInteractionBlock,12560846336,12746489856,NVIDIA GH200 120GB,0.03083241100102896,2800901.329803071,2.8022459870918497
2744,433552,float64,True,1,3,258x0e+258x1o,64x0e+64x1o,3,RealAgnosticResidualInteractionBlock,RealAgnosticResidualInteractionBlock,25041723392,25463619584,NVIDIA GH200 120GB,0.04234285499842372,2032697.9930874915,2.0404859332989327
2744,433552,float32,True,2,3,258x0e+258x1o,64x0e+64x1o,3,RealAgnosticResidualInteractionBlock,RealAgnosticResidualInteractionBlock,12625566208,15250489344,NVIDIA GH200 120GB,0.0549665510043269,1569525.0581469424,1.5718650419452131
2744,433552,float64,True,2,3,258x0e+258x1o,64x0e+64x1o,3,RealAgnosticResidualInteractionBlock,RealAgnosticResidualInteractionBlock,25172342784,30412898304,NVIDIA GH200 120GB,0.07538065350308898,1148545.0234357356,1.1461826872654994
2744,433552,float32,True,1,3,258x0e+258x1o,64x0e+64x1o,3,RealAgnosticResidualNonLinearInteractionBlock,RealAgnosticResidualInteractionBlock,12557462016,12777947136,NVIDIA GH200 120GB,0.030988632002845407,2783825.7897586497,2.788119204231625
2744,433552,float64,True,1,3,258x0e+258x1o,64x0e+64x1o,3,RealAgnosticResidualNonLinearInteractionBlock,RealAgnosticResidualInteractionBlock,25040912896,25482493952,NVIDIA GH200 120GB,0.042486674999963725,2018459.5131241714,2.0335787632257354
2744,433552,float32,True,2,3,258x0e+258x1o,64x0e+64x1o,3,RealAgnosticResidualNonLinearInteractionBlock,RealAgnosticResidualInteractionBlock,13523958272,22154313728,NVIDIA GH200 120GB,0.06933830300113186,1246327.7448115495,1.2460645308638376
2744,433552,float64,True,2,3,258x0e+258x1o,64x0e+64x1o,3,RealAgnosticResidualNonLinearInteractionBlock,RealAgnosticResidualInteractionBlock,26965995520,44224741376,NVIDIA GH200 120GB,0.10421054350081249,827520.1717321477,0.8290907723682142
2744,433552,float32,True,1,3,258x0e+258x1o,64x0e+64x1o,3,RealAgnosticResidualInteractionBlock,RealAgnosticResidualNonLinearInteractionBlock,14162002432,14633926656,NVIDIA GH200 120GB,0.045237700003781356,1908049.0902738662,1.9099114232770003
2744,433552,float64,True,1,3,258x0e+258x1o,64x0e+64x1o,3,RealAgnosticResidualInteractionBlock,RealAgnosticResidualNonLinearInteractionBlock,28238894080,29150412800,NVIDIA GH200 120GB,0.07132321999961277,1207149.9997208838,1.2113866984758832
2744,433552,float32,True,2,3,258x0e+258x1o,64x0e+64x1o,3,RealAgnosticResidualInteractionBlock,RealAgnosticResidualNonLinearInteractionBlock,14226950144,15313403904,NVIDIA GH200 120GB,0.06952460599859478,1240372.1519292158,1.2427254891850277
2744,433552,float64,True,2,3,258x0e+258x1o,64x0e+64x1o,3,RealAgnosticResidualInteractionBlock,RealAgnosticResidualNonLinearInteractionBlock,28368833536,30517755904,NVIDIA GH200 120GB,0.10452850400179159,828868.0179331157,0.8265687988658016
2744,433552,float32,True,1,3,258x0e+258x1o,64x0e+64x1o,3,RealAgnosticResidualNonLinearInteractionBlock,RealAgnosticResidualNonLinearInteractionBlock,14161996800,14633926656,NVIDIA GH200 120GB,0.045285186999535654,1905343.0300049447,1.9079086501483573
2744,433552,float64,True,1,3,258x0e+258x1o,64x0e+64x1o,3,RealAgnosticResidualNonLinearInteractionBlock,RealAgnosticResidualNonLinearInteractionBlock,28238888448,29150412800,NVIDIA GH200 120GB,0.07178509599907557,1209642.804260608,1.203592456031718
2744,433552,float32,True,2,3,258x0e+258x1o,64x0e+64x1o,3,RealAgnosticResidualNonLinearInteractionBlock,RealAgnosticResidualNonLinearInteractionBlock,15123055104,23997710336,NVIDIA GH200 120GB,0.08312418500281638,1038361.8092674421,1.0394086870995805
2744,433552,float64,True,2,3,258x0e+258x1o,64x0e+64x1o,3,RealAgnosticResidualNonLinearInteractionBlock,RealAgnosticResidualNonLinearInteractionBlock,30163335680,47917826048,NVIDIA GH200 120GB,0.13241202800054452,653015.9983191318,0.6525086980742014
2744,433552,float32,True,1,3,258x0e+258x1o,128x0e+16x1o,3,RealAgnosticResidualInteractionBlock,RealAgnosticResidualInteractionBlock,12560846336,12746489856,NVIDIA GH200 120GB,0.03089609000016935,2793521.565239351,2.796470362415646
2744,433552,float64,True,1,3,258x0e+258x1o,128x0e+16x1o,3,RealAgnosticResidualInteractionBlock,RealAgnosticResidualInteractionBlock,25041723392,25463619584,NVIDIA GH200 120GB,0.04193700799805811,2048388.3146675264,2.060232814033866
2744,433552,float32,True,2,3,258x0e+258x1o,128x0e+16x1o,3,RealAgnosticResidualInteractionBlock,RealAgnosticResidualInteractionBlock,15162682880,25046286336,NVIDIA GH200 120GB,0.10441147549863672,827120.4897335117,0.8274952498025767
2744,433552,float64,True,2,3,258x0e+258x1o,128x0e+16x1o,3,RealAgnosticResidualInteractionBlock,RealAgnosticResidualInteractionBlock,30243443712,50004492288,NVIDIA GH200 120GB,0.1628369525024027,528854.5514598343,0.5305920964022287
2744,433552,float32,True,1,3,258x0e+258x1o,128x0e+16x1o,3,RealAgnosticResidualNonLinearInteractionBlock,RealAgnosticResidualInteractionBlock,12557473280,12777947136,NVIDIA GH200 120GB,0.031630872003006516,2728483.036787105,2.7315086347220423
2744,433552,float64,True,1,3,258x0e+258x1o,128x0e+16x1o,3,RealAgnosticResidualNonLinearInteractionBlock,RealAgnosticResidualInteractionBlock,25040912896,25482493952,NVIDIA GH200 120GB,0.042881130000751,2005170.888586653,2.0148722759518427
2744,433552,float32,True,2,3,258x0e+258x1o,128x0e+16x1o,3,RealAgnosticResidualNonLinearInteractionBlock,RealAgnosticResidualInteractionBlock,16816863232,26155679744,NVIDIA GH200 120GB,0.11818432899599429,730551.2832072153,0.7310613914212638
2744,433552,float64,True,2,3,258x0e+258x1o,128x0e+16x1o,3,RealAgnosticResidualNonLinearInteractionBlock,RealAgnosticResidualInteractionBlock,33550487552,52219084800,NVIDIA GH200 120GB,0.19131567549993633,450415.3028489493,0.45160962254778103
2744,433552,float32,True,1,3,258x0e+258x1o,128x0e+16x1o,3,RealAgnosticResidualInteractionBlock,RealAgnosticResidualNonLinearInteractionBlock,14162013696,14633926656,NVIDIA GH200 120GB,0.045404303000395885,1901444.5555014745,1.9029033437479852
2744,433552,float64,True,1,3,258x0e+258x1o,128x0e+16x1o,3,RealAgnosticResidualInteractionBlock,RealAgnosticResidualNonLinearInteractionBlock,28238905344,29150412800,NVIDIA GH200 120GB,0.07078387199726421,1223466.9248628854,1.2206170355210202
2744,433552,float32,True,2,3,258x0e+258x1o,128x0e+16x1o,3,RealAgnosticResidualInteractionBlock,RealAgnosticResidualNonLinearInteractionBlock,16924812288,26900168704,NVIDIA GH200 120GB,0.11785580099967774,731442.8834557083,0.7330992557611674
2744,433552,float64,True,2,3,258x0e+258x1o,128x0e+16x1o,3,RealAgnosticResidualInteractionBlock,RealAgnosticResidualNonLinearInteractionBlock,33768718336,53689188352,NVIDIA GH200 120GB,0.19093864200112876,451525.98734045017,0.4525013852329024
2744,433552,float32,True,1,3,258x0e+258x1o,128x0e+16x1o,3,RealAgnosticResidualNonLinearInteractionBlock,RealAgnosticResidualNonLinearInteractionBlock,14162008064,14633926656,NVIDIA GH200 120GB,0.045494334499380784,1899623.4530359579,1.899137572859231
2744,433552,float64,True,1,3,258x0e+258x1o,128x0e+16x1o,3,RealAgnosticResidualNonLinearInteractionBlock,RealAgnosticResidualNonLinearInteractionBlock,28238899712,29150412800,NVIDIA GH200 120GB,0.0703682659950573,1222311.3527618432,1.2278261909433548
2744,433552,float32,True,2,3,258x0e+258x1o,128x0e+16x1o,3,RealAgnosticResidualNonLinearInteractionBlock,RealAgnosticResidualNonLinearInteractionBlock,18578294272,27999076352,NVIDIA GH200 120GB,0.13211907500226516,653586.5768123368,0.6539555321479407
2744,433552,float64,True,2,3,258x0e+258x1o,128x0e+16x1o,3,RealAgnosticResidualNonLinearInteractionBlock,RealAgnosticResidualNonLinearInteractionBlock,37073149440,52804190208,NVIDIA GH200 120GB,0.2201804375035863,392368.1537591452,0.3924054333782161
2744,433552,float32,True,1,3,64x0e+64x1o,258x0e+128x1o,3,RealAgnosticResidualInteractionBlock,RealAgnosticResidualInteractionBlock,3801477120,5037359104,NVIDIA GH200 120GB,0.0149724748916924,5766038.677756095,5.7705890726148255
2744,433552,float64,True,1,3,64x0e+64x1o,258x0e+128x1o,3,RealAgnosticResidualInteractionBlock,RealAgnosticResidualInteractionBlock,7519206912,8516534272,NVIDIA GH200 120GB,0.018698586151003838,4618463.695478496,4.620670210157125
2744,433552,float32,True,2,3,64x0e+64x1o,258x0e+128x1o,3,RealAgnosticResidualInteractionBlock,RealAgnosticResidualInteractionBlock,36848585216,49396318208,NVIDIA GH200 120GB,0.20136557042133063,428864.68989099475,0.429070370963713
2744,433552,float64,True,2,3,64x0e+64x1o,258x0e+128x1o,3,RealAgnosticResidualInteractionBlock,RealAgnosticResidualInteractionBlock,73619918848,92421488640,NVIDIA GH200 120GB,0.3600704735144973,240011.2054683867,0.23995302685245404
2744,433552,float32,True,1,3,64x0e+64x1o,258x0e+128x1o,3,RealAgnosticResidualNonLinearInteractionBlock,RealAgnosticResidualInteractionBlock,3795940352,4066377728,NVIDIA GH200 120GB,0.015276819001883268,5643120.832381455,5.655627653201163
2744,433552,float64,True,1,3,64x0e+64x1o,258x0e+128x1o,3,RealAgnosticResidualNonLinearInteractionBlock,RealAgnosticResidualInteractionBlock,7518706176,8724152320,NVIDIA GH200 120GB,0.018841686542145908,4585978.666764181,4.585576763881339
2744,433552,float32,True,2,3,64x0e+64x1o,258x0e+128x1o,3,RealAgnosticResidualNonLinearInteractionBlock,RealAgnosticResidualInteractionBlock,37787303424,47385149440,NVIDIA GH200 120GB,0.21128181053791195,408853.46965909784,0.4089325047907831
2744,433552,float64,True,2,3,64x0e+64x1o,258x0e+128x1o,3,RealAgnosticResidualNonLinearInteractionBlock,RealAgnosticResidualInteractionBlock,75499142656,97368670208,NVIDIA GH200 120GB,0.3797081895172596,227439.79347489067,0.22754315652197094
2744,433552,float32,True,1,3,64x0e+64x1o,258x0e+128x1o,3,RealAgnosticResidualInteractionBlock,RealAgnosticResidualNonLinearInteractionBlock,4719867392,4957667328,NVIDIA GH200 120GB,0.023918290389701724,3610106.5302012726,3.6122983119730185
2744,433552,float64,True,1,3,64x0e+64x1o,258x0e+128x1o,3,RealAgnosticResidualInteractionBlock,RealAgnosticResidualNonLinearInteractionBlock,9362806272,9827254272,NVIDIA GH200 120GB,0.03686566697433591,2338692.0328574744,2.3436440214182888
2744,433552,float32,True,2,3,64x0e+64x1o,258x0e+128x1o,3,RealAgnosticResidualInteractionBlock,RealAgnosticResidualNonLinearInteractionBlock,37811319296,50251956224,NVIDIA GH200 120GB,0.20963820500764996,412040.4402252829,0.4121386175618474
2744,433552,float64,True,2,3,64x0e+64x1o,258x0e+128x1o,3,RealAgnosticResidualInteractionBlock,RealAgnosticResidualNonLinearInteractionBlock,75544971776,98182365184,NVIDIA GH200 120GB,0.378455454017967,228538.27210522382,0.22829635319748412
2744,433552,float32,True,1,3,64x0e+64x1o,258x0e+128x1o,3,RealAgnosticResidualNonLinearInteractionBlock,RealAgnosticResidualNonLinearInteractionBlock,4719861760,4959764480,NVIDIA GH200 120GB,0.024009712040424347,3592033.760638241,3.598543783221191
2744,433552,float64,True,1,3,64x0e+64x1o,258x0e+128x1o,3,RealAgnosticResidualNonLinearInteractionBlock,RealAgnosticResidualNonLinearInteractionBlock,9362800640,9827254272,NVIDIA GH200 120GB,0.0369211221113801,2338537.795631172,2.3401238927505172
2744,433552,float32,True,2,3,64x0e+64x1o,258x0e+128x1o,3,RealAgnosticResidualNonLinearInteractionBlock,RealAgnosticResidualNonLinearInteractionBlock,38753298944,48024780800,NVIDIA GH200 120GB,0.2185788049828261,395290.2178536537,0.3952807775977571
2744,433552,float64,True,2,3,64x0e+64x1o,258x0e+128x1o,3,RealAgnosticResidualNonLinearInteractionBlock,RealAgnosticResidualNonLinearInteractionBlock,77427232256,95919538176,NVIDIA GH200 120GB,0.3962431199615821,217980.89443509709,0.21804794997671365
2744,433552,float32,True,1,3,258x0e+258x1o,128x0e+32x1o,3,RealAgnosticResidualInteractionBlock,RealAgnosticResidualInteractionBlock,12560846336,12746489856,NVIDIA GH200 120GB,0.03149475449754391,2742928.728403362,2.743313970164074
2744,433552,float64,True,1,3,258x0e+258x1o,128x0e+32x1o,3,RealAgnosticResidualInteractionBlock,RealAgnosticResidualInteractionBlock,25041723392,25463619584,NVIDIA GH200 120GB,0.04265885000495473,2015225.4754998342,2.0253710540711913
2744,433552,float32,True,2,3,258x0e+258x1o,128x0e+32x1o,3,RealAgnosticResidualInteractionBlock,RealAgnosticResidualInteractionBlock,17239266304,25706889216,NVIDIA GH200 120GB,0.11452739199739881,753381.200708334,0.7544046755379041
2744,433552,float64,True,2,3,258x0e+258x1o,128x0e+32x1o,3,RealAgnosticResidualInteractionBlock,RealAgnosticResidualInteractionBlock,34400471552,51336183808,NVIDIA GH200 120GB,0.1805310695017397,478452.0690040058,0.4785879806642779
2744,433552,float32,True,1,3,258x0e+258x1o,128x0e+32x1o,3,RealAgnosticResidualNonLinearInteractionBlock,RealAgnosticResidualInteractionBlock,12557473280,12777947136,NVIDIA GH200 120GB,0.03192951649907627,2704923.1027628346,2.7059601733242524
2744,433552,float64,True,1,3,258x0e+258x1o,128x0e+32x1o,3,RealAgnosticResidualNonLinearInteractionBlock,RealAgnosticResidualInteractionBlock,25040912896,25482493952,NVIDIA GH200 120GB,0.04326744299760321,1988910.1874758997,1.996882505970739
2744,433552,float32,True,2,3,258x0e+258x1o,128x0e+32x1o,3,RealAgnosticResidualNonLinearInteractionBlock,RealAgnosticResidualInteractionBlock,18901186560,28370272256,NVIDIA GH200 120GB,0.130024547001085,664514.2608817397,0.6644899135797722
2744,433552,float64,True,2,3,258x0e+258x1o,128x0e+32x1o,3,RealAgnosticResidualNonLinearInteractionBlock,RealAgnosticResidualInteractionBlock,37718536704,56658755584,NVIDIA GH200 120GB,0.21066069999869796,410388.35883398546,0.4101381985369555
2744,433552,float32,True,1,3,258x0e+258x1o,128x0e+32x1o,3,RealAgnosticResidualInteractionBlock,RealAgnosticResidualNonLinearInteractionBlock,14162013696,14633926656,NVIDIA GH200 120GB,0.046535336499800906,1856509.6321278203,1.8566535991497484
2744,433552,float64,True,1,3,258x0e+258x1o,128x0e+32x1o,3,RealAgnosticResidualInteractionBlock,RealAgnosticResidualNonLinearInteractionBlock,28238905344,29150412800,NVIDIA GH200 120GB,0.07183989999612095,1201974.2705809022,1.2026742799567545
2744,433552,float32,True,2,3,258x0e+258x1o,128x0e+32x1o,3,RealAgnosticResidualInteractionBlock,RealAgnosticResidualNonLinearInteractionBlock,19002855936,27560771584,NVIDIA GH200 120GB,0.13029119550265023,662987.6841759868,0.6631299963645092
2744,433552,float64,True,2,3,258x0e+258x1o,128x0e+32x1o,3,RealAgnosticResidualInteractionBlock,RealAgnosticResidualNonLinearInteractionBlock,37925549568,55020879872,NVIDIA GH200 120GB,0.2108205354961683,409554.3730986921,0.4098272485488983
2744,433552,float32,True,1,3,258x0e+258x1o,128x0e+32x1o,3,RealAgnosticResidualNonLinearInteractionBlock,RealAgnosticResidualNonLinearInteractionBlock,14162008064,14633926656,NVIDIA GH200 120GB,0.04654220050360891,1855810.4321320986,1.8563797814695182
2744,433552,float64,True,1,3,258x0e+258x1o,128x0e+32x1o,3,RealAgnosticResidualNonLinearInteractionBlock,RealAgnosticResidualNonLinearInteractionBlock,28238899712,29150412800,NVIDIA GH200 120GB,0.0717872620007256,1199985.945704658,1.2035561406301678
2744,433552,float32,True,2,3,258x0e+258x1o,128x0e+32x1o,3,RealAgnosticResidualNonLinearInteractionBlock,RealAgnosticResidualNonLinearInteractionBlock,20663897600,30213668864,NVIDIA GH200 120GB,0.1452839789999416,595166.6767373581,0.594697368524266
2744,433552,float64,True,2,3,258x0e+258x1o,128x0e+32x1o,3,RealAgnosticResidualNonLinearInteractionBlock,RealAgnosticResidualNonLinearInteractionBlock,41245165568,57243860992,NVIDIA GH200 120GB,0.23888955800430267,361820.2017249348,0.361673405576161
2744,433552,float32,True,1,3,128x0e+128x1o,64x0e+128x1o,3,RealAgnosticResidualInteractionBlock,RealAgnosticResidualInteractionBlock,6688753664,9202302976,NVIDIA GH200 120GB,0.019740681502298685,4372693.174033045,4.3767485935041925
2744,433552,float64,True,1,3,128x0e+128x1o,64x0e+128x1o,3,RealAgnosticResidualInteractionBlock,RealAgnosticResidualInteractionBlock,13301538816,13511950336,NVIDIA GH200 120GB,0.025219939998351038,3423442.1239603055,3.425860648583982
2744,433552,float32,True,2,3,128x0e+128x1o,64x0e+128x1o,3,RealAgnosticResidualInteractionBlock,RealAgnosticResidualInteractionBlock,23646978560,29915873280,NVIDIA GH200 120GB,0.14548242450109683,594130.8214335846,0.593886170761119
2744,433552,float64,True,2,3,128x0e+128x1o,64x0e+128x1o,3,RealAgnosticResidualInteractionBlock,RealAgnosticResidualInteractionBlock,47211673600,59708014592,NVIDIA GH200 120GB,0.2576295229991956,335785.78699605487,0.33536529119090813
2744,433552,float32,True,1,3,128x0e+128x1o,64x0e+128x1o,3,RealAgnosticResidualNonLinearInteractionBlock,RealAgnosticResidualInteractionBlock,6689709056,6788481024,NVIDIA GH200 120GB,0.01979677700001048,4362553.540607768,4.364346782304729
2744,433552,float64,True,1,3,128x0e+128x1o,64x0e+128x1o,3,RealAgnosticResidualNonLinearInteractionBlock,RealAgnosticResidualInteractionBlock,13301534208,13511950336,NVIDIA GH200 120GB,0.025367135000124108,3399696.6818346097,3.4059817949318005
2744,433552,float32,True,2,3,128x0e+128x1o,64x0e+128x1o,3,RealAgnosticResidualNonLinearInteractionBlock,RealAgnosticResidualInteractionBlock,24827567616,31140610048,NVIDIA GH200 120GB,0.15513926700077718,556525.3686459935,0.5569189649424293
2744,433552,float64,True,2,3,128x0e+128x1o,64x0e+128x1o,3,RealAgnosticResidualNonLinearInteractionBlock,RealAgnosticResidualInteractionBlock,49570506240,62149099520,NVIDIA GH200 120GB,0.27794088950395235,310726.3224134503,0.31085746380894197
2744,433552,float32,True,1,3,128x0e+128x1o,64x0e+128x1o,3,RealAgnosticResidualInteractionBlock,RealAgnosticResidualNonLinearInteractionBlock,7835318784,8074035200,NVIDIA GH200 120GB,0.029830264997144695,2892958.995172202,2.896387276756344
2744,433552,float64,True,1,3,128x0e+128x1o,64x0e+128x1o,3,RealAgnosticResidualInteractionBlock,RealAgnosticResidualNonLinearInteractionBlock,15593200128,16080961536,NVIDIA GH200 120GB,0.0458096354996087,1884548.8642721837,1.8860660875753534
2744,433552,float32,True,2,3,128x0e+128x1o,64x0e+128x1o,3,RealAgnosticResidualInteractionBlock,RealAgnosticResidualNonLinearInteractionBlock,24873297408,31148998656,NVIDIA GH200 120GB,0.15440602500166278,559378.3497008929,0.5595636569173358
2744,433552,float64,True,2,3,128x0e+128x1o,64x0e+128x1o,3,RealAgnosticResidualInteractionBlock,RealAgnosticResidualNonLinearInteractionBlock,49662740992,62230888448,NVIDIA GH200 120GB,0.2774571760019171,311454.78183625906,0.31139940673007865
2744,433552,float32,True,1,3,128x0e+128x1o,64x0e+128x1o,3,RealAgnosticResidualNonLinearInteractionBlock,RealAgnosticResidualNonLinearInteractionBlock,7833314816,8088715264,NVIDIA GH200 120GB,0.029568192003353033,2918443.912048825,2.92205894733781
2744,433552,float64,True,1,3,128x0e+128x1o,64x0e+128x1o,3,RealAgnosticResidualNonLinearInteractionBlock,RealAgnosticResidualNonLinearInteractionBlock,15593379328,16091447296,NVIDIA GH200 120GB,0.045879665500251576,1881325.7648805808,1.8831872259296711
2744,433552,float32,True,2,3,128x0e+128x1o,64x0e+128x1o,3,RealAgnosticResidualNonLinearInteractionBlock,RealAgnosticResidualNonLinearInteractionBlock,26053940736,32386318336,NVIDIA GH200 120GB,0.1642257915045775,525797.2805164199,0.5261049388676063
2744,433552,float64,True,2,3,128x0e+128x1o,64x0e+128x1o,3,RealAgnosticResidualNonLinearInteractionBlock,RealAgnosticResidualNonLinearInteractionBlock,52020198400,64682459136,NVIDIA GH200 120GB,0.2981116384980851,289933.2229055688,0.28982431023254057
2744,433552,float32,True,1,3,258x0e+258x1o,128x0e+128x1o,3,RealAgnosticResidualInteractionBlock,RealAgnosticResidualInteractionBlock,12560846336,12746489856,NVIDIA GH200 120GB,0.0309639219995006,2788913.242693956,2.790344194814646
2744,433552,float64,True,1,3,258x0e+258x1o,128x0e+128x1o,3,RealAgnosticResidualInteractionBlock,RealAgnosticResidualInteractionBlock,25041723392,25463619584,NVIDIA GH200 120GB,0.04243488899373915,2026370.960918286,2.036060469316827
2744,433552,float32,True,2,3,258x0e+258x1o,128x0e+128x1o,3,RealAgnosticResidualInteractionBlock,RealAgnosticResidualInteractionBlock,19075976192,19434307584,NVIDIA GH200 120GB,0.06882230100018205,1254513.7338920515,1.2554070227871552
2744,433552,float64,True,2,3,258x0e+258x1o,128x0e+128x1o,3,RealAgnosticResidualInteractionBlock,RealAgnosticResidualInteractionBlock,38071604224,38786826240,NVIDIA GH200 120GB,0.0959955340003944,900091.980704162,0.900041870694162
2744,433552,float32,True,1,3,258x0e+258x1o,128x0e+128x1o,3,RealAgnosticResidualNonLinearInteractionBlock,RealAgnosticResidualInteractionBlock,12557462016,12777947136,NVIDIA GH200 120GB,0.03125545700095245,2759243.796364028,2.764317283774387
2744,433552,float64,True,1,3,258x0e+258x1o,128x0e+128x1o,3,RealAgnosticResidualNonLinearInteractionBlock,RealAgnosticResidualInteractionBlock,25040912896,25482493952,NVIDIA GH200 120GB,0.04229340050005703,2024362.8080695698,2.042871913311475
2744,433552,float32,True,2,3,258x0e+258x1o,128x0e+128x1o,3,RealAgnosticResidualNonLinearInteractionBlock,RealAgnosticResidualInteractionBlock,20735299072,21653094400,NVIDIA GH200 120GB,0.08282036000309745,1043022.9373430675,1.043221739156515
2744,433552,float64,True,2,3,258x0e+258x1o,128x0e+128x1o,3,RealAgnosticResidualNonLinearInteractionBlock,RealAgnosticResidualInteractionBlock,41384991744,43243274240,NVIDIA GH200 120GB,0.1252222699986305,688531.9277620448,0.6899731174091072
2744,433552,float32,True,1,3,258x0e+258x1o,128x0e+128x1o,3,RealAgnosticResidualInteractionBlock,RealAgnosticResidualNonLinearInteractionBlock,14162002432,14633926656,NVIDIA GH200 120GB,0.045581270002003293,1893043.507922104,1.895515416665721
2744,433552,float64,True,1,3,258x0e+258x1o,128x0e+128x1o,3,RealAgnosticResidualInteractionBlock,RealAgnosticResidualNonLinearInteractionBlock,28238894080,29150412800,NVIDIA GH200 120GB,0.07165320200147107,1206902.908004767,1.2058079413984342
2744,433552,float32,True,2,3,258x0e+258x1o,128x0e+128x1o,3,RealAgnosticResidualInteractionBlock,RealAgnosticResidualNonLinearInteractionBlock,20839083520,21288189952,NVIDIA GH200 120GB,0.0831242479980574,1038513.5203009793,1.0394078993895879
2744,433552,float64,True,2,3,258x0e+258x1o,128x0e+128x1o,3,RealAgnosticResidualInteractionBlock,RealAgnosticResidualNonLinearInteractionBlock,41595635200,42475716608,NVIDIA GH200 120GB,0.12561675100005232,687390.7195411172,0.6878063579272482
2744,433552,float32,True,1,3,258x0e+258x1o,128x0e+128x1o,3,RealAgnosticResidualNonLinearInteractionBlock,RealAgnosticResidualNonLinearInteractionBlock,14161996800,14633926656,NVIDIA GH200 120GB,0.045519832499849144,1894212.3632257096,1.8980737681819533
2744,433552,float64,True,1,3,258x0e+258x1o,128x0e+128x1o,3,RealAgnosticResidualNonLinearInteractionBlock,RealAgnosticResidualNonLinearInteractionBlock,28238888448,29150412800,NVIDIA GH200 120GB,0.07165653000265593,1205371.1046514828,1.2057519391016787
2744,433552,float32,True,2,3,258x0e+258x1o,128x0e+128x1o,3,RealAgnosticResidualNonLinearInteractionBlock,RealAgnosticResidualNonLinearInteractionBlock,22497385984,23496491008,NVIDIA GH200 120GB,0.09760730000562035,887084.0370879358,0.8851796945005649
2744,433552,float64,True,2,3,258x0e+258x1o,128x0e+128x1o,3,RealAgnosticResidualNonLinearInteractionBlock,RealAgnosticResidualNonLinearInteractionBlock,44909743104,46917484544,NVIDIA GH200 120GB,0.15390428349928698,560670.2984781964,0.5613878836608228
2744,433552,float32,True,1,3,258x0e+258x1o,258x0e+16x1o,3,RealAgnosticResidualInteractionBlock,RealAgnosticResidualInteractionBlock,12560846336,12746489856,NVIDIA GH200 120GB,0.030985874000180047,2788331.2062769085,2.7883673702248313
2744,433552,float64,True,1,3,258x0e+258x1o,258x0e+16x1o,3,RealAgnosticResidualInteractionBlock,RealAgnosticResidualInteractionBlock,25041723392,25463619584,NVIDIA GH200 120GB,0.042210416999296285,2036286.4165167785,2.0468880940323433
2744,433552,float32,True,2,3,258x0e+258x1o,258x0e+16x1o,3,RealAgnosticResidualInteractionBlock,RealAgnosticResidualInteractionBlock,25312714240,30469521408,NVIDIA GH200 120GB,0.14571403049558285,591593.5850839863,0.5929422150094127
2744,433552,float64,True,2,3,258x0e+258x1o,258x0e+16x1o,3,RealAgnosticResidualInteractionBlock,RealAgnosticResidualInteractionBlock,50541726720,60850962432,NVIDIA GH200 120GB,0.23863689100471674,362112.3271881162,0.3620563427399508
2744,433552,float32,True,1,3,258x0e+258x1o,258x0e+16x1o,3,RealAgnosticResidualNonLinearInteractionBlock,RealAgnosticResidualInteractionBlock,12557473280,12777947136,NVIDIA GH200 120GB,0.03153237649894436,2737532.8234742195,2.7400408593653736
2744,433552,float64,True,1,3,258x0e+258x1o,258x0e+16x1o,3,RealAgnosticResidualNonLinearInteractionBlock,RealAgnosticResidualInteractionBlock,25040912896,25482493952,NVIDIA GH200 120GB,0.04292910900039715,2004103.81812666,2.0126203877001196
2744,433552,float32,True,2,3,258x0e+258x1o,258x0e+16x1o,3,RealAgnosticResidualNonLinearInteractionBlock,RealAgnosticResidualInteractionBlock,26969577472,31813795840,NVIDIA GH200 120GB,0.16011516499929712,539562.1293156212,0.5396115976920692
2744,433552,float64,True,2,3,258x0e+258x1o,258x0e+16x1o,3,RealAgnosticResidualNonLinearInteractionBlock,RealAgnosticResidualInteractionBlock,53851864576,63547899904,NVIDIA GH200 120GB,0.26655762049995246,324022.8252838129,0.32413254529339336
2744,433552,float32,True,1,3,258x0e+258x1o,258x0e+16x1o,3,RealAgnosticResidualInteractionBlock,RealAgnosticResidualNonLinearInteractionBlock,14162013696,14633926656,NVIDIA GH200 120GB,0.04561755299801007,1893349.45593571,1.8940077738007768
2744,433552,float64,True,1,3,258x0e+258x1o,258x0e+16x1o,3,RealAgnosticResidualInteractionBlock,RealAgnosticResidualNonLinearInteractionBlock,28238905344,29150412800,NVIDIA GH200 120GB,0.07136140300281113,1213693.1877129837,1.2107385276126992
2744,433552,float32,True,2,3,258x0e+258x1o,258x0e+16x1o,3,RealAgnosticResidualInteractionBlock,RealAgnosticResidualNonLinearInteractionBlock,27074646016,32323403776,NVIDIA GH200 120GB,0.15993111200077692,540300.9995729369,0.5402325971420763
2744,433552,float64,True,2,3,258x0e+258x1o,258x0e+16x1o,3,RealAgnosticResidualInteractionBlock,RealAgnosticResidualNonLinearInteractionBlock,54066679808,64533561344,NVIDIA GH200 120GB,0.26732563649784424,323865.9154626876,0.3232013252896407
2744,433552,float32,True,1,3,258x0e+258x1o,258x0e+16x1o,3,RealAgnosticResidualNonLinearInteractionBlock,RealAgnosticResidualNonLinearInteractionBlock,14162008064,14633926656,NVIDIA GH200 120GB,0.0455074319979758,1895475.1285948919,1.8985909818827644
2744,433552,float64,True,1,3,258x0e+258x1o,258x0e+16x1o,3,RealAgnosticResidualNonLinearInteractionBlock,RealAgnosticResidualNonLinearInteractionBlock,28238899712,29150412800,NVIDIA GH200 120GB,0.07169988799432758,1208803.5720334859,1.2050228029203531
2744,433552,float32,True,2,3,258x0e+258x1o,258x0e+16x1o,3,RealAgnosticResidualNonLinearInteractionBlock,RealAgnosticResidualNonLinearInteractionBlock,28732899328,33661386752,NVIDIA GH200 120GB,0.17441047049942426,495306.12069524295,0.4953831025889309
2744,433552,float64,True,2,3,258x0e+258x1o,258x0e+16x1o,3,RealAgnosticResidualNonLinearInteractionBlock,RealAgnosticResidualNonLinearInteractionBlock,57374760960,67220013056,NVIDIA GH200 120GB,0.29428443150027306,293451.9395292242,0.29359351277785767
2744,433552,float32,True,1,3,258x0e+258x1o,128x0e+64x1o,3,RealAgnosticResidualInteractionBlock,RealAgnosticResidualInteractionBlock,12560846336,12746489856,NVIDIA GH200 120GB,0.031674845500674564,2726163.3893440766,2.7277165408165915
2744,433552,float64,True,1,3,258x0e+258x1o,128x0e+64x1o,3,RealAgnosticResidualInteractionBlock,RealAgnosticResidualInteractionBlock,25041723392,25463619584,NVIDIA GH200 120GB,0.04272184000001289,2005188.7062078326,2.022384803650169
2744,433552,float32,True,2,3,258x0e+258x1o,128x0e+64x1o,3,RealAgnosticResidualInteractionBlock,RealAgnosticResidualInteractionBlock,21294649856,31595692032,NVIDIA GH200 120GB,0.13469043350050924,640421.3515882252,0.6414709475240744
2744,433552,float64,True,2,3,258x0e+258x1o,128x0e+64x1o,3,RealAgnosticResidualInteractionBlock,RealAgnosticResidualInteractionBlock,42505491456,48786046976,NVIDIA GH200 120GB,0.22310728399679647,386744.6158880223,0.3872576388014324
2744,433552,float32,True,1,3,258x0e+258x1o,128x0e+64x1o,3,RealAgnosticResidualNonLinearInteractionBlock,RealAgnosticResidualInteractionBlock,12557473280,12777947136,NVIDIA GH200 120GB,0.031858095004281495,2707345.3007506863,2.712026566195765
2744,433552,float64,True,1,3,258x0e+258x1o,128x0e+64x1o,3,RealAgnosticResidualNonLinearInteractionBlock,RealAgnosticResidualInteractionBlock,25040912896,25482493952,NVIDIA GH200 120GB,0.04303620100472472,1997871.1149155449,2.007612149374305
2744,433552,float32,True,2,3,258x0e+258x1o,128x0e+64x1o,3,RealAgnosticResidualNonLinearInteractionBlock,RealAgnosticResidualInteractionBlock,22954476544,31371296768,NVIDIA GH200 120GB,0.1498843975023192,576025.1050876442,0.5764442559717606
2744,433552,float64,True,2,3,258x0e+258x1o,128x0e+64x1o,3,RealAgnosticResidualNonLinearInteractionBlock,RealAgnosticResidualInteractionBlock,45825947136,62673387520,NVIDIA GH200 120GB,0.25389689600342535,341250.4170654232,0.34029561353453636
2744,433552,float32,True,1,3,258x0e+258x1o,128x0e+64x1o,3,RealAgnosticResidualInteractionBlock,RealAgnosticResidualNonLinearInteractionBlock,14162013696,14633926656,NVIDIA GH200 120GB,0.04663920599705307,1850501.8803556445,1.8525186729263627
2744,433552,float64,True,1,3,258x0e+258x1o,128x0e+64x1o,3,RealAgnosticResidualInteractionBlock,RealAgnosticResidualNonLinearInteractionBlock,28238905344,29150412800,NVIDIA GH200 120GB,0.07192213799862657,1199546.8722648968,1.2012991048966024
2744,433552,float32,True,2,3,258x0e+258x1o,128x0e+64x1o,3,RealAgnosticResidualInteractionBlock,RealAgnosticResidualNonLinearInteractionBlock,23056932352,26287800320,NVIDIA GH200 120GB,0.15003746500224224,575873.5487290414,0.5758561703152529
2744,433552,float64,True,2,3,258x0e+258x1o,128x0e+64x1o,3,RealAgnosticResidualInteractionBlock,RealAgnosticResidualNonLinearInteractionBlock,46027972608,52470743040,NVIDIA GH200 120GB,0.2543155735002074,340585.7034795617,0.3397353878524059
2744,433552,float32,True,1,3,258x0e+258x1o,128x0e+64x1o,3,RealAgnosticResidualNonLinearInteractionBlock,RealAgnosticResidualNonLinearInteractionBlock,14162008064,14633926656,NVIDIA GH200 120GB,0.04622142950029229,1863248.0083245807,1.869262827525783
2744,433552,float64,True,1,3,258x0e+258x1o,128x0e+64x1o,3,RealAgnosticResidualNonLinearInteractionBlock,RealAgnosticResidualNonLinearInteractionBlock,28238899712,29150412800,NVIDIA GH200 120GB,0.0721622990022297,1199143.0879061646,1.1973011003617051
2744,433552,float32,True,2,3,258x0e+258x1o,128x0e+64x1o,3,RealAgnosticResidualNonLinearInteractionBlock,RealAgnosticResidualNonLinearInteractionBlock,24716790272,33214693376,NVIDIA GH200 120GB,0.16528125149852713,522262.5058232892,0.5227453157369755
2744,433552,float64,True,2,3,258x0e+258x1o,128x0e+64x1o,3,RealAgnosticResidualNonLinearInteractionBlock,RealAgnosticResidualNonLinearInteractionBlock,49350394880,64460161024,NVIDIA GH200 120GB,0.2800486309970438,308640.3716673627,0.3085178445343375
2744,433552,float32,True,1,3,258x0e+258x1o,258x0e+32x1o,3,RealAgnosticResidualInteractionBlock,RealAgnosticResidualInteractionBlock,12560846336,12746489856,NVIDIA GH200 120GB,0.030850549999740906,2799858.983033452,2.8005983686101423
2744,433552,float64,True,1,3,258x0e+258x1o,258x0e+32x1o,3,RealAgnosticResidualInteractionBlock,RealAgnosticResidualInteractionBlock,25041723392,25463619584,NVIDIA GH200 120GB,0.04244045700033894,2020707.6085201206,2.035793346883847
2744,433552,float32,True,2,3,258x0e+258x1o,258x0e+32x1o,3,RealAgnosticResidualInteractionBlock,RealAgnosticResidualInteractionBlock,26489666048,31132221440,NVIDIA GH200 120GB,0.15860033300123177,545317.4462232001,0.5447655648953081
2744,433552,float64,True,2,3,258x0e+258x1o,258x0e+32x1o,3,RealAgnosticResidualInteractionBlock,RealAgnosticResidualInteractionBlock,52898021888,62178459648,NVIDIA GH200 120GB,0.2564990700011549,336633.125978284,0.33684332656493055
2744,433552,float32,True,1,3,258x0e+258x1o,258x0e+32x1o,3,RealAgnosticResidualNonLinearInteractionBlock,RealAgnosticResidualInteractionBlock,12557473280,12777947136,NVIDIA GH200 120GB,0.03167638800368877,2724369.51453763,2.7275837128254197
2744,433552,float64,True,1,3,258x0e+258x1o,258x0e+32x1o,3,RealAgnosticResidualNonLinearInteractionBlock,RealAgnosticResidualInteractionBlock,25040912896,25482493952,NVIDIA GH200 120GB,0.04335589549737051,1983454.9971389885,1.992808567527802
2744,433552,float32,True,2,3,258x0e+258x1o,258x0e+32x1o,3,RealAgnosticResidualNonLinearInteractionBlock,RealAgnosticResidualInteractionBlock,28153844736,32474398720,NVIDIA GH200 120GB,0.17062670900122612,506343.5443743951,0.506368554523191
2744,433552,float64,True,2,3,258x0e+258x1o,258x0e+32x1o,3,RealAgnosticResidualNonLinearInteractionBlock,RealAgnosticResidualInteractionBlock,56219944960,64879591424,NVIDIA GH200 120GB,0.28422116550063947,304063.6634483075,0.3039886204386338
2744,433552,float32,True,1,3,258x0e+258x1o,258x0e+32x1o,3,RealAgnosticResidualInteractionBlock,RealAgnosticResidualNonLinearInteractionBlock,14162013696,14633926656,NVIDIA GH200 120GB,0.04540543099574279,1900705.5631875116,1.9028560704137103
2744,433552,float64,True,1,3,258x0e+258x1o,258x0e+32x1o,3,RealAgnosticResidualInteractionBlock,RealAgnosticResidualNonLinearInteractionBlock,28238905344,29150412800,NVIDIA GH200 120GB,0.0712982050026767,1214495.8354461452,1.2118117138679207
2744,433552,float32,True,2,3,258x0e+258x1o,258x0e+32x1o,3,RealAgnosticResidualInteractionBlock,RealAgnosticResidualNonLinearInteractionBlock,28252039168,32986103808,NVIDIA GH200 120GB,0.1711031444974651,504649.9480766498,0.5049585748628952
2744,433552,float64,True,2,3,258x0e+258x1o,258x0e+32x1o,3,RealAgnosticResidualInteractionBlock,RealAgnosticResidualNonLinearInteractionBlock,56421977088,65865252864,NVIDIA GH200 120GB,0.2848632290006208,302939.39743638627,0.3033034495294994
2744,433552,float32,True,1,3,258x0e+258x1o,258x0e+32x1o,3,RealAgnosticResidualNonLinearInteractionBlock,RealAgnosticResidualNonLinearInteractionBlock,14162008064,14633926656,NVIDIA GH200 120GB,0.045558821999293286,1892895.472928014,1.8964493858366278
2744,433552,float64,True,1,3,258x0e+258x1o,258x0e+32x1o,3,RealAgnosticResidualNonLinearInteractionBlock,RealAgnosticResidualNonLinearInteractionBlock,28238899712,29150412800,NVIDIA GH200 120GB,0.0721329939988209,1200079.771979719,1.1977875201105936
2744,433552,float32,True,2,3,258x0e+258x1o,258x0e+32x1o,3,RealAgnosticResidualNonLinearInteractionBlock,RealAgnosticResidualNonLinearInteractionBlock,29917608960,34321989632,NVIDIA GH200 120GB,0.1854954499976884,465765.6279658689,0.4657796188589892
2744,433552,float64,True,2,3,258x0e+258x1o,258x0e+32x1o,3,RealAgnosticResidualNonLinearInteractionBlock,RealAgnosticResidualNonLinearInteractionBlock,59741800960,68553801728,NVIDIA GH200 120GB,0.31489071149917436,274364.6208979638,0.2743809100899013
2744,433552,float32,True,1,3,258x0e+258x1o,64x0e+128x1o,3,RealAgnosticResidualInteractionBlock,RealAgnosticResidualInteractionBlock,12560846336,12746489856,NVIDIA GH200 120GB,0.03092476000165334,2793531.2022337033,2.793877785805962
2744,433552,float64,True,1,3,258x0e+258x1o,64x0e+128x1o,3,RealAgnosticResidualInteractionBlock,RealAgnosticResidualInteractionBlock,25041723392,25463619584,NVIDIA GH200 120GB,0.04197342399857007,2046141.461921005,2.058445363021693
2744,433552,float32,True,2,3,258x0e+258x1o,64x0e+128x1o,3,RealAgnosticResidualInteractionBlock,RealAgnosticResidualInteractionBlock,24850514944,38593888256,NVIDIA GH200 120GB,0.15977102600299986,540308.6154157423,0.5407738947509654
2744,433552,float64,True,2,3,258x0e+258x1o,64x0e+128x1o,3,RealAgnosticResidualInteractionBlock,RealAgnosticResidualInteractionBlock,49612242944,77099696128,NVIDIA GH200 120GB,0.2799262830048974,308533.4650427476,0.30865268910275356
2744,433552,float32,True,1,3,258x0e+258x1o,64x0e+128x1o,3,RealAgnosticResidualNonLinearInteractionBlock,RealAgnosticResidualInteractionBlock,12557473280,12777947136,NVIDIA GH200 120GB,0.03100191200064728,2784613.3182497653,2.786924883800589
2744,433552,float64,True,1,3,258x0e+258x1o,64x0e+128x1o,3,RealAgnosticResidualNonLinearInteractionBlock,RealAgnosticResidualInteractionBlock,25040912896,25482493952,NVIDIA GH200 120GB,0.04248918699886417,2031512.9193100068,2.0334585362226316
2744,433552,float32,True,2,3,258x0e+258x1o,64x0e+128x1o,3,RealAgnosticResidualNonLinearInteractionBlock,RealAgnosticResidualInteractionBlock,26510093312,40149975040,NVIDIA GH200 120GB,0.171623844995338,503395.8459689301,0.5034265489294159
2744,433552,float64,True,2,3,258x0e+258x1o,64x0e+128x1o,3,RealAgnosticResidualNonLinearInteractionBlock,RealAgnosticResidualInteractionBlock,52935463424,65882030080,NVIDIA GH200 120GB,0.3045179855034803,283182.4699682103,0.2837270838277385
2744,433552,float32,True,1,3,258x0e+258x1o,64x0e+128x1o,3,RealAgnosticResidualInteractionBlock,RealAgnosticResidualNonLinearInteractionBlock,14162013696,14633926656,NVIDIA GH200 120GB,0.04538588899958995,1903307.6496616418,1.9036753912825328
2744,433552,float64,True,1,3,258x0e+258x1o,64x0e+128x1o,3,RealAgnosticResidualInteractionBlock,RealAgnosticResidualNonLinearInteractionBlock,28238905344,29150412800,NVIDIA GH200 120GB,0.07071257799543673,1223431.1534837699,1.2218476889016212
2744,433552,float32,True,2,3,258x0e+258x1o,64x0e+128x1o,3,RealAgnosticResidualInteractionBlock,RealAgnosticResidualNonLinearInteractionBlock,26613268992,40447770624,NVIDIA GH200 120GB,0.1721177329964121,502548.32206367725,0.5019819776606114
2744,433552,float64,True,2,3,258x0e+258x1o,64x0e+128x1o,3,RealAgnosticResidualInteractionBlock,RealAgnosticResidualNonLinearInteractionBlock,53136027136,80784392192,NVIDIA GH200 120GB,0.30465459050174104,284057.47330043634,0.28359986257783387
2744,433552,float32,True,1,3,258x0e+258x1o,64x0e+128x1o,3,RealAgnosticResidualNonLinearInteractionBlock,RealAgnosticResidualNonLinearInteractionBlock,14162008064,14633926656,NVIDIA GH200 120GB,0.045256388002599124,1907145.1250759475,1.9091227517988834
2744,433552,float64,True,1,3,258x0e+258x1o,64x0e+128x1o,3,RealAgnosticResidualNonLinearInteractionBlock,RealAgnosticResidualNonLinearInteractionBlock,28238899712,29150412800,NVIDIA GH200 120GB,0.07072454599983757,1222906.4797991654,1.2216409278922544
2744,433552,float32,True,2,3,258x0e+258x1o,64x0e+128x1o,3,RealAgnosticResidualNonLinearInteractionBlock,RealAgnosticResidualNonLinearInteractionBlock,28275164160,41993371648,NVIDIA GH200 120GB,0.18637423949985532,463117.98300141684,0.46358338057801746
2744,433552,float64,True,2,3,258x0e+258x1o,64x0e+128x1o,3,RealAgnosticResidualNonLinearInteractionBlock,RealAgnosticResidualNonLinearInteractionBlock,56458683904,69575114752,NVIDIA GH200 120GB,0.33338508649831056,259251.45337711222,0.25915976298609217
2744,433552,float32,True,1,3,258x0e+258x1o,258x0e+128x1o,3,RealAgnosticResidualInteractionBlock,RealAgnosticResidualInteractionBlock,12560846336,12746489856,NVIDIA GH200 120GB,0.03126717350096442,2763979.6039433763,2.7632814330766116
2744,433552,float64,True,1,3,258x0e+258x1o,258x0e+128x1o,3,RealAgnosticResidualInteractionBlock,RealAgnosticResidualInteractionBlock,25041723392,25463619584,NVIDIA GH200 120GB,0.04248023149557412,1832290.6700113602,2.0338872213773542
2744,433552,float32,True,2,3,258x0e+258x1o,258x0e+128x1o,3,RealAgnosticResidualInteractionBlock,RealAgnosticResidualInteractionBlock,38647605248,44935675904,NVIDIA GH200 120GB,0.2201582214984228,392338.53635199723,0.39244503072359244
2744,433552,float64,True,2,3,258x0e+258x1o,258x0e+128x1o,3,RealAgnosticResidualInteractionBlock,RealAgnosticResidualInteractionBlock,77212230656,89776979968,NVIDIA GH200 120GB,0.3899096235036268,221396.96155937915,0.2215898115661573
2744,433552,float32,True,1,3,258x0e+258x1o,258x0e+128x1o,3,RealAgnosticResidualNonLinearInteractionBlock,RealAgnosticResidualInteractionBlock,12557473280,12777947136,NVIDIA GH200 120GB,0.03140709150102339,2746170.007373588,2.750971066428889
2744,433552,float64,True,1,3,258x0e+258x1o,258x0e+128x1o,3,RealAgnosticResidualNonLinearInteractionBlock,RealAgnosticResidualInteractionBlock,25040912896,25482493952,NVIDIA GH200 120GB,0.04264211749614333,2017056.9676000117,2.026165797414124
2744,433552,float32,True,2,3,258x0e+258x1o,258x0e+128x1o,3,RealAgnosticResidualNonLinearInteractionBlock,RealAgnosticResidualInteractionBlock,40314570240,52762247168,NVIDIA GH200 120GB,0.23580199299976812,366456.37868984725,0.36640911682237126
2744,433552,float32,True,1,3,258x0e+258x1o,258x0e+128x1o,3,RealAgnosticResidualInteractionBlock,RealAgnosticResidualNonLinearInteractionBlock,33697848320,34435235840,NVIDIA GH200 120GB,0.04570115450042067,1887779.6008217332,1.8905430496116833
2744,433552,float64,True,1,3,258x0e+258x1o,258x0e+128x1o,3,RealAgnosticResidualInteractionBlock,RealAgnosticResidualNonLinearInteractionBlock,28239043072,29152509952,NVIDIA GH200 120GB,0.07118528499995591,1207866.9886824617,1.2137339901083983
2744,433552,float32,True,2,3,258x0e+258x1o,258x0e+128x1o,3,RealAgnosticResidualInteractionBlock,RealAgnosticResidualNonLinearInteractionBlock,40409691136,46776975360,NVIDIA GH200 120GB,0.23586730350143625,366387.48821567773,0.3663076599316526
2744,433552,float64,True,2,3,258x0e+258x1o,258x0e+128x1o,3,RealAgnosticResidualInteractionBlock,RealAgnosticResidualNonLinearInteractionBlock,80734504960,93467967488,NVIDIA GH200 120GB,0.4197743399963656,205714.00310248663,0.2058248724796948
2744,433552,float32,True,1,3,258x0e+258x1o,258x0e+128x1o,3,RealAgnosticResidualNonLinearInteractionBlock,RealAgnosticResidualNonLinearInteractionBlock,14162016256,14633926656,NVIDIA GH200 120GB,0.0457076060010877,1887477.7947994715,1.890276204751217
2744,433552,float64,True,1,3,258x0e+258x1o,258x0e+128x1o,3,RealAgnosticResidualNonLinearInteractionBlock,RealAgnosticResidualNonLinearInteractionBlock,28238907904,29150412800,NVIDIA GH200 120GB,0.07170348500221735,1204361.9335142358,1.2049623529083444
2744,433552,float32,True,2,3,258x0e+258x1o,258x0e+128x1o,3,RealAgnosticResidualNonLinearInteractionBlock,RealAgnosticResidualNonLinearInteractionBlock,42076068352,54607740928,NVIDIA GH200 120GB,0.2500870194999152,345379.88301145204,0.34547974610105386
2744,433552,float32,True,1,3,258x0e+258x1o,258x0e+64x1o,3,RealAgnosticResidualInteractionBlock,RealAgnosticResidualInteractionBlock,12560846336,12746489856,NVIDIA GH200 120GB,0.03177796000454691,2616676.11185978,2.718865527794659
2744,433552,float64,True,1,3,258x0e+258x1o,258x0e+64x1o,3,RealAgnosticResidualInteractionBlock,RealAgnosticResidualInteractionBlock,25041723392,25463619584,NVIDIA GH200 120GB,0.04288633249598206,2006656.7334404234,2.014627853946118
2744,433552,float32,True,2,3,258x0e+258x1o,258x0e+64x1o,3,RealAgnosticResidualInteractionBlock,RealAgnosticResidualInteractionBlock,30541913600,35597058048,NVIDIA GH200 120GB,0.17783929600045667,485983.9705771104,0.48583188273405076
2744,433552,float64,True,2,3,258x0e+258x1o,258x0e+64x1o,3,RealAgnosticResidualInteractionBlock,RealAgnosticResidualInteractionBlock,61002745856,77368131584,NVIDIA GH200 120GB,0.2983001035026973,289857.6186128883,0.2896412002056806
2744,433552,float32,True,1,3,258x0e+258x1o,258x0e+64x1o,3,RealAgnosticResidualNonLinearInteractionBlock,RealAgnosticResidualInteractionBlock,12557473280,12777947136,NVIDIA GH200 120GB,0.031492688998696394,2738925.572852887,2.7434938948394163
2744,433552,float64,True,1,3,258x0e+258x1o,258x0e+64x1o,3,RealAgnosticResidualNonLinearInteractionBlock,RealAgnosticResidualInteractionBlock,25040912896,25482493952,NVIDIA GH200 120GB,0.043195174002903514,1996603.061350856,2.000223450753835
2744,433552,float32,True,2,3,258x0e+258x1o,258x0e+64x1o,3,RealAgnosticResidualNonLinearInteractionBlock,RealAgnosticResidualInteractionBlock,32205977088,40080769024,NVIDIA GH200 120GB,0.19151112049803487,451036.1448440169,0.45114873629955377
2744,433552,float64,True,2,3,258x0e+258x1o,258x0e+64x1o,3,RealAgnosticResidualNonLinearInteractionBlock,RealAgnosticResidualInteractionBlock,64328395264,80054583296,NVIDIA GH200 120GB,0.3271547994991124,251949.68559492638,0.2640951626944859
2744,433552,float32,True,1,3,258x0e+258x1o,258x0e+64x1o,3,RealAgnosticResidualInteractionBlock,RealAgnosticResidualNonLinearInteractionBlock,14162013696,14633926656,NVIDIA GH200 120GB,0.04606516049898346,1862896.68439135,1.875604015357911
2744,433552,float64,True,1,3,258x0e+258x1o,258x0e+64x1o,3,RealAgnosticResidualInteractionBlock,RealAgnosticResidualNonLinearInteractionBlock,28238905344,29150412800,NVIDIA GH200 120GB,0.07150335599726532,1203800.3710535062,1.2083348927469142
2744,433552,float32,True,2,3,258x0e+258x1o,258x0e+64x1o,3,RealAgnosticResidualInteractionBlock,RealAgnosticResidualNonLinearInteractionBlock,32304323072,37450940416,NVIDIA GH200 120GB,0.19231900199883967,449153.24028527254,0.44925357922001535
2744,433552,float64,True,2,3,258x0e+258x1o,258x0e+64x1o,3,RealAgnosticResidualInteractionBlock,RealAgnosticResidualNonLinearInteractionBlock,64527258112,74792828928,NVIDIA GH200 120GB,0.3272786454981542,263938.0528786186,0.26399522605115183
2744,433552,float32,True,1,3,258x0e+258x1o,258x0e+64x1o,3,RealAgnosticResidualNonLinearInteractionBlock,RealAgnosticResidualNonLinearInteractionBlock,14162008064,14633926656,NVIDIA GH200 120GB,0.046606909498223104,1847222.1939838752,1.8538023853157228
2744,433552,float64,True,1,3,258x0e+258x1o,258x0e+64x1o,3,RealAgnosticResidualNonLinearInteractionBlock,RealAgnosticResidualNonLinearInteractionBlock,28238899712,29150412800,NVIDIA GH200 120GB,0.07201915599580389,1202040.824921775,1.1996808183233083
2744,433552,float32,True,2,3,258x0e+258x1o,258x0e+64x1o,3,RealAgnosticResidualNonLinearInteractionBlock,RealAgnosticResidualNonLinearInteractionBlock,33968300544,41928359936,NVIDIA GH200 120GB,0.20582355100123095,420003.903116644,0.419777035133765
2744,433552,float64,True,2,3,258x0e+258x1o,258x0e+64x1o,3,RealAgnosticResidualNonLinearInteractionBlock,RealAgnosticResidualNonLinearInteractionBlock,67850940928,83739279360,NVIDIA GH200 120GB,0.3546877820044756,243725.81263213255,0.24359451997957396

